Date,ABCB,ALLY,AMTB,ASB,AUB,AX,AXP,BAC,BANC,BANF,BHB,BKU,BNY,BOH,BOKF,BRBS,C,CASH,CFFI,CFFN,CFG,CFR,CIVB,COF,CUBI,EWBC,FBK,FFIN,FHN,FITB,FNB,FULT,GBCI,HBAN,HOMB,HTH,KEY,MTB,NTB,ONB,PB,PNC,PNFP,RF,SCHW,SFBS,SSB,STT,SYF,TBBK,TCBI,TRMK,UBSI,USB,VLY,WAL,WBS,WFC,WSBC,WTFC,ZION
2021-10-14,49.685184478759766,45.35184097290039,23.922927856445312,18.178659439086914,31.3114013671875,54.779998779296875,161.7977294921875,40.08055877685547,17.479827880859375,58.452964782714844,23.668561935424805,35.92538070678711,49.58843231201172,67.2550277709961,83.82450866699219,13.731013298034668,59.993412017822266,59.22561264038086,45.08036804199219,8.682994842529297,39.280330657958984,106.90264892578125,21.634675979614258,152.55551147460938,44.400001525878906,72.57661437988281,41.855865478515625,43.40632629394531,14.300858497619629,36.23203659057617,10.165124893188477,13.332762718200684,46.71735382080078,13.002880096435547,20.840330123901367,30.692174911499023,18.367557525634766,129.8882598876953,30.246707916259766,14.839621543884277,63.107051849365234,169.5970001220703,96.5914306640625,18.167898178100586,73.27128601074219,70.02435302734375,68.97156524658203,78.80107116699219,44.545799255371094,29.540000915527344,60.7376594543457,28.957765579223633,30.07139015197754,48.67497634887695,11.092143058776855,102.565673828125,49.1998176574707,40.34461212158203,30.146263122558594,76.88959503173828,53.05497741699219
2021-10-15,48.83796691894531,46.78345489501953,24.275829315185547,18.18695831298828,31.294649124145508,54.22999954223633,165.8542022705078,41.236637115478516,16.989320755004883,58.5540885925293,23.61876678466797,35.763545989990234,50.105613708496094,67.56358337402344,84.42198181152344,14.142256736755371,61.25600051879883,59.727027893066406,44.45520782470703,8.653782844543457,39.419681549072266,107.31919860839844,21.711912155151367,154.7334747314453,45.540000915527344,73.21327209472656,41.939579010009766,43.1710090637207,14.283855438232422,36.40739059448242,10.156659126281738,13.193195343017578,46.52755355834961,13.059553146362305,20.866477966308594,30.456628799438477,18.217195510864258,129.9828338623047,30.635705947875977,14.735908508300781,62.65502166748047,166.77456665039062,94.35942077636719,18.422517776489258,75.88847351074219,69.55401611328125,68.76728820800781,79.67752838134766,45.09397506713867,29.81999969482422,60.08896255493164,28.705812454223633,29.889995574951172,48.79649353027344,11.051569938659668,103.15187072753906,49.01915740966797,43.07817077636719,29.82332420349121,77.5638198852539,52.631492614746094
2021-10-18,48.602622985839844,46.749366760253906,24.647300720214844,18.162063598632812,30.767213821411133,53.22999954223633,166.8070068359375,41.15660858154297,16.712854385375977,58.02086639404297,23.328304290771484,35.84020233154297,50.32476043701172,68.12384033203125,84.02960968017578,14.370726585388184,60.679779052734375,60.46440124511719,44.715702056884766,8.580755233764648,39.65739440917969,107.37126922607422,21.366735458374023,155.45025634765625,46.52000045776367,74.3273696899414,42.21862030029297,43.1076545715332,14.224343299865723,36.78315353393555,10.266690254211426,13.16856575012207,46.82088851928711,13.108136177062988,20.58756446838379,30.501934051513672,18.233028411865234,129.73341369628906,31.11203384399414,14.779123306274414,63.06439971923828,168.2067413330078,95.47543334960938,18.537506103515625,75.56013488769531,70.83589172363281,68.12772369384766,81.44755554199219,45.83984375,29.65999984741211,60.60791778564453,28.618925094604492,29.69209861755371,49.08005905151367,10.937973022460938,105.18096923828125,49.07938003540039,44.01310729980469,29.629566192626953,77.60078430175781,52.70772933959961
2021-10-19,48.92268371582031,46.57894515991211,24.74945640563965,18.402677536010742,30.85930633544922,53.09000015258789,167.26919555664062,41.3344612121582,16.543407440185547,58.02086639404297,23.361501693725586,36.087196350097656,50.535152435302734,69.11444854736328,84.60032653808594,14.248873710632324,60.806880950927734,59.68769454956055,45.27138137817383,8.588059425354004,40.247589111328125,109.25453186035156,21.142366409301758,156.0291748046875,46.220001220703125,74.55726623535156,41.98607635498047,43.53303146362305,14.470906257629395,36.68295669555664,10.435969352722168,13.135727882385254,46.50167465209961,13.229580879211426,20.7967529296875,30.837121963500977,18.359643936157227,130.4215087890625,30.810359954833984,15.168044090270996,63.68704605102539,173.22348022460938,93.97166442871094,18.742835998535156,76.48878479003906,73.27979278564453,68.88274383544922,83.39802551269531,47.05301284790039,29.889999389648438,61.36639404296875,28.6536808013916,29.889995574951172,49.703880310058594,10.970430374145508,105.94755554199219,49.07938003540039,44.82337951660156,29.556909561157227,78.14570617675781,53.57164001464844
2021-10-20,50.19352340698242,47.558921813964844,24.814468383789062,19.00006103515625,31.512325286865234,53.560001373291016,169.4295654296875,41.87693786621094,17.024993896484375,59.243621826171875,23.793045043945312,37.194435119628906,51.99028015136719,69.78836822509766,88.85396575927734,14.064920425415039,60.85772705078125,60.42506408691406,46.018096923828125,8.675691604614258,41.7066650390625,112.21390533447266,21.556577682495117,159.20875549316406,47.20000076293945,75.84821319580078,42.776702880859375,44.61908721923828,14.683462142944336,38.0691032409668,10.37672233581543,14.014175415039062,48.028724670410156,13.521053314208984,21.555055618286133,31.271961212158203,18.771150588989258,137.96434020996094,31.41370391845703,15.358189582824707,65.02609252929688,178.22344970703125,95.10657501220703,19.31777000427246,76.53571319580078,73.73168182373047,70.90792083740234,85.38288879394531,46.67558288574219,30.899999618530273,63.16277313232422,29.201038360595703,30.376474380493164,50.70038986206055,11.24631404876709,107.34537506103516,50.42143249511719,44.66311264038086,30.00094223022461,84.80484008789062,55.13855743408203
2021-10-21,50.47593688964844,45.1387939453125,24.610153198242188,18.917089462280273,31.219303131103516,53.0,167.42018127441406,41.64572525024414,17.613601684570312,59.28957748413086,23.568973541259766,36.11275863647461,52.36721420288086,69.60162353515625,89.14823913574219,13.988271713256836,59.7476692199707,60.533226013183594,45.61869430541992,8.639180183410645,40.54268264770508,111.96223449707031,21.418506622314453,152.2614288330078,47.70000076293945,75.45918273925781,42.80459976196289,44.347572326660156,14.385881423950195,37.64324188232422,10.215907096862793,13.69399356842041,48.356563568115234,13.351024627685547,21.39816665649414,31.145130157470703,18.818635940551758,137.40525817871094,31.3978214263916,15.219902038574219,64.4802474975586,178.16476440429688,93.34744262695312,19.120651245117188,77.14544677734375,72.78179168701172,70.5970458984375,84.32601928710938,44.11444854736328,31.760000228881836,59.73966979980469,29.070707321166992,30.392974853515625,50.37631607055664,11.051569938659668,107.53475952148438,49.43211364746094,44.81447982788086,29.879846572875977,84.241455078125,54.689659118652344
2021-10-22,51.21962356567383,43.20439529418945,24.703025817871094,18.76774787902832,30.89279556274414,53.16999816894531,176.4860076904297,42.30379867553711,17.88115119934082,59.0137825012207,24.34907341003418,35.21845626831055,52.34090805053711,70.20247650146484,90.78907012939453,13.919288635253906,60.47642135620117,60.926483154296875,45.714202880859375,8.675691604614258,41.214839935302734,113.95830535888672,21.642881393432617,154.2371826171875,47.869998931884766,74.84021759033203,43.5021858215332,46.193885803222656,14.504916191101074,37.98560333251953,10.292081832885742,13.808931350708008,49.23655700683594,13.504860877990723,21.37201499938965,31.416900634765625,19.024389266967773,137.50851440429688,31.58041763305664,15.358189582824707,64.78729248046875,180.9705352783203,92.95022583007812,19.785930633544922,78.37428283691406,72.91090393066406,70.63258361816406,85.40866088867188,44.20431137084961,31.829999923706055,60.41830062866211,29.409547805786133,30.590866088867188,50.83001708984375,11.19762897491455,110.04185485839844,50.0171012878418,45.10832214355469,30.11397361755371,85.05421447753906,56.23115539550781
2021-10-25,51.737369537353516,43.766815185546875,25.0373477935791,19.033245086669922,31.252796173095703,52.90999984741211,171.9861297607422,42.25043487548828,18.478673934936523,59.455074310302734,24.896800994873047,35.95092010498047,52.069183349609375,71.20932006835938,91.77889251708984,14.17989444732666,60.01884078979492,61.7326774597168,45.77497863769531,8.653782844543457,41.23942565917969,114.2620620727539,21.772319793701172,155.00912475585938,47.84000015258789,74.36273193359375,43.43708419799805,45.89521789550781,14.42839527130127,38.06075668334961,10.249763488769531,13.800722122192383,48.14950942993164,13.472474098205566,21.37201499938965,31.74303436279297,19.04813003540039,136.75160217285156,31.675691604614258,15.617466926574707,64.27555084228516,181.37249755859375,94.15135955810547,19.8927059173584,77.75517272949219,73.75013732910156,69.9930419921875,84.72127532958984,43.93471908569336,32.310001373291016,59.46023178100586,29.452993392944336,30.8877010345459,50.65177917480469,11.303112983703613,106.90349578857422,50.56768798828125,45.072696685791016,30.428836822509766,85.07270050048828,56.00249099731445
2021-10-26,51.050167083740234,42.9146614074707,24.712308883666992,19.041545867919922,30.85930633544922,52.83000183105469,170.703125,42.6506233215332,18.60352897644043,58.977012634277344,24.548246383666992,35.26103591918945,51.80620193481445,71.30674743652344,90.35211181640625,13.972944259643555,59.86631393432617,60.64136505126953,45.7402458190918,8.602664947509766,40.673828125,113.1164779663086,21.660139083862305,151.489501953125,47.7400016784668,73.3370361328125,42.851097106933594,46.16673278808594,14.266849517822266,37.40108108520508,10.207444190979004,13.579059600830078,47.89931106567383,13.334834098815918,21.136680603027344,31.20855140686035,18.90568733215332,133.63816833496094,31.477222442626953,15.496471405029297,64.8128890991211,180.96212768554688,93.5744400024414,19.7777156829834,77.91462707519531,73.66712951660156,68.91827392578125,84.43772888183594,43.9886360168457,31.34000015258789,59.87938690185547,29.131526947021484,30.59910011291504,50.58696746826172,11.270655632019043,106.88545227050781,49.707393646240234,45.081607818603516,30.130125045776367,84.23222351074219,55.29948806762695
2021-10-27,49.49692153930664,40.30706024169922,24.610153198242188,18.3197078704834,29.109556198120117,51.040000915527344,167.94847106933594,41.83247375488281,17.87223243713379,58.241519927978516,24.1416015625,34.273048400878906,51.23641586303711,68.22940063476562,88.36351776123047,13.942283630371094,59.57819366455078,58.09497833251953,44.77647018432617,8.434701919555664,39.026222229003906,110.85137176513672,20.762664794921875,140.14044189453125,45.810001373291016,70.01237487792969,41.539615631103516,44.21181106567383,14.181827545166016,36.10678482055664,9.76732063293457,13.111095428466797,46.17383575439453,12.930010795593262,20.212766647338867,30.601585388183594,18.430870056152344,128.24551391601562,30.0006046295166,14.84826374053955,63.00470733642578,178.3155975341797,90.15074920654297,19.1945743560791,76.12297058105469,72.4682388305664,66.01375579833984,82.69345092773438,41.94872283935547,30.459999084472656,58.07302474975586,26.95079803466797,29.098421096801758,48.83699417114258,10.889288902282715,103.03462219238281,47.505062103271484,44.56515884399414,27.885698318481445,81.76620483398438,53.25825500488281
2021-10-28,50.50417709350586,40.84392547607422,24.777324676513672,19.107921600341797,29.62862205505371,52.11000061035156,164.72210693359375,42.49055099487305,18.273555755615234,59.455074310302734,24.29097557067871,35.1673469543457,52.104244232177734,69.1387939453125,90.57503509521484,13.91162395477295,60.061187744140625,54.16232681274414,44.715702056884766,8.580755233764648,39.58823776245117,114.1318588256836,20.900737762451172,140.14044189453125,51.2599983215332,70.83468627929688,42.39533233642578,45.596553802490234,14.61544418334961,36.73305892944336,9.99584674835205,13.357391357421875,47.373043060302734,12.88952922821045,20.465534210205078,31.55278968811035,18.597057342529297,127.35105895996094,28.166748046875,15.029762268066406,64.04524993896484,178.43283081054688,92.24089813232422,19.498464584350586,76.91093444824219,74.25736236572266,68.56297302246094,84.91030883789062,42.11945343017578,31.860000610351562,61.12687301635742,27.602407455444336,30.07139015197754,49.36360549926758,11.002886772155762,104.73005676269531,48.408363342285156,45.73160934448242,28.127906799316406,83.27167510986328,53.24978256225586
2021-10-29,49.318058013916016,40.89531707763672,24.656587600708008,18.485647201538086,30.030473709106445,53.0,163.9391632080078,42.49055099487305,18.130861282348633,59.76765441894531,24.64783477783203,34.54559326171875,52.19239807128906,68.61103057861328,90.21833801269531,14.064920425415039,59.028465270996094,54.50644302368164,44.42916488647461,8.85826301574707,39.1584587097168,112.38749694824219,20.762664794921875,138.7895965576172,53.290000915527344,70.5683364868164,42.162803649902344,45.90427017211914,14.42839527130127,36.348941802978516,9.860424041748047,13.21782398223877,47.70087814331055,12.743795394897461,20.709585189819336,32.10539245605469,18.415040969848633,126.53395080566406,28.50017547607422,14.761833190917969,64.2329330444336,176.74102783203125,91.33297729492188,19.449186325073242,76.94847106933594,74.06367492675781,69.36239624023438,84.6783218383789,41.93888473510742,30.549999237060547,60.478179931640625,27.637161254882812,30.50016975402832,48.909912109375,10.75946044921875,104.69397735595703,48.141666412353516,45.553524017333984,28.071388244628906,81.73847961425781,53.35143280029297
2021-11-01,50.71126937866211,42.171695709228516,25.3902530670166,19.00006103515625,31.529071807861328,53.91999816894531,164.3447723388672,42.55279541015625,18.772974014282227,61.92814254760742,25.29515266418457,35.88278579711914,52.91533660888672,70.34050750732422,94.23121643066406,14.417500495910645,59.412532806396484,56.679229736328125,45.1324577331543,9.033529281616211,39.65435028076172,117.43844604492188,21.65151023864746,140.60911560058594,55.060001373291016,73.1343002319336,43.2231559753418,47.216590881347656,14.734477996826172,37.13386154174805,10.317473411560059,13.677573204040527,49.133026123046875,12.913820266723633,21.711942672729492,33.24683380126953,18.684104919433594,131.34178161621094,29.41313362121582,15.254473686218262,66.81722259521484,176.41439819335938,94.43507385253906,19.8352108001709,76.79837036132812,74.59857177734375,73.5015640258789,85.34852600097656,42.769535064697266,31.040000915527344,63.172752380371094,28.697118759155273,31.712249755859375,49.24208450317383,11.449170112609863,108.20213317871094,50.0687255859375,46.043251037597656,28.507349014282227,84.76789855957031,54.3678092956543
2021-11-02,49.86404800415039,42.060325622558594,24.842327117919922,18.72626304626465,31.060232162475586,55.380001068115234,163.3636932373047,42.57948303222656,18.541105270385742,60.76974868774414,25.062782287597656,35.32065200805664,52.835994720458984,68.88709259033203,94.38282775878906,14.333189010620117,58.550498962402344,56.797218322753906,45.45372009277344,8.902078628540039,39.02622604370117,118.32360076904297,21.099220275878906,139.59829711914062,56.04999923706055,72.7791519165039,42.47904968261719,47.243751525878906,14.48791217803955,36.74140548706055,10.232834815979004,13.505168914794922,48.71027374267578,12.800470352172852,21.52890968322754,33.14719009399414,18.62079429626465,132.29647827148438,29.59572410583496,15.116189956665039,65.71697235107422,175.962158203125,94.17972564697266,19.67915916442871,76.7045669555664,75.1980209350586,71.5119400024414,85.44303894042969,42.778564453125,30.540000915527344,61.80550765991211,28.384342193603516,30.9783992767334,49.30690383911133,11.319341659545898,107.30030822753906,49.47511672973633,45.67818069458008,28.402402877807617,84.67552947998047,54.14759063720703
2021-11-03,51.106651306152344,42.8826904296875,25.35310173034668,19.124515533447266,31.27790641784668,57.83000183105469,162.83538818359375,43.01522445678711,18.915666580200195,61.76267623901367,25.41133689880371,36.48751449584961,52.977046966552734,70.71401977539062,96.64785766601562,14.425166130065918,58.89189529418945,59.00932312011719,44.61150360107422,9.084647178649902,40.059322357177734,120.58004760742188,21.530696868896484,141.427001953125,58.27000045776367,74.19087982177734,43.883544921875,48.03114318847656,14.853509902954102,37.32592010498047,10.571393966674805,13.866399765014648,49.9267578125,13.124327659606934,22.348224639892578,34.234283447265625,18.95316505432129,137.03546142578125,30.627765655517578,15.57425594329834,66.56987762451172,178.1396942138672,95.48489379882812,20.295156478881836,78.16793060302734,77.83558654785156,72.76434326171875,85.58050537109375,43.518924713134766,32.0,63.891300201416016,29.40086555480957,31.638038635253906,50.09276580810547,11.505969047546387,110.72726440429688,50.92900085449219,46.30146408081055,29.0805721282959,86.32878112792969,55.714508056640625
2021-11-04,50.48535919189453,42.11172866821289,25.241661071777344,18.800931930541992,30.290006637573242,58.40999984741211,162.7599334716797,42.090370178222656,18.888916015625,61.312191009521484,25.34494400024414,35.567649841308594,52.06897735595703,69.47984313964844,95.99688720703125,14.317858695983887,57.18488311767578,59.07814407348633,44.924076080322266,8.978029251098633,39.53037643432617,115.5030746459961,21.366735458374023,141.02267456054688,57.900001525878906,73.84458923339844,43.4091796875,47.65102005004883,14.572935104370117,36.72469711303711,10.292081832885742,13.554427146911621,49.61616516113281,12.75189208984375,22.330793380737305,33.93532943725586,18.62079429626465,132.5974578857422,30.476926803588867,15.392755508422852,65.154052734375,173.96047973632812,93.41944122314453,19.933773040771484,76.40438842773438,77.35603332519531,72.142578125,82.94263458251953,43.32932662963867,31.770000457763672,61.935245513916016,28.949079513549805,31.027873992919922,48.83699417114258,11.384254455566406,106.83132934570312,49.75041580200195,45.24671936035156,28.46698760986328,84.86949920654297,54.4525032043457
2021-11-05,51.8597412109375,42.36014938354492,26.97829818725586,19.091325759887695,30.809083938598633,60.189998626708984,166.684326171875,41.77022171020508,19.165380477905273,62.60848617553711,26.199735641479492,36.708953857421875,51.85737991333008,70.93324279785156,97.47718811035156,13.903961181640625,57.17634201049805,61.0051383972168,45.9399528503418,9.13979434967041,39.497314453125,117.24748229980469,21.789579391479492,142.31837463378906,59.2400016784668,73.92452239990234,44.22962188720703,48.51986312866211,14.725974082946777,36.80820083618164,10.53753662109375,13.858190536499023,51.30714416503906,12.832854270935059,22.94092559814453,34.48793411254883,18.739501953125,133.3887176513672,31.183475494384766,15.798968315124512,66.40782165527344,173.44960021972656,94.11109161376953,19.96662139892578,76.12297058105469,79.13592529296875,73.34168243408203,82.20368194580078,44.412776947021484,32.689998626708984,62.743614196777344,29.38349151611328,31.596811294555664,49.169166564941406,11.684483528137207,105.87539672851562,50.49885559082031,45.08583068847656,28.999835968017578,86.04246520996094,54.8929328918457
2021-11-08,52.000938415527344,42.248779296875,27.841978073120117,18.966869354248047,31.18581199645996,60.189998626708984,169.8540802001953,42.0992546081543,19.316991806030273,62.507354736328125,26.332515716552734,36.58971405029297,51.99844741821289,70.83580780029297,97.51286315917969,14.21821403503418,58.422454833984375,62.420894622802734,45.306114196777344,9.286856651306152,39.596492767333984,117.65538787841797,21.910390853881836,142.9156951904297,58.9900016784668,73.93339538574219,44.248268127441406,48.601322174072266,14.691967010498047,36.95851516723633,10.503680229187012,13.907450675964355,51.100074768066406,12.897628784179688,22.958358764648438,34.47887420654297,18.75533103942871,134.67886352539062,30.985010147094727,15.75575065612793,66.09224700927734,174.3457794189453,93.58049011230469,20.122678756713867,76.62014770507812,78.95146942138672,73.82134246826172,83.02855682373047,44.475975036621094,32.400001525878906,62.78353500366211,29.331357955932617,31.58857536315918,49.169166564941406,11.676368713378906,106.10987854003906,50.54216384887695,45.47018051147461,28.919099807739258,85.12811279296875,55.358768463134766
2021-11-09,51.680885314941406,42.04320526123047,27.461219787597656,19.3983154296875,30.90116310119629,60.40999984741211,169.67483520507812,41.690189361572266,19.156465530395508,62.28670120239258,25.83458137512207,36.802642822265625,51.64579391479492,70.68153381347656,97.70012664794922,14.064920425415039,58.02985763549805,62.90263366699219,45.75761795043945,9.228031158447266,39.53037643432617,117.71611022949219,21.867244720458984,142.82379150390625,59.95000076293945,74.05770111083984,44.04315948486328,48.5379638671875,14.683462142944336,36.816558837890625,10.49521541595459,13.849981307983398,50.616947174072266,12.84904956817627,22.810184478759766,34.38827896118164,18.763242721557617,132.9759063720703,31.330270767211914,15.63475513458252,65.78519439697266,173.39935302734375,93.45733642578125,19.99126625061035,75.7759017944336,77.5128173828125,73.76805877685547,82.51301574707031,44.5211296081543,32.38999938964844,63.54200744628906,29.305295944213867,31.596811294555664,48.66686248779297,11.741281509399414,108.23821258544922,50.6634407043457,44.594215393066406,28.789926528930664,85.3134536743164,55.503597259521484
2021-11-10,51.67146682739258,42.36870574951172,27.145462036132812,19.846345901489258,31.154247283935547,60.77000045776367,171.1182098388672,42.001441955566406,19.26348304748535,62.562522888183594,26.249526977539062,36.76857376098633,52.157142639160156,71.10375213623047,97.54853057861328,14.01893138885498,58.217628479003906,63.649837493896484,45.85312271118164,9.353031158447266,39.687408447265625,116.78752899169922,21.979429244995117,143.61410522460938,59.27000045776367,73.98665618896484,44.28556823730469,48.73707962036133,14.708970069885254,36.76645278930664,10.579855918884277,13.907450675964355,51.0396842956543,12.865240097045898,22.749168395996094,34.54228973388672,18.913597106933594,134.50682067871094,32.020782470703125,15.738471031188965,65.86196899414062,172.0341796875,93.79840850830078,19.851638793945312,75.91692352294922,78.04769897460938,74.38456726074219,83.81908416748047,44.68364715576172,31.90999984741211,63.192710876464844,29.357423782348633,31.73698616027832,49.00713348388672,11.741281509399414,107.84140014648438,50.49885177612305,45.01432800292969,28.862590789794922,86.18456268310547,55.43544387817383
2021-11-11,51.60557556152344,43.251041412353516,27.869836807250977,19.82145881652832,31.27235221862793,59.5,171.03330993652344,42.232662200927734,19.415098190307617,62.4981575012207,27.087718963623047,36.81114959716797,52.888893127441406,71.1687240600586,97.06700134277344,14.149231910705566,58.78094482421875,62.47987747192383,45.85312271118164,9.3677396774292,40.59653091430664,116.83961486816406,21.979429244995117,144.41357421875,59.33000183105469,74.23528289794922,44.43473434448242,49.216758728027344,14.734477996826172,36.991912841796875,10.681421279907227,13.940289497375488,51.38478088378906,13.18100357055664,22.97579002380371,34.098388671875,19.15100860595703,136.9408416748047,32.31787109375,15.747114181518555,66.1434326171875,172.19332885742188,95.45646667480469,19.810575485229492,76.52799987792969,78.69324493408203,74.5543441772461,84.61814880371094,44.88227462768555,32.060001373291016,63.322452545166016,29.66151237487793,32.009090423583984,49.24208450317383,11.78996753692627,106.23612976074219,50.689414978027344,45.21991729736328,28.967544555664062,86.42550659179688,56.134033203125
2021-11-12,50.62656021118164,43.328128814697266,27.786258697509766,19.63892936706543,30.808382034301758,59.22999954223633,171.58990478515625,41.71685791015625,19.058366775512695,62.1763916015625,26.72256851196289,36.700435638427734,52.96823501586914,71.0063247680664,96.32322692871094,14.103243827819824,59.028465270996094,62.981292724609375,45.49713134765625,9.301560401916504,40.79487991333008,115.25140380859375,21.789579391479492,144.64422607421875,59.189998626708984,73.74693298339844,43.35323715209961,49.25297164916992,14.598440170288086,36.91675567626953,10.664493560791016,13.825353622436523,51.169097900390625,13.156713485717773,22.644573211669922,33.698516845703125,19.063961029052734,137.4998779296875,31.972612380981445,15.764397621154785,65.39285278320312,170.52667236328125,95.88282012939453,19.67094612121582,77.19552612304688,78.30592346191406,74.66156768798828,85.12510681152344,45.306636810302734,31.579999923706055,63.04301071166992,29.418241500854492,31.70400047302246,49.01523208618164,11.684483528137207,106.53372955322266,50.472877502441406,45.55063247680664,28.77377700805664,85.6007308959961,55.78474807739258
2021-11-15,50.795997619628906,42.771331787109375,27.95342254638672,19.614036560058594,30.605905532836914,59.84000015258789,172.7596893310547,41.84136962890625,19.308073043823242,62.08443832397461,26.423809051513672,36.708953857421875,52.818359375,71.78581237792969,96.55622100830078,14.241209983825684,58.669979095458984,64.37738037109375,46.018096923828125,9.25744342803955,41.282501220703125,115.5638427734375,21.824098587036133,144.23834228515625,58.47999954223633,74.56379699707031,43.744808197021484,49.24391555786133,14.649455070495605,37.25912094116211,10.74913215637207,13.849981307983398,51.63497543334961,13.326736450195312,22.888629913330078,33.53492736816406,18.929428100585938,137.79232788085938,31.83611297607422,15.911324501037598,65.36727905273438,171.54006958007812,98.24199676513672,19.909130096435547,77.01688385009766,78.11222839355469,75.1708755493164,85.85546112060547,45.261497497558594,31.559999465942383,63.11287307739258,29.409547805786133,31.852420806884766,48.982826232910156,11.798080444335938,106.50668334960938,50.845340728759766,45.65789031982422,28.838361740112305,85.962158203125,56.52592468261719
2021-11-16,50.73950958251953,41.73480987548828,28.194875717163086,19.51447105407715,30.52998161315918,59.810001373291016,170.6748046875,41.868045806884766,19.45076560974121,61.771873474121094,26.16458511352539,36.60675048828125,52.1483154296875,71.21743774414062,96.34114074707031,14.17989444732666,57.81647491455078,63.67933654785156,43.96898651123047,9.161853790283203,41.505653381347656,116.21473693847656,21.58247184753418,141.89524841308594,57.83000183105469,74.10208892822266,43.893978118896484,49.0991096496582,14.700469017028809,37.43448257446289,10.65602970123291,13.792510032653809,51.6263542175293,13.351024627685547,22.844812393188477,34.08930587768555,18.929428100585938,137.9729461669922,31.450702667236328,15.937255859375,64.82994842529297,172.1347198486328,99.21788024902344,19.91734504699707,76.9134750366211,77.72490692138672,74.21480560302734,84.7298583984375,44.801025390625,31.559999465942383,62.51408004760742,29.105464935302734,31.81119728088379,49.03144073486328,11.854880332946777,106.2000503540039,51.13117980957031,45.02326965332031,28.636537551879883,86.31430053710938,56.602603912353516
2021-11-17,49.41219711303711,41.118038177490234,27.95342254638672,19.331939697265625,29.94789695739746,59.31999969482422,169.43902587890625,41.36113357543945,19.36158561706543,61.58798599243164,25.746488571166992,36.2490348815918,51.178524017333984,70.07256317138672,96.21568298339844,14.149231910705566,57.056854248046875,62.420894622802734,44.35102081298828,9.014795303344727,41.36515426635742,116.2060546875,21.547954559326172,140.17018127441406,56.810001373291016,73.56937408447266,43.64225769042969,48.70088195800781,14.589936256408691,36.90841293334961,10.579855918884277,13.63652515411377,51.27262496948242,13.205291748046875,22.722135543823242,33.68941879272461,18.763242721557617,138.6179656982422,31.233917236328125,15.85947036743164,64.46318817138672,169.5635528564453,97.42717742919922,19.736652374267578,76.54680633544922,77.25457000732422,73.88421630859375,82.65049743652344,43.87105178833008,30.06999969482422,61.47616958618164,28.827444076538086,31.55558967590332,48.05923080444336,11.814311027526855,105.57779693603516,50.637454986572266,44.54951095581055,28.410480499267578,86.04553985595703,56.47480773925781
2021-11-18,49.40277099609375,41.55491638183594,29.38359260559082,19.315343856811523,29.64419174194336,60.09000015258789,166.23153686523438,41.19216537475586,19.156465530395508,61.404117584228516,25.913726806640625,36.24052047729492,50.93167495727539,70.15376281738281,96.20673370361328,14.049589157104492,57.278778076171875,61.98829650878906,43.02257537841797,8.917458534240723,41.43953323364258,116.38829040527344,21.979429244995117,141.1295928955078,57.220001220703125,73.51608276367188,43.39984893798828,48.54702377319336,14.479406356811523,36.858306884765625,10.520606994628906,13.735042572021484,51.26400375366211,13.091939926147461,22.581926345825195,33.3077278137207,18.731586456298828,137.11285400390625,31.595232009887695,15.807611465454102,64.39495086669922,168.26536560058594,97.67352294921875,19.6298770904541,76.82886505126953,76.95024108886719,73.21406555175781,81.83421325683594,43.654354095458984,30.520000457763672,60.20872497558594,28.749248504638672,31.580318450927734,47.516422271728516,11.708826065063477,103.88629913330078,50.377593994140625,44.60316467285156,28.337804794311523,85.86019897460938,56.4151725769043
2021-11-19,48.5555534362793,41.058082580566406,29.095701217651367,19.290451049804688,29.407987594604492,59.529998779296875,163.7127227783203,40.3740234375,19.0494441986084,60.97202682495117,25.53743553161621,35.72096633911133,50.314537048339844,69.04949951171875,94.97904968261719,13.965275764465332,56.621559143066406,61.78183364868164,42.727359771728516,8.947407722473145,41.00149917602539,114.46166229248047,21.47891616821289,139.58901977539062,56.83000183105469,72.08660888671875,42.98963165283203,48.203102111816406,14.266849517822266,36.365638732910156,10.410576820373535,13.669363975524902,50.60831069946289,12.97049617767334,22.012340545654297,33.09870910644531,18.494176864624023,135.34976196289062,31.073331832885742,15.807611465454102,63.6358757019043,166.9672393798828,96.28077697753906,19.4573974609375,75.37162780761719,75.85279083251953,72.50820922851562,81.41319274902344,43.230003356933594,30.540000915527344,58.02312469482422,28.445165634155273,31.489620208740234,46.65764617919922,11.627684593200684,103.48829650878906,49.390132904052734,43.637786865234375,28.079463958740234,85.56366729736328,55.7251091003418
2021-11-22,49.722843170166016,41.98323059082031,29.606477737426758,19.564250946044922,30.335947036743164,61.279998779296875,161.22222900390625,41.15660858154297,19.076196670532227,61.376548767089844,25.194595336914062,36.40233612060547,51.319583892822266,69.98326110839844,95.5884017944336,14.01893138885498,57.21902084350586,62.47987747192383,44.23814392089844,9.216951370239258,41.546974182128906,115.65929412841797,21.910390853881836,141.33248901367188,57.38999938964844,73.16094970703125,43.25068283081055,48.76423645019531,14.48791217803955,36.8750114440918,10.664493560791016,13.981337547302246,50.88439178466797,13.116232872009277,22.5030574798584,33.41679000854492,18.699934005737305,138.79002380371094,31.73172950744629,16.23974609375,64.40347290039062,170.97889709472656,96.93449401855469,19.753076553344727,77.01688385009766,76.94103240966797,73.42851257324219,83.56128692626953,43.654354095458984,30.81999969482422,59.48019027709961,28.83612823486328,32.050323486328125,47.78378677368164,11.822422981262207,105.25215148925781,50.126399993896484,44.996437072753906,28.580020904541016,87.37077331542969,56.440738677978516
2021-11-23,50.3159065246582,42.87411880493164,28.761375427246094,19.813159942626953,30.504674911499023,62.060001373291016,161.1750946044922,42.24155044555664,19.183218002319336,62.44300079345703,26.214754104614258,36.89633560180664,52.02489471435547,70.97383880615234,96.52035522460938,14.317858695983887,58.098140716552734,63.88579177856445,44.324981689453125,9.142078399658203,42.018070220947266,118.7488784790039,22.22105598449707,144.1737060546875,58.540000915527344,74.6525650024414,43.35323715209961,49.343475341796875,14.776992797851562,37.44283676147461,10.79991340637207,14.145533561706543,51.49693298339844,13.278160095214844,22.888628005981445,33.87118911743164,18.968992233276367,139.20281982421875,32.173343658447266,16.39531707763672,65.16258239746094,175.11624145507812,98.6304702758789,20.19660186767578,77.975830078125,78.46269989013672,73.71443939208984,84.37757110595703,44.88227462768555,31.0,60.577980041503906,29.244478225708008,32.23997116088867,48.66686248779297,12.025279998779297,108.16477966308594,51.67687225341797,45.943931579589844,28.9029541015625,89.83585357666016,57.599361419677734
2021-11-24,50.0805549621582,42.771331787109375,28.45490837097168,19.57254981994629,30.108184814453125,62.13999938964844,161.89202880859375,42.357154846191406,18.97810173034668,62.36942672729492,26.231483459472656,36.530094146728516,51.945533752441406,70.45417022705078,95.83035278320312,14.17989444732666,57.42387008666992,64.03326416015625,43.413299560546875,9.127104759216309,42.18336868286133,118.45380401611328,21.919021606445312,143.77708435058594,58.93000030517578,73.64038848876953,43.05488967895508,48.999549865722656,14.725974082946777,37.24242401123047,10.698349952697754,14.047018051147461,50.94478225708008,13.237676620483398,22.69584846496582,33.71669006347656,18.961078643798828,138.87600708007812,32.14924621582031,16.403959274291992,64.71053314208984,174.7310028076172,98.28937530517578,20.188385009765625,78.16387176513672,78.64712524414062,73.49105834960938,84.42912292480469,44.93644714355469,30.979999542236328,60.60791778564453,28.74056053161621,32.0338249206543,48.480525970458984,11.903566360473633,106.94364166259766,51.20913314819336,45.86348342895508,28.628461837768555,89.36319732666016,57.497135162353516
2021-11-26,47.12467956542969,41.44355773925781,27.173322677612305,18.52713394165039,28.370357513427734,58.09000015258789,147.93955993652344,40.69416427612305,18.032758712768555,59.712493896484375,24.82667350769043,34.72445297241211,50.032413482666016,66.91402435302734,94.43242645263672,13.903961181640625,55.90462112426758,60.72002029418945,42.7620964050293,8.76771068572998,40.133705139160156,113.06442260742188,20.848957061767578,137.59646606445312,56.2400016784668,69.18324279785156,40.97580337524414,45.859012603759766,14.045792579650879,35.4721565246582,10.173588752746582,13.299922943115234,47.98558044433594,12.444225311279297,21.276260375976562,31.662790298461914,18.122230529785156,132.44268798828125,30.752164840698242,15.833537101745605,62.100608825683594,167.58702087402344,92.51935577392578,19.276700973510742,74.41267395019531,74.45104217529297,69.73832702636719,80.21025848388672,43.0494270324707,29.290000915527344,58.3225212097168,27.437328338623047,29.865257263183594,46.58472442626953,11.278770446777344,101.44404602050781,48.264095306396484,43.28919219970703,26.642385482788086,84.38674926757812,54.66870880126953
2021-11-29,46.92698287963867,40.86962127685547,26.857568740844727,18.76774787902832,28.075098037719727,57.810001373291016,148.920654296875,40.54299545288086,17.88115119934082,59.096527099609375,24.283143997192383,34.37525939941406,50.26163864135742,66.55369567871094,93.4825439453125,13.727668762207031,55.512020111083984,60.58237075805664,43.00520706176758,8.61047649383545,40.31552505493164,113.43975067138672,20.564186096191406,135.6223907470703,59.369998931884766,69.6982192993164,40.67746353149414,45.61465835571289,14.130814552307129,35.89802169799805,10.156659126281738,13.308131217956543,47.87343215942383,12.444225311279297,21.425228118896484,31.481027603149414,18.222003936767578,131.89657592773438,29.700321197509766,15.712540626525879,61.98122024536133,168.2402801513672,93.4952392578125,19.334197998046875,75.3058090209961,74.2020263671875,70.84626770019531,80.0727767944336,42.5438117980957,29.1200008392334,57.49419021606445,27.385202407836914,30.137353897094727,46.50371170043945,11.205742835998535,101.43501281738281,47.83966064453125,43.941707611083984,26.561655044555664,84.12726593017578,55.29914093017578
2021-11-30,45.81617736816406,39.2591667175293,26.14248275756836,18.33245086669922,27.425518035888672,56.61000061035156,143.67552185058594,39.54698181152344,17.470909118652344,58.498939514160156,23.890127182006836,33.762020111083984,48.30442428588867,65.33351135253906,92.48783874511719,13.651021003723145,54.368316650390625,58.763526916503906,43.5001220703125,8.50565242767334,39.06753921508789,109.88712310791016,20.305301666259766,129.63551330566406,57.63999938964844,68.36640930175781,39.996856689453125,45.18022155761719,13.714201927185059,35.19659423828125,9.868887901306152,13.02761459350586,46.846771240234375,12.015113830566406,20.969554901123047,30.92666244506836,17.91072654724121,127.08568572998047,29.571857452392578,15.263114929199219,60.795658111572266,164.9906768798828,90.39704132080078,18.68534278869629,72.75801849365234,74.1374740600586,69.8187255859375,76.44676971435547,40.44009017944336,28.270000457763672,56.206783294677734,26.790063858032227,29.461233139038086,44.83477020263672,10.905515670776367,99.30028533935547,46.67897033691406,42.708194732666016,26.279081344604492,81.11543273925781,53.74009323120117
2021-12-01,45.260780334472656,38.5224609375,26.44895362854004,18.215261459350586,27.40865135192871,55.58000183105469,141.56236267089844,38.986732482910156,17.212276458740234,59.059749603271484,24.11589813232422,33.242462158203125,47.73135757446289,65.56279754638672,91.76199340820312,13.666349411010742,53.36117935180664,56.561248779296875,43.42197799682617,8.453239440917969,38.44768524169922,107.86202239990234,20.702259063720703,127.64299011230469,56.68000030517578,67.0790023803711,39.70783615112305,44.392826080322266,13.391118049621582,34.85423278808594,9.750393867492676,12.920355796813965,46.51030349731445,11.869379043579102,20.715436935424805,30.781251907348633,17.607421875,124.85794067382812,29.90105628967285,15.193975448608398,60.24979782104492,163.6925048828125,89.1369400024414,18.192543029785156,71.94949340820312,72.88325500488281,68.0853271484375,76.14603424072266,39.510128021240234,27.829999923706055,55.009193420410156,26.7112979888916,29.29463768005371,44.43778991699219,10.864944458007812,98.25103759765625,45.57024002075195,42.19868850708008,26.602022171020508,80.17942810058594,53.13521957397461
2021-12-02,46.77637481689453,40.45843505859375,27.498367309570312,18.78449058532715,28.80903434753418,58.02000045776367,147.89239501953125,40.11262512207031,17.961414337158203,60.66863250732422,24.642704010009766,34.7926025390625,49.5034294128418,68.07686614990234,94.66541290283203,14.01126766204834,54.46220016479492,57.8786735534668,44.75910949707031,8.64791202545166,39.728729248046875,111.536865234375,20.9525146484375,132.2461395263672,59.81999969482422,69.61832427978516,41.16225814819336,46.257232666015625,13.918258666992188,36.69129943847656,10.126727104187012,13.431892395019531,48.48598098754883,12.330876350402832,21.696876525878906,31.953611373901367,18.222003936767578,130.64833068847656,29.997413635253906,15.531042098999023,61.9897346496582,169.0526580810547,92.38671112060547,18.73053741455078,75.32463073730469,75.33635711669922,70.87306213378906,79.38536834716797,41.207550048828125,29.0,58.15286636352539,27.94533920288086,30.97718620300293,45.8555793762207,11.343685150146484,100.86515045166016,47.39790725708008,43.71824645996094,27.6677188873291,83.23760223388672,54.56647491455078
2021-12-03,45.91032028198242,39.67034912109375,27.321916580200195,18.44127655029297,28.77528953552246,56.13999938964844,147.10939025878906,39.201168060302734,17.515501022338867,60.34685516357422,24.58417320251465,33.90681076049805,48.383758544921875,66.17699432373047,93.06136322021484,13.804316520690918,53.56601333618164,56.29579162597656,44.8459358215332,8.602986335754395,38.30720138549805,109.23246765136719,20.6418514251709,130.89935302734375,57.84000015258789,67.4252700805664,40.12739181518555,45.804718017578125,13.612174034118652,35.948123931884766,10.006983757019043,13.250377655029297,47.951072692871094,12.09607982635498,21.223676681518555,31.253822326660156,17.886781692504883,127.3890609741211,29.04191780090332,15.356829643249512,61.21358871459961,165.60203552246094,88.48316955566406,18.126325607299805,73.77336120605469,74.18359375,69.71150970458984,77.34038543701172,40.882511138916016,26.979999542236328,57.21475601196289,27.455217361450195,29.452892303466797,45.03731155395508,11.157057762145996,95.47409057617188,46.124610900878906,42.681373596191406,27.118722915649414,81.33785247802734,52.74332809448242
2021-12-06,47.218814849853516,40.287113189697266,28.464191436767578,18.951906204223633,29.728565216064453,57.75,151.58096313476562,39.45138931274414,18.371658325195312,62.1763916015625,24.575809478759766,34.911834716796875,48.86865997314453,68.84667205810547,94.74604797363281,13.965275764465332,53.36117935180664,57.59357452392578,44.976173400878906,8.730273246765137,39.307228088378906,112.4010238647461,20.94388771057129,134.62612915039062,56.27000045776367,69.12110900878906,41.00377655029297,47.0627326965332,14.113811492919922,36.390682220458984,10.272127151489258,13.60515308380127,50.0770263671875,12.347068786621094,21.766977310180664,32.01723098754883,18.405580520629883,131.48046875,29.507617950439453,15.77493953704834,63.24351119995117,167.46974182128906,91.49608612060547,18.573278427124023,75.55964660644531,76.12025451660156,71.88273620605469,80.43364715576172,41.83956527709961,27.040000915527344,58.17282485961914,28.417943954467773,30.993837356567383,46.082420349121094,11.497857093811035,98.07914733886719,47.67508316040039,43.62885665893555,27.853408813476562,83.16346740722656,54.413124084472656
2021-12-07,46.57868957519531,41.4092903137207,28.380619049072266,18.868196487426758,29.332067489624023,57.689998626708984,157.4958953857422,39.9517822265625,18.300308227539062,61.28459930419922,24.53400230407715,34.9033203125,49.485801696777344,68.01956939697266,95.17620086669922,13.880965232849121,53.68551254272461,57.55424499511719,43.734561920166016,8.662887573242188,39.9436149597168,112.950927734375,20.745405197143555,137.06146240234375,58.220001220703125,70.37300109863281,40.546939849853516,47.34331130981445,14.173323631286621,36.80820083618164,10.272127151489258,13.473140716552734,50.16380310058594,12.541382789611816,21.460275650024414,31.453773498535156,18.525306701660156,132.37330627441406,29.612003326416016,15.557170867919922,62.842647552490234,170.26702880859375,90.49179077148438,18.92918586730957,76.44340515136719,76.21247100830078,70.65865325927734,81.54206085205078,42.96817398071289,26.790000915527344,58.52212142944336,27.971593856811523,30.519062042236328,46.7386589050293,11.408599853515625,99.5445327758789,47.39790725708008,44.91599655151367,27.59505271911621,83.08934020996094,54.89872741699219
2021-12-08,46.55044937133789,41.494956970214844,28.8542423248291,18.658926010131836,29.180217742919922,57.439998626708984,159.36378479003906,39.46031188964844,18.2824764251709,61.47765350341797,24.51727867126465,35.24400329589844,49.6533203125,67.80665588378906,95.319580078125,13.819646835327148,53.309967041015625,58.331600189208984,43.734561920166016,8.580526351928711,39.34028244018555,112.62797546386719,20.719518661499023,137.27362060546875,57.91999816894531,70.14217376708984,40.60287094116211,47.0084228515625,14.241345405578613,36.7080078125,10.323444366455078,13.39063835144043,50.458831787109375,12.484705924987793,21.47780418395996,31.24474334716797,18.437509536743164,131.71450805664062,29.75653076171875,15.539752006530762,62.69765090942383,169.25364685058594,91.9603500366211,18.738815307617188,76.3399658203125,74.78302001953125,70.36376190185547,79.83216857910156,42.71537399291992,26.65999984741211,58.49217987060547,28.330425262451172,30.26085090637207,46.21205520629883,11.457284927368164,99.06510162353516,46.956146240234375,44.1651725769043,27.401296615600586,82.99666595458984,53.978633880615234
2021-12-09,46.18331527709961,41.38359069824219,28.56635284423828,18.60869598388672,28.893390655517578,55.90999984741211,158.50534057617188,39.75519561767578,18.023841857910156,61.542030334472656,24.3416748046875,35.21845626831055,50.32333755493164,67.32347106933594,94.34280395507812,13.612695693969727,53.036842346191406,57.61328125,43.804012298583984,8.43826961517334,39.15018844604492,111.51940155029297,20.615964889526367,137.60569763183594,57.099998474121094,69.61832427978516,39.90362548828125,46.221038818359375,14.06118392944336,36.53264236450195,10.289230346679688,13.283379554748535,49.42622375488281,12.492804527282715,21.241209030151367,31.208393096923828,18.34971046447754,131.9658966064453,29.403242111206055,15.391672134399414,62.322364807128906,168.11463928222656,91.44871520996094,18.449125289916992,75.8322982788086,74.55245971679688,69.94383239746094,80.75157165527344,43.2390251159668,26.15999984741211,58.29258346557617,27.91908073425293,30.019302368164062,46.349769592285156,11.3274564743042,97.2922134399414,46.93015670776367,44.41545104980469,27.11594581604004,82.07920837402344,53.68045425415039
2021-12-10,46.31510543823242,41.65771484375,29.40216827392578,18.817968368530273,29.914152145385742,56.33000183105469,157.57138061523438,39.782005310058594,18.077354431152344,61.79025650024414,23.923580169677734,35.11624526977539,50.01477813720703,67.92129516601562,94.91632080078125,13.674015045166016,51.81632995605469,56.806396484375,44.69832992553711,8.453239440917969,39.17498779296875,112.33992004394531,20.762664794921875,138.74957275390625,57.61000061035156,69.06783294677734,40.15535354614258,46.193885803222656,14.009710311889648,36.54098892211914,10.331997871398926,13.489645004272461,50.1811637878418,12.363260269165039,21.320070266723633,31.18112564086914,18.365673065185547,131.93991088867188,29.186450958251953,15.470067024230957,62.82558822631836,168.80978393554688,90.60546112060547,18.399463653564453,75.97332000732422,74.99513244628906,70.81053924560547,80.34771728515625,43.220977783203125,26.0,59.53009033203125,27.962841033935547,30.16090202331543,46.803470611572266,11.303112983703613,96.8670654296875,47.07740783691406,44.87131118774414,27.499128341674805,82.95958709716797,53.85084533691406
2021-12-13,46.004451751708984,40.41560363769531,28.111295700073242,18.50824737548828,29.770740509033203,54.91999816894531,154.0526123046875,38.942047119140625,17.622520446777344,61.22943115234375,23.998838424682617,34.315643310546875,49.485801696777344,66.63558959960938,92.62227630615234,13.63569164276123,51.36397171020508,55.81255340576172,43.90821075439453,8.340929985046387,38.257606506347656,110.48941802978516,20.63321876525879,134.71839904785156,55.689998626708984,67.20330047607422,39.26963806152344,45.84996795654297,13.67512321472168,35.40535354614258,10.015535354614258,13.258627891540527,49.11384582519531,12.079885482788086,21.030899047851562,30.644927978515625,17.9187068939209,127.9698257446289,29.001779556274414,15.252302169799805,61.74239730834961,164.32908630371094,88.84320831298828,17.75386619567871,74.62890625,74.42334747314453,69.541748046875,78.4144287109375,41.83956527709961,25.329999923706055,57.93330383300781,27.595252990722656,29.61948585510254,46.0338134765625,11.002886772155762,94.81378173828125,45.32770919799805,43.4053955078125,27.417598724365234,81.04129028320312,52.112892150878906
2021-12-14,46.40924835205078,41.18657302856445,29.114276885986328,18.85145378112793,30.23471450805664,54.40999984741211,153.62808227539062,39.433509826660156,17.703031539916992,61.56959915161133,22.76962661743164,34.64779281616211,50.05886459350586,67.1269302368164,94.08292388916016,13.643356323242188,51.756591796875,56.373443603515625,44.547088623046875,8.363391876220703,38.91051483154297,110.4195785522461,20.408849716186523,136.45260620117188,58.209999084472656,68.14444732666016,39.45610427856445,45.70515441894531,13.855284690856934,36.00657653808594,10.195149421691895,13.46489143371582,49.773311614990234,12.314682960510254,21.285024642944336,31.908166885375977,18.166133880615234,129.52145385742188,29.387182235717773,15.452649116516113,61.561988830566406,166.50660705566406,88.9758529663086,18.068387985229492,75.95451354980469,74.49712371826172,70.47992706298828,79.13618469238281,42.281978607177734,25.239999771118164,59.32051086425781,28.00659942626953,29.711105346679688,46.43079376220703,11.011069297790527,95.2117691040039,45.743473052978516,43.70036697387695,27.719247817993164,81.68999481201172,53.050025939941406
2021-12-15,45.46788024902344,40.98097610473633,29.151424407958984,18.918426513671875,30.327516555786133,54.349998474121094,153.0526580810547,39.26373291015625,17.720918655395508,62.29590606689453,23.262983322143555,34.894798278808594,50.16465377807617,67.79846954345703,95.81244659423828,13.582036972045898,51.41518783569336,57.08192443847656,44.21452713012695,8.281031608581543,38.96837615966797,111.79874420166016,20.49515151977539,135.96371459960938,60.16999816894531,69.55615997314453,40.2858772277832,45.913944244384766,13.872442245483398,36.257083892822266,10.272127151489258,13.489645004272461,49.7819938659668,12.452322959899902,21.267499923706055,31.862728118896484,18.445491790771484,130.5616455078125,29.66017723083496,15.16519832611084,61.836891174316406,165.8952178955078,91.21184539794922,18.10149383544922,76.71603393554688,74.97669219970703,70.19401550292969,78.92996978759766,42.18266296386719,25.149999618530273,59.919307708740234,27.989093780517578,29.128055572509766,45.968997955322266,11.117415428161621,96.1253662109375,46.167911529541016,43.74505615234375,27.637720108032227,82.3664779663086,53.46747970581055
2021-12-16,45.938560485839844,40.56979751586914,31.361690521240234,18.926795959472656,30.74932098388672,53.75,153.76962280273438,40.21092224121094,17.443613052368164,62.148799896240234,23.672719955444336,35.32065200805664,51.504730224609375,67.47907257080078,95.30165100097656,13.7123384475708,52.12358856201172,57.2098388671875,43.838191986083984,8.415804862976074,38.94357681274414,111.97330474853516,20.840330123901367,136.5448760986328,65.16000366210938,68.99678039550781,40.22993469238281,45.351131439208984,13.992549896240234,36.348941802978516,10.289230346679688,13.53089714050293,49.42622375488281,12.579095840454102,21.285024642944336,32.17172622680664,18.613100051879883,132.78073120117188,30.22222900390625,15.287138938903809,61.63072204589844,169.0023956298828,90.75708770751953,18.175987243652344,78.86896514892578,75.1427001953125,70.30123901367188,79.64315795898438,42.99525451660156,24.829999923706055,59.28059387207031,28.48796844482422,29.169694900512695,46.528018951416016,11.092873573303223,94.78665161132812,46.575016021728516,44.96068572998047,27.85784912109375,83.03374481201172,54.072349548339844
2021-12-17,45.740875244140625,39.610374450683594,33.089054107666016,18.248741149902344,30.59747314453125,53.40999984741211,150.94891357421875,39.21011734008789,16.906885147094727,61.58798599243164,24.140989303588867,35.175865173339844,50.693634033203125,66.16060638427734,92.21006774902344,13.60503101348877,50.81773376464844,55.36975860595703,45.39603042602539,8.333441734313965,37.571632385253906,108.94439697265625,20.04641342163086,132.91030883789062,57.060001373291016,67.16779327392578,39.250999450683594,45.133277893066406,13.537856101989746,35.288448333740234,9.964215278625488,13.250377655029297,48.08992004394531,12.170151710510254,20.92574691772461,31.599172592163086,17.966590881347656,127.55375671386719,30.286460876464844,15.078086853027344,60.72867965698242,165.19166564941406,87.58308410644531,17.60488510131836,77.98524475097656,75.53923797607422,69.74725341796875,78.9041976928711,42.11945724487305,24.209999084472656,57.25467300415039,28.207897186279297,29.086395263671875,45.15073013305664,10.839274406433105,91.69310760498047,45.39700698852539,42.86014175415039,27.401296615600586,80.92081451416016,52.13846206665039
2021-12-20,43.91462707519531,38.57386016845703,32.5411262512207,17.989242553710938,30.15879249572754,52.279998779296875,147.06219482421875,38.56673812866211,16.924774169921875,61.56959915161133,23.50547981262207,33.94940185546875,49.79437255859375,65.6364974975586,89.55757141113281,13.267780303955078,49.742305755615234,53.883907318115234,44.7746467590332,8.243596076965332,36.76995086669922,106.44795989990234,20.236263275146484,127.62454223632812,57.31999969482422,65.29438018798828,38.61701202392578,44.65216064453125,13.074583053588867,34.386619567871094,9.793157577514648,13.299880981445312,46.99657440185547,11.892071723937988,20.575227737426758,30.92666244506836,17.615406036376953,125.43002319335938,29.427330017089844,15.034534454345703,59.56032180786133,161.26370239257812,85.46076965332031,17.124826431274414,75.8510971069336,75.10580444335938,68.09427642822266,77.41770935058594,39.92545700073242,23.209999084472656,56.62594223022461,27.35019874572754,28.428377151489258,44.453983306884766,10.667481422424316,89.35035705566406,44.80799865722656,41.87690353393555,26.765378952026367,79.00252532958984,50.604976654052734
2021-12-21,45.37374496459961,39.798831939697266,31.815505981445312,18.60869598388672,30.90961265563965,53.11000061035156,151.7979736328125,39.48712158203125,17.372045516967773,62.66364288330078,23.848323822021484,35.0140380859375,51.037471771240234,67.29071044921875,92.46993255615234,13.681679725646973,50.68116760253906,55.66496276855469,44.95843505859375,8.363391876220703,37.87742233276367,109.65144348144531,20.710886001586914,132.38453674316406,60.15999984741211,67.83367919921875,39.89430236816406,45.968406677246094,13.469225883483887,35.49720001220703,10.126727104187012,13.596899032592773,48.28081512451172,12.325550079345703,20.803064346313477,31.481027603149414,18.11026382446289,129.2007293701172,29.97331428527832,15.295855522155762,60.88332748413086,164.88180541992188,87.91470336914062,17.646265029907227,78.21086883544922,78.36124420166016,69.41665649414062,79.32522583007812,41.649959564208984,24.139999389648438,58.272621154785156,27.822811126708984,29.103055953979492,45.239837646484375,11.04378890991211,93.36651611328125,46.72226333618164,42.73501205444336,27.482820510864258,82.17185974121094,52.521827697753906
2021-12-22,45.98563003540039,40.467002868652344,32.178314208984375,18.591951370239258,31.30609703063965,54.119998931884766,153.2695770263672,39.567543029785156,17.443613052368164,63.104942321777344,24.191162109375,35.53358459472656,51.055091857910156,67.7001724243164,92.29070281982422,13.60503101348877,50.86894226074219,56.65879821777344,44.65211486816406,8.520627975463867,38.133628845214844,109.44196319580078,20.883480072021484,132.58741760253906,62.08000183105469,68.27764129638672,40.518959045410156,45.33298110961914,13.572175025939941,35.655860900878906,10.20370101928711,13.786661148071289,48.50642776489258,12.36644172668457,21.153575897216797,31.24474334716797,18.086318969726562,130.46630859375,30.14997100830078,15.321990013122559,61.25273513793945,165.09120178222656,88.48316955566406,17.662824630737305,79.32964324951172,79.70769500732422,69.62217712402344,79.55722045898438,41.48744201660156,24.790000915527344,58.631900787353516,27.91908073425293,29.42791175842285,45.42619323730469,11.125596046447754,94.67809295654297,47.35459518432617,42.931644439697266,27.792625427246094,82.2645492553711,52.70073699951172
2021-12-23,46.32453155517578,40.75825881958008,31.759689331054688,18.801227569580078,31.58448600769043,55.04999923706055,154.89219665527344,39.69264221191406,17.47045135498047,63.52782440185547,24.450382232666016,35.67837905883789,51.23143005371094,68.25703430175781,92.980712890625,13.666349411010742,51.38957595825195,56.86543655395508,45.58856964111328,8.513138771057129,38.53860092163086,109.52925109863281,21.20277214050293,133.8512420654297,62.970001220703125,68.67716979980469,40.43505096435547,45.58714294433594,13.700862884521484,35.96482467651367,10.246467590332031,13.976428985595703,48.619232177734375,12.480945587158203,21.346363067626953,31.4901180267334,18.150171279907227,130.8477020263672,30.47113609313965,15.59201431274414,61.47608184814453,165.7696075439453,88.93797302246094,17.811809539794922,80.03474426269531,80.60224914550781,70.62290954589844,79.93528747558594,41.677040100097656,24.81999969482422,58.442283630371094,28.05036163330078,30.019302368164062,45.620635986328125,11.092873573303223,95.61882019042969,47.882965087890625,43.22663116455078,28.12688636779785,82.83911895751953,53.12669372558594
2021-12-27,46.83285903930664,40.801090240478516,32.327152252197266,19.01887321472168,32.099082946777344,55.810001373291016,155.08087158203125,39.88924026489258,17.640409469604492,64.21736145019531,24.82667350769043,36.00202941894531,51.5928955078125,68.87944030761719,94.09188079833984,13.735333442687988,51.76511764526367,58.065914154052734,45.07221603393555,8.550578117370605,39.00969696044922,110.6028823852539,21.185510635375977,134.58001708984375,65.58000183105469,69.92020416259766,40.73340606689453,46.31334686279297,13.906759262084961,36.49090576171875,10.391866683959961,14.133184432983398,49.35680389404297,12.595454216003418,21.4865665435791,31.790019989013672,18.429529190063477,133.04075622558594,30.9930362701416,15.731386184692383,61.80252456665039,168.3993682861328,90.35912322998047,18.11805534362793,80.6834487915039,81.06336975097656,71.9006118774414,80.58829498291016,41.695098876953125,25.389999389648438,59.090972900390625,28.540475845336914,30.35247039794922,45.968997955322266,11.264666557312012,97.28317260742188,48.679866790771484,43.59310531616211,28.493759155273438,84.32186126708984,53.68045425415039
2021-12-28,47.134090423583984,41.03238296508789,32.4108772277832,19.002134323120117,32.2003059387207,56.20000076293945,155.09974670410156,39.94285202026367,17.77458953857422,64.70462036132812,24.53400230407715,36.087196350097656,51.540000915527344,68.9367446899414,94.46825408935547,13.651021003723145,51.7395133972168,58.47919845581055,44.41581726074219,8.528116226196289,39.09233856201172,110.75127410888672,21.418506622314453,134.86595153808594,64.04000091552734,69.91131591796875,40.994441986083984,46.42228698730469,14.044025421142578,36.55769348144531,10.426078796386719,14.215691566467285,49.35680389404297,12.611809730529785,21.51285743713379,31.917261123657227,18.509340286254883,133.65623474121094,31.057270050048828,15.95786190032959,62.23207473754883,168.48313903808594,90.83287811279297,18.08494758605957,80.38262939453125,81.2662353515625,72.98175811767578,80.51097106933594,41.947914123535156,25.049999237060547,59.3504524230957,28.46170997619629,30.48574447631836,45.97710418701172,11.289207458496094,97.33744049072266,48.653873443603516,43.28025817871094,28.558977127075195,84.6184310913086,53.765655517578125
2021-12-29,47.30354309082031,41.07521057128906,32.345767974853516,19.052356719970703,31.930360794067383,56.15999984741211,154.5526123046875,39.88029861450195,17.7298641204834,65.2562484741211,24.71796417236328,36.0275764465332,51.46064758300781,69.0595932006836,94.63851928710938,13.888629913330078,51.67123031616211,58.9220085144043,44.84465789794922,8.558062553405762,39.09233856201172,111.45831298828125,21.358104705810547,134.30325317382812,65.70999908447266,70.87020874023438,41.246177673339844,46.75814437866211,14.112658500671387,36.65789794921875,10.443185806274414,14.273445129394531,49.51300811767578,12.619991302490234,21.556673049926758,32.09901809692383,18.597139358520508,133.5782012939453,30.655811309814453,15.92302131652832,62.464019775390625,168.541748046875,90.91812133789062,18.08494758605957,79.87492370605469,80.46392822265625,71.7755355834961,80.58829498291016,41.79442596435547,25.510000228881836,60.33845901489258,28.365436553955078,30.327491760253906,45.8555793762207,11.289207458496094,97.72640228271484,49.12162399291992,43.30706787109375,28.550830841064453,85.35051727294922,54.05531311035156
2021-12-30,46.935306549072266,40.766822814941406,31.536422729492188,18.918426513671875,31.516996383666992,55.40999984741211,154.8638916015625,39.79094314575195,17.568845748901367,65.01598358154297,23.731252670288086,35.96796417236328,51.107994079589844,68.69107055664062,93.80513000488281,13.758328437805176,51.57735061645508,58.79408264160156,45.18598556518555,8.520627975463867,39.06753921508789,110.34101867675781,21.090593338012695,134.2110137939453,64.5199966430664,70.15992736816406,40.90121078491211,46.46765899658203,14.044025421142578,36.657901763916016,10.443185806274414,14.123724937438965,49.06178665161133,12.619991302490234,21.337594985961914,32.01723098754883,18.509340286254883,132.78073120117188,30.503259658813477,15.862044334411621,62.154754638671875,168.34075927734375,90.48231506347656,18.10149383544922,79.42366027832031,79.03069305419922,71.97209167480469,80.11573791503906,41.767337799072266,25.299999237060547,60.049041748046875,28.42670249938965,30.252519607543945,45.86375045776367,11.248305320739746,97.50025177001953,48.63655471801758,42.99421310424805,28.46929359436035,84.38674926757812,53.7827033996582
2021-12-31,46.906978607177734,40.78396224975586,32.14110565185547,18.91004753112793,31.457944869995117,55.90999984741211,154.33563232421875,39.75519561767578,17.55095863342285,65.2007827758789,24.191162109375,36.036109924316406,51.204978942871094,68.59280395507812,94.53099822998047,13.720003128051758,51.543216705322266,58.705528259277344,44.8009033203125,8.48319149017334,39.05101013183594,110.04425048828125,21.056068420410156,133.84201049804688,65.37000274658203,69.85804748535156,40.8546028137207,46.149959564208984,14.009710311889648,36.61586380004883,10.374763488769531,14.14035701751709,49.20061492919922,12.611809730529785,21.337594985961914,31.9354305267334,18.46145248413086,133.12747192382812,30.59960174560547,15.78365421295166,62.111820220947266,167.93873596191406,90.48231506347656,18.043560028076172,79.06641387939453,78.5406265258789,71.5789566040039,80.4010238647461,41.884708404541016,25.309999465942383,60.128883361816406,28.409194946289062,30.219205856323242,45.88008117675781,11.248305320739746,97.37362670898438,48.36803436279297,42.886962890625,28.526376724243164,84.16432189941406,53.808258056640625
2022-01-03,48.54985046386719,41.61488723754883,32.15040969848633,19.370454788208008,31.97254180908203,56.84000015258789,158.6845703125,41.265350341796875,17.899829864501953,66.39283752441406,24.483829498291016,36.83671188354492,51.58407211303711,70.02591705322266,95.14034271240234,13.674015045166016,53.85620880126953,59.08927917480469,45.115962982177734,8.625450134277344,40.61306381225586,112.54940795898438,21.280431747436523,136.8400421142578,67.0,70.86132049560547,41.35805130004883,46.42228698730469,14.361454963684082,37.557533264160156,10.682668685913086,14.331668853759766,49.738616943359375,12.922607421875,21.72316551208496,32.48980712890625,18.82062530517578,137.17556762695312,31.03318214416504,16.001419067382812,62.429664611816406,174.3876190185547,92.49091339111328,18.763643264770508,80.62705993652344,79.90911865234375,74.36669158935547,81.65457916259766,42.435462951660156,25.68000030517578,61.346431732177734,28.95182228088379,30.76894760131836,46.7785758972168,11.403736114501953,99.06510162353516,50.03110885620117,45.34504699707031,29.227502822875977,86.11042022705078,54.728336334228516
2022-01-04,49.739524841308594,42.60856246948242,32.03877258300781,19.914569854736328,33.05234909057617,59.130001068115234,163.7787628173828,42.88270568847656,17.87299156188965,66.83637237548828,24.416933059692383,37.68842697143555,53.42667007446289,71.07415008544922,97.74803161621094,13.681679725646973,54.27442932128906,59.49271774291992,45.68483352661133,8.677863121032715,42.45610046386719,114.05951690673828,21.660139083862305,139.4322509765625,70.41000366210938,72.9833755493164,42.14122009277344,46.885223388671875,14.927671432495117,39.15501403808594,11.016236305236816,14.581206321716309,50.05967330932617,13.41334056854248,22.1788330078125,32.84424591064453,19.810346603393555,142.1597900390625,31.217857360839844,16.39339256286621,63.7612419128418,180.81134033203125,95.33329772949219,19.599611282348633,84.57566833496094,80.73207092285156,76.55579376220703,85.00030517578125,43.482810974121094,25.969999313354492,63.08293151855469,29.61698341369629,31.518590927124023,48.00377655029297,11.632793426513672,104.202880859375,51.54694747924805,47.15062713623047,29.76557159423828,89.03884887695312,56.28738784790039
2022-01-05,49.305206298828125,41.66627883911133,31.63875389099121,19.939682006835938,33.28013229370117,57.27000045776367,162.03353881835938,42.1589241027832,17.998228073120117,66.42980194091797,24.60089874267578,37.466983795166016,53.056396484375,71.13146209716797,96.79815673828125,13.742999076843262,53.6428337097168,58.223365783691406,45.07221603393555,8.61047649383545,42.13377380371094,112.80254364013672,21.57383918762207,136.76625061035156,69.9000015258789,73.31187438964844,41.8242301940918,46.53120803833008,14.893357276916504,39.03730773925781,11.007681846618652,14.647749900817871,48.9402961730957,13.429697036743164,22.003576278686523,32.571598052978516,19.690624237060547,143.2780303955078,30.896690368652344,16.471786499023438,63.60660934448242,177.8800811767578,94.73640441894531,19.409242630004883,83.96456909179688,79.35433197021484,76.43069458007812,83.98881530761719,42.35421371459961,26.010000228881836,62.93323516845703,29.61698341369629,31.152101516723633,47.750572204589844,11.632793426513672,104.89033508300781,51.408363342285156,46.73945999145508,29.610679626464844,88.63109588623047,56.4151725769043
2022-01-06,50.957523345947266,42.36870574951172,32.31785583496094,20.818635940551758,34.688934326171875,59.4900016784668,163.5183563232422,43.007816314697266,19.01801300048828,68.02839660644531,24.99390983581543,38.86379623413086,54.0438232421875,72.94127655029297,99.90766143798828,13.727668762207031,55.401065826416016,60.94904708862305,46.36748504638672,8.745248794555664,44.464439392089844,116.79161834716797,21.92765235900879,139.0447998046875,72.58999633789062,76.42831420898438,42.71925735473633,48.31039810180664,15.519633293151855,40.66841125488281,11.555072784423828,15.171774864196777,51.08359909057617,13.928608894348145,22.660791397094727,33.8166618347168,20.696300506591797,149.0337677001953,31.555099487304688,16.985715866088867,65.29901123046875,184.73097229003906,100.0042724609375,20.352807998657227,85.30896759033203,80.54712677001953,79.04867553710938,85.5190200805664,42.94108200073242,27.1299991607666,65.4980697631836,30.5797061920166,32.0350227355957,49.04929733276367,12.03364086151123,109.99193572998047,53.58249282836914,47.93722152709961,30.6705379486084,92.56963348388672,58.7324333190918
2022-01-07,51.05194091796875,42.75419616699219,32.3643684387207,20.86886215209961,34.74799728393555,60.529998779296875,164.91806030273438,43.946067810058594,18.973281860351562,68.6197738647461,26.114410400390625,39.49406814575195,54.95189666748047,74.31707000732422,99.8987045288086,13.91162395477295,56.14360427856445,61.175357818603516,46.36748504638672,8.745248794555664,44.81155776977539,118.33665466308594,22.108871459960938,142.6977996826172,74.70999908447266,77.07646942138672,43.28797149658203,47.92005920410156,15.777005195617676,41.02994918823242,11.734684944152832,15.20504379272461,51.586891174316406,14.084005355834961,22.590686798095703,33.89845275878906,21.03153419494629,153.36790466308594,31.739761352539062,17.1337947845459,66.31272888183594,187.3775177001953,101.1885757446289,20.791473388671875,86.24913787841797,81.3885726928711,80.4336166381836,87.88782501220703,43.5279541015625,27.280000686645508,65.87730407714844,30.66722869873047,32.39319610595703,49.82526397705078,12.017277717590332,107.84819030761719,54.70854568481445,48.95621109008789,30.98848533630371,92.09699249267578,59.712158203125
2022-01-10,50.99528884887695,42.968345642089844,31.899229049682617,20.9609432220459,34.92514419555664,59.59000015258789,164.3127899169922,43.722679138183594,18.856992721557617,68.34255981445312,26.039154052734375,39.425933837890625,55.36626434326172,74.4808578491211,99.86285400390625,13.988271713256836,56.35697937011719,60.79160690307617,45.89488983154297,8.752735137939453,44.563621520996094,119.8030776977539,21.677400588989258,144.9670867919922,71.5,77.50265502929688,43.632938385009766,48.53733444213867,15.605427742004395,41.02994918823242,11.666261672973633,15.271585464477539,52.48216247558594,13.928608894348145,22.31027603149414,33.96207809448242,21.015567779541016,153.85330200195312,31.314220428466797,17.04669189453125,66.67355346679688,186.30545043945312,100.5538101196289,20.576282501220703,86.1645278930664,81.83240509033203,81.16629791259766,87.49015045166016,43.609214782714844,26.770000457763672,65.39826965332031,30.66722869873047,32.792999267578125,50.119319915771484,12.000917434692383,105.9034194946289,55.210933685302734,49.47463607788086,30.752058029174805,93.09786987304688,59.260623931884766
2022-01-11,50.86309814453125,43.29386520385742,32.02946853637695,21.22881507873535,34.942020416259766,59.90999984741211,165.86378479003906,43.97288513183594,18.794374465942383,68.67520904541016,26.02243423461914,38.906375885009766,55.60430145263672,74.33345031738281,100.49910736083984,13.949947357177734,57.278778076171875,59.52225112915039,45.89488983154297,8.685349464416504,45.076026916503906,122.36063385009766,20.909364700317383,146.22161865234375,71.02999877929688,78.37276458740234,43.05488967895508,47.983604431152344,15.67405891418457,41.240135192871094,11.674812316894531,15.213364601135254,52.282249450683594,13.912251472473145,22.35409164428711,33.90753936767578,21.09538459777832,154.46876525878906,32.6390495300293,17.081531524658203,67.12885284423828,187.4696502685547,102.72347259521484,20.41073989868164,88.28924560546875,81.67523193359375,81.09483337402344,88.48434448242188,44.024539947509766,26.75,65.54796600341797,30.334646224975586,32.826316833496094,50.740089416503906,11.976377487182617,110.1637954711914,55.73064041137695,50.109275817871094,30.98848533630371,94.00605773925781,59.822914123535156
2022-01-12,51.127479553222656,44.57880783081055,32.03877258300781,21.002798080444336,34.857666015625,60.20000076293945,165.00315856933594,43.66012191772461,18.758588790893555,68.31483459472656,25.25313377380371,39.076725006103516,56.02748489379883,74.3907699584961,101.04573822021484,13.873300552368164,57.42387008666992,60.71288299560547,46.271217346191406,8.655400276184082,45.6297721862793,123.39933013916016,21.030181884765625,146.47994995117188,69.69000244140625,79.39380645751953,42.79384994506836,48.09253692626953,15.596844673156738,41.36626052856445,11.649154663085938,15.196728706359863,51.63035583496094,13.977682113647461,22.1788330078125,33.95296859741211,21.07143783569336,155.6216583251953,32.807655334472656,17.194774627685547,67.55838775634766,188.3825225830078,103.32984924316406,20.510068893432617,89.14479064941406,81.24988555908203,81.04118347167969,89.33158111572266,44.26831817626953,29.59000015258789,65.5379867553711,30.45717430114746,32.351539611816406,51.04230880737305,12.009098052978516,110.38995361328125,54.717201232910156,50.41318893432617,30.523788452148438,93.61682891845703,59.81440734863281
2022-01-13,52.06221389770508,45.19558334350586,32.23413848876953,21.044652938842773,35.34695816040039,60.52000045776367,163.88720703125,43.570770263671875,19.14324378967285,70.13521575927734,25.671226501464844,39.29928970336914,56.11564636230469,74.97221374511719,101.88807678222656,13.811983108520508,57.850608825683594,61.15568923950195,45.509803771972656,8.640424728393555,46.03474807739258,124.71736907958984,21.4012508392334,148.85987854003906,71.81999969482422,79.66019439697266,43.101505279541016,48.08345413208008,15.83705997467041,41.65212631225586,11.845874786376953,15.40467357635498,52.03017807006836,14.173974990844727,22.511821746826172,34.352848052978516,21.31088638305664,158.81158447265625,32.82372283935547,17.16864013671875,68.21987915039062,189.65554809570312,103.17826843261719,20.716991424560547,87.79098510742188,81.83240509033203,81.73814392089844,89.42666625976562,44.65656280517578,30.950000762939453,65.78748321533203,30.50093650817871,32.70137405395508,51.61406707763672,12.164530754089355,110.47132873535156,54.81248092651367,50.05564880371094,30.898805618286133,94.68254089355469,59.686607360839844
2022-01-14,52.184967041015625,45.0927848815918,32.08528137207031,21.31252098083496,35.532554626464844,60.459999084472656,159.2625274658203,42.811222076416016,19.55473518371582,71.64140319824219,26.264928817749023,39.693050384521484,56.071563720703125,75.24243927001953,104.22694396972656,13.704673767089844,57.125125885009766,62.01177215576172,46.38500213623047,8.64791202545166,46.57195281982422,124.87451171875,21.599729537963867,148.11270141601562,74.70999908447266,80.34384155273438,43.744808197021484,47.93821716308594,15.982905387878418,42.417232513427734,11.965617179870605,15.704113960266113,51.90849304199219,14.419337272644043,22.555641174316406,34.58914566040039,21.55831527709961,160.65792846679688,32.839778900146484,17.438669204711914,68.3401870727539,187.12904357910156,104.60893249511719,21.031505584716797,89.81229400634766,81.85088348388672,83.22136688232422,89.71197509765625,43.94327926635742,32.119998931884766,66.72559356689453,30.85102653503418,32.71803283691406,51.66307830810547,12.287238121032715,110.67034149169922,55.58338928222656,51.89697265625,31.176010131835938,95.24784088134766,60.18925476074219
2022-01-18,51.09915542602539,43.5251579284668,31.34105682373047,20.96931266784668,35.27103042602539,58.5,157.15353393554688,41.336830139160156,19.438440322875977,72.02950286865234,25.913726806640625,38.93976593017578,55.47205352783203,75.05411529541016,103.68030548095703,13.81270694732666,55.73392105102539,60.23072814941406,46.76132583618164,8.535600662231445,46.009944915771484,122.82321166992188,20.719518661499023,144.9025115966797,72.37999725341797,80.2106704711914,42.51414108276367,47.19386672973633,15.7083740234375,41.71937561035156,11.820215225219727,15.637572288513184,50.73508071899414,14.272119522094727,22.5030574798584,33.80757141113281,21.2310733795166,158.10076904296875,32.33393859863281,17.290590286254883,67.15462493896484,182.64874267578125,102.2213363647461,20.534893035888672,86.6440200805664,79.21562194824219,78.5036392211914,87.32588195800781,42.652164459228516,31.139999389648438,65.2685317993164,30.45717430114746,32.41817092895508,50.79725646972656,12.139986991882324,107.58586120605469,54.951072692871094,50.672401428222656,30.92327117919922,94.55280303955078,59.14989471435547
2022-01-19,49.6545524597168,41.966102600097656,30.80150604248047,20.391719818115234,34.562400817871094,54.380001068115234,152.63287353515625,41.4976692199707,18.928556442260742,70.54178619384766,25.79665756225586,37.63862609863281,52.2276611328125,73.26885986328125,96.34114074707031,13.87444019317627,54.829200744628906,58.67599105834961,46.82258224487305,8.370880126953125,44.92726516723633,118.5722885131836,20.270782470703125,139.85655212402344,68.36000061035156,77.4671401977539,41.32076644897461,45.85039138793945,15.090675354003906,40.33209991455078,11.503753662109375,15.371405601501465,48.55339050292969,13.994040489196777,21.793272018432617,32.98964309692383,20.424924850463867,152.49240112304688,31.522974014282227,16.785369873046875,66.4329833984375,175.60824584960938,99.71055603027344,19.57477569580078,86.03292083740234,77.34779357910156,76.7970199584961,81.16180419921875,41.207550048828125,30.0,63.14281463623047,29.835779190063477,31.73516082763672,46.86025619506836,11.878209114074707,102.57471466064453,53.21002960205078,49.67128372192383,30.132455825805664,91.95800018310547,56.37257385253906
2022-01-20,47.77562713623047,41.95753479003906,31.145706176757812,19.93131446838379,33.744102478027344,53.7400016784668,152.18838500976562,40.881107330322266,17.953502655029297,69.57154083251953,25.64614486694336,35.19900894165039,52.827171325683594,72.31889343261719,91.26914978027344,13.81270694732666,55.016971588134766,56.99336242675781,46.29747772216797,8.475703239440918,43.1090202331543,116.01476287841797,20.400224685668945,138.6204376220703,65.26000213623047,75.70912170410156,40.05279541015625,44.443382263183594,14.919095993041992,39.19705581665039,11.315589904785156,14.98878288269043,47.28437042236328,13.64234733581543,21.065950393676758,31.971776962280273,20.05777359008789,144.1968231201172,30.583547592163086,16.29758071899414,65.17874908447266,174.24391174316406,99.40737915039062,18.556724548339844,85.95769500732422,75.85910034179688,74.8581314086914,81.44711303710938,40.77416229248047,29.309999465942383,61.47616958618164,28.95182228088379,30.81060218811035,46.5090217590332,11.665514945983887,102.12246704101562,53.10608673095703,49.16178894042969,29.512855529785156,92.0321273803711,54.71982192993164
2022-01-21,47.48293685913086,40.31281661987305,31.45269775390625,20.36660385131836,33.21262741088867,53.869998931884766,150.1266632080078,40.139434814453125,18.05190086364746,69.2111587524414,25.679588317871094,35.9437370300293,50.4115104675293,71.67193603515625,90.31029510498047,13.666092872619629,54.00130081176758,56.471839904785156,46.82258224487305,8.632938385009766,41.836246490478516,114.97603607177734,20.63321876525879,135.16116333007812,62.0,73.445068359375,39.78241729736328,44.388919830322266,14.713191032409668,37.86862564086914,11.11031723022461,14.822425842285156,47.07575988769531,12.41551685333252,20.969554901123047,31.662790298461914,19.786399841308594,138.787841796875,30.157997131347656,16.22789192199707,64.07051849365234,169.24147033691406,96.47972106933594,18.291866302490234,83.86115264892578,76.57108306884766,73.87528228759766,78.66331481933594,40.10602951049805,28.600000381469727,62.93323516845703,28.776784896850586,30.45243263244629,45.0060920715332,11.61643123626709,100.0058364868164,52.42180252075195,47.97297286987305,29.54545783996582,90.30845642089844,52.60702133178711
2022-01-24,48.653724670410156,39.9872932434082,32.4201774597168,20.55913543701172,33.609127044677734,55.38999938964844,150.30636596679688,39.80881881713867,18.534955978393555,70.25534057617188,26.515785217285156,37.210628509521484,51.92790603637695,72.4744873046875,91.7261734008789,13.820425033569336,53.514801025390625,56.90480041503906,46.603790283203125,8.722786903381348,42.23295211791992,114.78399658203125,20.987035751342773,136.8031463623047,62.150001525878906,74.12870788574219,41.441959381103516,45.478214263916016,14.901938438415527,38.23856735229492,11.204401016235352,15.096912384033203,48.59685516357422,12.791747093200684,21.51285743713379,32.571598052978516,19.946033477783203,144.43954467773438,30.238292694091797,16.51534080505371,65.28182220458984,171.894287109375,96.17652893066406,19.011951446533203,83.40048217773438,78.28174591064453,75.08149719238281,81.0926513671875,40.566505432128906,29.25,64.01106262207031,29.49444580078125,31.07714080810547,46.40283203125,11.82094669342041,100.38573455810547,51.928070068359375,47.660125732421875,29.896026611328125,91.22589111328125,53.47600173950195
2022-01-25,48.54041290283203,41.46925735473633,32.50391387939453,20.44194221496582,34.587711334228516,54.61000061035156,163.7169189453125,40.59516525268555,17.380992889404297,69.95964050292969,26.290014266967773,37.535911560058594,52.03370666503906,72.2042465209961,91.3856430053711,13.959322929382324,54.71825408935547,56.56040954589844,45.8598747253418,8.730273246765137,42.65445327758789,114.30390167236328,20.987035751342773,140.36392211914062,59.290000915527344,74.14649200439453,41.32076644897461,45.02435302734375,14.927671432495117,37.76772689819336,11.230058670043945,15.146820068359375,47.89279556274414,12.693598747253418,21.285024642944336,32.444358825683594,19.87419891357422,142.67124938964844,29.700321197509766,16.611164093017578,65.22169494628906,171.97007751464844,94.41426086425781,19.2188720703125,83.23125457763672,78.47588348388672,75.49251556396484,81.3779296875,41.62287521362305,28.15999984741211,63.85138702392578,29.503198623657227,31.085472106933594,46.892921447753906,11.870028495788574,100.06914520263672,52.33517837524414,47.901451110839844,30.091691970825195,90.74401092529297,56.63667678833008
2022-01-26,48.37046432495117,41.315059661865234,32.075992584228516,20.542394638061523,34.40211868286133,52.560001373291016,165.8070526123047,41.015140533447266,17.42572021484375,70.22761535644531,26.473979949951172,37.27055358886719,51.945533752441406,70.94312286376953,90.80315399169922,13.982473373413086,55.264495849609375,55.94047927856445,45.6935920715332,8.363391876220703,43.084224700927734,113.98966217041016,20.49515151977539,133.66676330566406,59.9900016784668,74.26190948486328,40.72407150268555,43.72625732421875,14.970571517944336,37.66683578491211,11.212952613830566,15.11354923248291,46.80629348754883,12.619991302490234,20.978317260742188,31.908166885375977,20.145570755004883,145.41908264160156,29.507617950439453,16.43694496154785,64.23374938964844,173.49441528320312,93.65629577636719,19.392688751220703,84.62267303466797,77.7269058227539,75.63549041748047,81.54218292236328,40.96377182006836,28.06999969482422,63.40229034423828,28.557981491088867,30.38579750061035,47.01544189453125,11.861848831176758,99.26409149169922,51.98004913330078,48.3930778503418,28.91770362854004,90.35478973388672,57.250064849853516
2022-01-27,46.897544860839844,40.36421203613281,31.368972778320312,19.939682006835938,33.41510009765625,50.2599983215332,162.5726318359375,40.63090896606445,16.817428588867188,68.88774871826172,25.60433578491211,35.746849060058594,51.46064758300781,70.13238525390625,88.50910949707031,13.843574523925781,54.752384185791016,55.704322814941406,45.509803771972656,8.318467140197754,42.811492919921875,118.5373764038086,20.357070922851562,130.6963348388672,57.18000030517578,73.34740447998047,39.642578125,42.491722106933594,14.687458992004395,37.18758773803711,11.067553520202637,14.839056968688965,45.7806510925293,12.31737232208252,20.505125045776367,30.835784912109375,19.9061222076416,146.37261962890625,28.720754623413086,16.071102142333984,63.42620849609375,172.61012268066406,90.90865325927734,18.96228790283203,84.33123779296875,76.85774993896484,73.84847259521484,80.50477600097656,40.10602951049805,26.75,61.73564910888672,28.19915008544922,29.319623947143555,46.91742706298828,10.921082496643066,96.81281280517578,50.97724151611328,48.05341339111328,28.550830841064453,88.7052230834961,57.07117462158203
2022-01-28,46.16107177734375,40.064388275146484,31.471309661865234,20.065250396728516,34.19965744018555,51.18000030517578,167.45266723632812,40.98833465576172,17.193140029907227,69.42369842529297,25.47054100036621,35.644126892089844,51.859710693359375,70.16514587402344,90.91069030761719,14.059635162353516,55.21328353881836,56.91464614868164,45.509803771972656,8.475703239440918,43.052982330322266,122.48280334472656,20.555561065673828,131.5634765625,57.83000183105469,74.6525650024414,40.98511505126953,42.010616302490234,14.833305358886719,37.389373779296875,11.041892051696777,14.972145080566406,44.60722732543945,12.41551685333252,20.364917755126953,29.3453369140625,20.05777359008789,149.1551055908203,29.35506248474121,15.914308547973633,63.0052490234375,175.35557556152344,89.72433471679688,19.119552612304688,83.58851623535156,77.67144775390625,73.45531463623047,80.96296691894531,37.39738464355469,27.549999237060547,61.775569915771484,28.26041603088379,29.29463768005371,47.44019317626953,11.191040992736816,86.11210632324219,51.27372360229492,48.43777847290039,29.129674911499023,90.3825912475586,58.05941390991211
2022-01-31,46.55763244628906,41.14208984375,31.629451751708984,20.00665283203125,34.35150909423828,51.5,170.0628662109375,41.229591369628906,17.282594680786133,69.2573471069336,25.53743553161621,35.73829650878906,52.55139923095703,70.4845199584961,91.89640808105469,14.075072288513184,55.58029556274414,58.50872039794922,44.80965042114258,8.333441734313965,42.861454010009766,123.08509826660156,20.80580711364746,135.35487365722656,58.29999923706055,76.6591796875,41.50722885131836,42.65511703491211,14.678877830505371,37.523902893066406,11.050448417663574,14.930554389953613,45.13744354248047,12.31737232208252,20.645328521728516,30.017852783203125,20.00190544128418,146.82334899902344,29.427330017089844,15.966571807861328,62.92793273925781,173.47756958007812,91.62873077392578,18.98712730407715,82.45093536376953,78.47588348388672,75.42102813720703,81.69780731201172,38.45376205444336,29.81999969482422,62.57395935058594,28.51422119140625,29.42791175842285,47.530029296875,11.387373924255371,89.7212142944336,49.53843688964844,48.08917236328125,28.93400764465332,90.88300323486328,57.778263092041016
2022-02-01,46.038333892822266,42.27150344848633,33.36906814575195,20.542394638061523,34.86609649658203,52.47999954223633,173.58103942871094,41.944454193115234,17.47045135498047,69.38671875,25.261491775512695,36.17485809326172,53.81952667236328,70.95130920410156,93.66175842285156,14.067355155944824,56.80934524536133,60.59480667114258,45.369773864746094,8.333441734313965,44.09391784667969,124.11509704589844,20.80580711364746,138.8234100341797,58.65999984741211,77.19189453125,41.842864990234375,43.45393371582031,15.004887580871582,38.62531661987305,11.255717277526855,15.130186080932617,45.14613342285156,12.726316452026367,20.864404678344727,29.954233169555664,20.393003463745117,149.8312225341797,30.342668533325195,16.149497985839844,63.54648208618164,176.6356964111328,92.34880065917969,19.53339385986328,84.66969299316406,77.8378677368164,75.7873764038086,83.43550109863281,38.71559143066406,30.3700008392334,63.641807556152344,28.601741790771484,30.235858917236328,48.41218566894531,11.346473693847656,90.04685974121094,52.52940368652344,49.698097229003906,29.227502822875977,91.79119873046875,58.8261604309082
2022-02-02,46.40656280517578,42.219783782958984,32.066680908203125,20.550762176513672,33.744102478027344,50.77000045776367,174.16738891601562,41.899784088134766,17.488338470458984,69.52533721923828,24.90192985534668,36.03789520263672,54.138763427734375,69.96039581298828,93.4018783569336,13.87444019317627,56.52769088745117,58.124969482421875,44.940921783447266,8.191182136535645,44.252132415771484,123.0501708984375,20.538297653198242,138.02081298828125,59.43000030517578,76.5260009765625,41.57249069213867,42.500797271728516,14.936257362365723,39.23908996582031,11.187294006347656,15.088594436645508,44.442081451416016,12.930787086486816,20.67161750793457,29.67251205444336,20.600522994995117,152.40573120117188,29.981342315673828,16.001419067382812,63.03959655761719,177.58731079101562,92.38671112060547,19.690656661987305,84.95174407958984,77.94883728027344,75.89459991455078,84.3519058227539,38.553070068359375,31.0,63.621849060058594,28.304166793823242,29.661136627197266,48.820587158203125,11.31374740600586,89.36845397949219,51.77947998046875,49.993072509765625,29.390562057495117,91.49464416503906,59.03913116455078
2022-02-03,45.811729431152344,41.667999267578125,32.0945930480957,20.55913543701172,33.744102478027344,52.970001220703125,174.05386352539062,41.488739013671875,17.52411651611328,69.76559448242188,24.851755142211914,36.72269821166992,53.890464782714844,70.10781860351562,92.89111328125,13.442309379577637,55.69978332519531,56.74736404418945,44.80965042114258,8.187410354614258,44.11056900024414,121.3218765258789,20.590078353881836,136.79393005371094,59.86000061035156,76.25962829589844,41.87084197998047,42.82758331298828,14.910514831542969,38.82710266113281,11.255717277526855,15.022054672241211,44.31170654296875,12.734492301940918,20.540176391601562,29.545272827148438,20.440893173217773,151.85093688964844,29.95726203918457,16.001419067382812,63.0052490234375,175.1787109375,91.86441802978516,19.516845703125,83.56971740722656,77.37554168701172,75.52825164794922,83.93693542480469,38.14677429199219,30.43000030517578,64.49010467529297,28.14663314819336,29.452892303466797,48.314170837402344,11.297388076782227,86.89000701904297,51.63124465942383,49.53515625,29.42317008972168,91.32782745361328,58.69837951660156
2022-02-04,46.236610412597656,41.874916076660156,32.54112243652344,20.860490798950195,34.11529541015625,53.08000183105469,175.76565551757812,43.14185333251953,17.75670051574707,70.27383422851562,24.97718620300293,37.26198959350586,54.81272888183594,70.80389404296875,93.86786651611328,13.658376693725586,56.84388732910156,57.32791519165039,45.35226821899414,8.25532341003418,45.00993728637695,123.52155303955078,20.900737762451172,138.69424438476562,61.08000183105469,78.51646423339844,41.93610382080078,42.91836929321289,15.219365119934082,39.80241775512695,11.435328483581543,15.163453102111816,44.39863204956055,12.947144508361816,20.715436935424805,29.945152282714844,20.887855529785156,155.6476593017578,30.55143165588379,16.12335968017578,63.967430114746094,177.14938354492188,93.41226196289062,20.07139015197754,86.39954376220703,78.34642791748047,77.43143463134766,85.49307250976562,38.372501373291016,30.799999237060547,67.34435272216797,28.59298324584961,29.919340133666992,48.7634162902832,11.403736114501953,88.56342315673828,53.00028991699219,50.576683044433594,29.692211151123047,93.85777282714844,60.632266998291016
2022-02-07,46.859771728515625,41.53866958618164,32.65275192260742,20.952571868896484,34.13216018676758,53.97999954223633,177.6760711669922,43.34737777709961,17.57779312133789,70.88368225097656,24.96882438659668,37.11646270751953,55.20292282104492,70.6646728515625,93.72449493408203,13.573492050170898,57.084754943847656,57.072078704833984,45.85112380981445,8.33832836151123,45.15983200073242,124.25477600097656,21.099220275878906,140.3731231689453,61.54999923706055,78.87327575683594,42.029605865478516,42.82758331298828,15.36521053314209,40.626373291015625,11.572178840637207,15.229998588562012,44.90276336669922,12.947144508361816,20.846878051757812,30.145082473754883,21.07942008972168,156.4451141357422,30.543397903442383,16.097230911254883,63.89012145996094,176.60195922851562,93.76363372802734,20.25348472595215,87.56533813476562,77.82862854003906,77.82457733154297,85.87348175048828,38.7246208190918,30.780000686645508,68.16270446777344,28.680511474609375,29.977645874023438,48.665401458740234,11.469181060791016,89.87498474121094,52.51197052001953,51.474544525146484,29.741125106811523,94.10799407958984,61.04118347167969
2022-02-08,47.94557571411133,42.35771942138672,32.9039306640625,21.52180290222168,34.798614501953125,55.790000915527344,183.47344970703125,44.124794006347656,18.05190086364746,72.76875305175781,25.57925033569336,37.83551788330078,56.41781997680664,72.3680191040039,95.9289321899414,13.573492050170898,57.738525390625,58.646488189697266,44.2845344543457,8.398697853088379,46.109161376953125,127.18765258789062,21.254549026489258,143.8877716064453,62.810001373291016,81.47798919677734,42.665428161621094,44.35260772705078,15.742691993713379,41.61849594116211,11.820215225219727,15.595987319946289,46.30216979980469,13.331549644470215,21.416465759277344,30.663103103637695,21.51043128967285,159.74774169921875,31.29012680053711,16.454370498657227,65.30760955810547,178.0,96.69789123535156,20.766647338867188,89.27642822265625,80.49166870117188,79.32565307617188,88.05208587646484,39.708763122558594,31.0,70.81735229492188,29.188129425048828,30.702316284179688,48.665401458740234,11.706418991088867,92.61575317382812,54.02923583984375,52.749515533447266,30.613462448120117,97.36075592041016,63.01769256591797
2022-02-09,48.33270263671875,43.09055709838867,31.63875389099121,21.161842346191406,33.98031234741211,55.689998626708984,185.74322509765625,44.03542709350586,17.604629516601562,71.87242889404297,25.06916618347168,37.63862609863281,56.45329284667969,71.63101196289062,95.13140869140625,13.349711418151855,58.35789489746094,57.09175491333008,45.07221603393555,8.232687950134277,46.0592041015625,126.28858947753906,20.883480072021484,146.5260467529297,62.59000015258789,80.25592041015625,42.001548767089844,43.69902801513672,15.571107864379883,41.35784912109375,11.69192123413086,15.30486011505127,45.832801818847656,13.200688362121582,21.00460433959961,30.154184341430664,21.31088638305664,158.67286682128906,30.83245849609375,16.166919708251953,65.11859893798828,177.49464416503906,95.26399230957031,20.56800079345703,88.86274719238281,78.40191650390625,78.5215072631836,87.89646911621094,40.52544403076172,30.31999969482422,68.58185577392578,28.610492706298828,30.152572631835938,48.80425262451172,11.608251571655273,91.79261016845703,53.78508377075195,53.027862548828125,29.993864059448242,95.21310424804688,62.14017868041992
2022-02-10,47.87004470825195,42.4870491027832,31.797319412231445,21.178590774536133,34.15022659301758,55.599998474121094,184.90150451660156,43.82991409301758,17.747758865356445,70.78204345703125,24.768136978149414,37.35615158081055,56.28480911254883,71.8111572265625,94.01123809814453,13.257112503051758,58.065406799316406,56.38328170776367,44.72212600708008,8.210049629211426,45.8010368347168,126.36714172363281,20.995662689208984,145.2991485595703,63.810001373291016,81.30851745605469,41.6929931640625,43.299625396728516,15.519633293151855,41.29899215698242,11.734684944152832,15.271585464477539,45.54596710205078,13.127077102661133,20.820585250854492,30.154184341430664,21.191162109375,158.7248992919922,31.025157928466797,16.158205032348633,64.5859603881836,177.3851776123047,94.88414764404297,20.62594223022461,87.47779846191406,78.9752197265625,78.71917724609375,87.65441131591797,40.04450607299805,29.459999084472656,68.9810562133789,28.479211807250977,30.035961151123047,48.36317443847656,11.518263816833496,89.3141860961914,54.064125061035156,53.01886749267578,30.034622192382812,96.42173767089844,63.14546585083008
2022-02-11,47.596229553222656,41.814571380615234,32.077144622802734,21.07813835144043,34.42205810546875,55.02000045776367,181.40228271484375,42.82016372680664,17.631467819213867,70.7728042602539,24.768136978149414,36.97949981689453,55.27386474609375,71.69652557373047,93.27643585205078,13.156797409057617,57.76433181762695,55.91095733642578,44.45082092285156,8.262869834899902,45.359683990478516,126.89956665039062,21.125104904174805,144.45651245117188,62.689998626708984,80.18455505371094,41.60882568359375,42.954681396484375,15.416683197021484,40.81134033203125,11.71757984161377,15.263272285461426,45.450355529785156,13.020752906799316,20.846878051757812,30.081462860107422,20.927764892578125,158.02276611328125,30.519306182861328,16.219179153442383,64.35400390625,174.63131713867188,93.51670837402344,20.55144691467285,83.95419311523438,78.65158081054688,78.57542419433594,85.73515319824219,39.73598861694336,28.579999923706055,67.85332489013672,28.470457077026367,29.92767906188965,47.8240852355957,11.559168815612793,87.79454803466797,53.38396072387695,52.354461669921875,29.879716873168945,95.7895278930664,62.37873458862305
2022-02-14,46.8220100402832,41.67661666870117,31.06044578552246,20.952571868896484,34.26914596557617,54.349998474121094,181.9130096435547,42.37336349487305,17.398887634277344,71.2625503540039,24.575809478759766,36.94526672363281,54.5112190246582,71.6146240234375,91.59213256835938,13.056482315063477,57.17076873779297,55.81255340576172,44.24952697753906,8.27796459197998,44.68516540527344,124.43804168701172,21.020959854125977,143.66014099121094,60.81999969482422,79.70285034179688,41.59013748168945,42.636966705322266,15.296576499938965,40.55070114135742,11.589284896850586,15.196728706359863,45.48512649536133,12.840818405151367,20.61028289794922,29.65238380432129,20.680339813232422,156.38446044921875,30.077699661254883,16.105941772460938,63.907291412353516,172.28167724609375,93.53572845458984,20.29486846923828,82.6634521484375,78.19849395751953,78.32384490966797,85.31153869628906,39.95376968383789,29.15999984741211,66.22660064697266,28.42670249938965,30.002634048461914,47.268653869628906,11.49372386932373,85.74126434326172,53.33164596557617,51.941436767578125,29.463937759399414,94.50650024414062,61.646060943603516
2022-02-15,48.35157775878906,42.96985626220703,31.722698211669922,21.29578399658203,35.398990631103516,56.2400016784668,187.23753356933594,42.704002380371094,17.84615707397461,72.3806381225586,25.219682693481445,37.81838607788086,55.185184478759766,72.5809555053711,93.82586669921875,13.095063209533691,57.635292053222656,57.475528717041016,44.24952697753906,8.34587574005127,45.925960540771484,127.34473419189453,21.281328201293945,147.13265991210938,64.69999694824219,82.06674194335938,42.38491439819336,43.48116683959961,15.897115707397461,41.51759338378906,11.803108215332031,15.446261405944824,47.04098129272461,13.257939338684082,21.100053787231445,30.346221923828125,21.175201416015625,159.43565368652344,32.75145721435547,16.480501174926758,65.27323150634766,174.48818969726562,96.33702850341797,20.932186126708984,84.45353698730469,79.37281799316406,81.36981964111328,86.7293472290039,40.643409729003906,30.34000015258789,69.420166015625,28.759275436401367,30.81892204284668,47.87309265136719,11.804585456848145,88.6810073852539,54.535011291503906,52.417301177978516,30.018320083618164,97.10972595214844,63.307342529296875
2022-02-16,48.455440521240234,43.487144470214844,31.694721221923828,21.379493713378906,35.297054290771484,56.0099983215332,187.6158447265625,42.6057014465332,17.738807678222656,72.76875305175781,25.35454750061035,37.86119842529297,55.42461013793945,72.22063446044922,93.49260711669922,13.187661170959473,57.59228515625,57.81007766723633,44.03947830200195,8.376060485839844,45.992576599121094,127.16144561767578,21.27265167236328,147.1048583984375,64.5199966430664,83.00338745117188,42.31945037841797,43.69902801513672,15.914271354675293,41.62688446044922,11.880086898803711,15.446261405944824,47.093143463134766,13.241581916809082,21.100053787231445,29.743684768676758,21.23905372619629,161.31671142578125,33.0324821472168,16.105941772460938,65.30760955810547,175.6671905517578,96.31803894042969,20.890796661376953,84.16146850585938,79.47451782226562,80.86663818359375,86.69477844238281,40.697853088378906,30.049999237060547,68.09284210205078,28.601741790771484,30.98551368713379,47.86492156982422,11.84548568725586,88.85287475585938,54.04668426513672,52.20182418823242,29.985702514648438,96.84011840820312,63.29021072387695
2022-02-17,46.85032653808594,42.53877639770508,30.799272537231445,20.718183517456055,34.64292907714844,54.150001525878906,185.09068298339844,41.167049407958984,17.354156494140625,72.02950286865234,24.654937744140625,36.637107849121094,50.85762405395508,70.77934265136719,90.18702697753906,13.025613784790039,55.665374755859375,55.57640838623047,43.759429931640625,8.421337127685547,44.210506439208984,123.66120910644531,20.89076805114746,142.9378662109375,61.29999923706055,80.00615692138672,41.28157043457031,42.70050811767578,15.279419898986816,40.517066955566406,11.56362533569336,15.07196044921875,46.31955337524414,12.979859352111816,20.491146087646484,28.812477111816406,20.536672592163086,158.33482360839844,32.62298583984375,15.33940601348877,63.52927780151367,169.5277862548828,91.6175308227539,19.781700134277344,81.04298400878906,78.60536193847656,78.54846954345703,80.96296691894531,39.61802291870117,28.670000076293945,66.00704193115234,27.831558227539062,30.185884475708008,46.664215087890625,11.600069046020508,84.95852661132812,52.477081298828125,50.41506576538086,29.178592681884766,92.64704895019531,60.986724853515625
2022-02-18,47.294097900390625,42.900875091552734,30.827260971069336,20.835378646850586,34.821327209472656,54.119998931884766,184.30572509765625,41.06875991821289,17.479394912719727,72.04800415039062,24.992097854614258,37.35615158081055,49.997432708740234,71.47541046142578,91.709228515625,13.187661170959473,55.17504119873047,55.2221565246582,44.48583221435547,8.406243324279785,44.34373474121094,123.68737030029297,21.020959854125977,142.5674591064453,60.810001373291016,79.32820892333984,41.68364334106445,42.9092903137207,15.528213500976562,40.55070114135742,11.649154663085938,15.24663257598877,46.849769592285156,12.963502883911133,20.72058868408203,29.022459030151367,20.464834213256836,158.06613159179688,32.54269027709961,15.94044017791748,64.0103759765625,169.41831970214844,92.6146011352539,19.616167068481445,80.65668487548828,79.45602416992188,78.8899154663086,80.73817443847656,39.40024185180664,29.299999237060547,65.80744934082031,28.059110641479492,30.585708618164062,46.63970947265625,11.730960845947266,84.49555969238281,52.05852127075195,49.94817352294922,29.4068660736084,91.86607360839844,60.55856704711914
2022-02-22,46.359344482421875,42.4870491027832,30.44483184814453,20.68470001220703,34.464542388916016,53.849998474121094,181.9981231689453,40.71133041381836,17.595684051513672,71.33648681640625,24.907808303833008,37.19351577758789,49.341209411621094,71.35256958007812,91.66417694091797,12.770965576171875,54.959991455078125,54.16926956176758,44.704620361328125,8.34587574005127,44.243804931640625,122.6312255859375,20.8734073638916,141.61367797851562,60.810001373291016,78.3826675415039,41.075870513916016,42.65511703491211,15.313735961914062,40.6347770690918,11.503753662109375,15.196728706359863,46.954063415527344,12.947144508361816,20.51761817932129,28.48381996154785,20.424924850463867,158.2740936279297,31.95655632019043,15.77493953704834,63.38323974609375,171.02685546875,91.6934814453125,19.765146255493164,79.6768569946289,78.8735122680664,79.45597076416016,79.90823364257812,38.7559700012207,29.190000534057617,64.8194351196289,27.954092025756836,30.202543258666992,47.21148681640625,11.559168815612793,83.16112518310547,51.93644332885742,49.63392639160156,29.186738967895508,91.81028747558594,60.70412826538086
2022-02-23,45.73619079589844,41.478328704833984,29.810569763183594,20.324748992919922,33.954830169677734,52.77000045776367,178.69747924804688,40.01433563232422,17.506227493286133,71.10545349121094,24.64651107788086,36.71414566040039,47.31044387817383,70.45995330810547,90.29510498046875,12.73238468170166,54.383636474609375,53.175437927246094,45.77235412597656,8.232687950134277,43.177894592285156,120.36170196533203,20.856050491333008,138.40966796875,59.43000030517578,77.64228057861328,40.38394546508789,41.96523666381836,15.167890548706055,39.65947341918945,11.341248512268066,14.888965606689453,46.310855865478516,12.513663291931152,20.21757698059082,28.365137100219727,19.690624237060547,156.7311553955078,31.15363121032715,15.59201431274414,62.66162872314453,167.5992431640625,90.9718017578125,19.384414672851562,77.77374267578125,79.03069305419922,78.92583465576172,75.41270446777344,37.74872589111328,28.68000030517578,63.95118713378906,27.30643653869629,29.92767906188965,46.27214813232422,11.321929931640625,81.12771606445312,51.203956604003906,48.43976593017578,28.958467483520508,89.85787200927734,59.693687438964844
2022-02-24,45.046939849853516,41.6248893737793,29.85720443725586,19.939682006835938,33.34318542480469,52.13999938964844,178.13002014160156,38.95991134643555,17.18419075012207,70.19989776611328,24.098623275756836,35.88381576538086,46.55668640136719,68.87944030761719,88.78195190429688,12.686083793640137,52.1900520324707,52.7523078918457,43.89070129394531,8.111949920654297,42.03702926635742,117.78668975830078,20.79529571533203,136.83551025390625,58.54999923706055,74.49341583251953,39.84162902832031,41.8109130859375,14.961992263793945,38.473976135253906,11.050448417663574,14.522979736328125,45.424278259277344,12.235583305358887,19.917531967163086,27.55261993408203,19.259613037109375,151.2354736328125,30.527341842651367,15.609440803527832,61.192588806152344,164.7358856201172,89.2435302734375,19.102996826171875,77.50994873046875,76.37688446044922,77.28155517578125,73.8997802734375,37.42205810546875,28.290000915527344,63.242610931396484,27.16640281677246,29.15304183959961,45.1939697265625,11.027426719665527,81.88114929199219,49.33787536621094,47.326416015625,28.232877731323242,88.31452941894531,57.34738540649414
2022-02-25,46.84088897705078,43.51300811767578,31.22834587097168,20.827009201049805,35.14413833618164,54.11000061035156,183.19920349121094,40.22880172729492,17.9177188873291,71.47508239746094,24.91623306274414,37.38182830810547,48.21498489379883,71.57978820800781,92.88912200927734,12.709233283996582,53.31694030761719,54.346397399902344,44.74839782714844,8.32323932647705,44.118900299072266,123.00936889648438,21.498310089111328,142.22482299804688,61.5,79.00707244873047,41.141326904296875,43.55379104614258,15.656902313232422,40.43299865722656,11.460989952087402,15.130186080932617,47.77111053466797,12.734492301940918,20.844135284423828,28.374267578125,20.193462371826172,159.75430297851562,31.57524871826172,16.079811096191406,63.99319839477539,170.6815948486328,94.0580062866211,20.1044979095459,80.78861236572266,79.86286926269531,80.74983978271484,76.7181396484375,39.191532135009766,29.350000381469727,66.19666290283203,28.085369110107422,30.494075775146484,46.83574295043945,11.461000442504883,85.60304260253906,52.24163818359375,48.58342742919922,30.083539962768555,91.89398193359375,60.78976821899414
2022-02-28,46.73702621459961,43.02158737182617,30.267610549926758,20.582277297973633,34.515506744384766,54.7400016784668,183.98414611816406,39.49606704711914,17.57779312133789,72.19585418701172,24.23348617553711,37.83551788330078,47.133094787597656,71.16687774658203,92.5018081665039,12.385135650634766,50.951324462890625,54.50383758544922,44.04823684692383,8.240232467651367,43.652557373046875,123.52725982666016,21.168500900268555,141.92852783203125,61.54999923706055,78.10612487792969,41.55274200439453,43.49932098388672,20.143779754638672,40.222801208496094,11.486648559570312,14.98878288269043,48.15355682373047,12.693598747253418,20.658815383911133,28.22819709777832,20.16530990600586,159.05606079101562,31.193449020385742,15.92302131652832,63.967430114746094,167.80136108398438,95.98568725585938,20.021730422973633,79.57322692871094,80.79679870605469,80.86663818359375,73.77010345458984,38.81948471069336,29.299999237060547,66.46611785888672,27.75920867919922,30.502408981323242,46.18230438232422,11.428277015686035,85.09467315673828,52.503238677978516,47.91900634765625,29.790040969848633,92.37742614746094,60.70412826538086
2022-03-01,44.131080627441406,39.926448822021484,29.12034034729004,19.738401412963867,32.943912506103516,51.25,168.3983612060547,37.95018005371094,16.91582489013672,70.35698699951172,23.618165969848633,35.84101104736328,44.85403060913086,68.42524719238281,87.65605163574219,12.138206481933594,50.40077590942383,52.58502960205078,43.986968994140625,8.142135620117188,40.43815994262695,117.76039123535156,20.569637298583984,130.27011108398438,56.52000045776367,73.11075592041016,39.84162902832031,41.46596908569336,20.109466552734375,37.3809700012207,10.905045509338379,14.46475887298584,45.96317672729492,11.769388198852539,19.635143280029297,27.315256118774414,18.49224090576172,148.25039672851562,29.74750328063965,15.034534454345703,61.00358581542969,157.6448516845703,90.21212005615234,18.300142288208008,73.35511016845703,78.95671844482422,76.80534362792969,69.93157958984375,35.8159294128418,27.520000457763672,62.07496643066406,26.798343658447266,28.90315818786621,43.99325180053711,10.782011032104492,80.66473388671875,48.70131301879883,45.15357971191406,28.371469497680664,85.83216094970703,55.60908126831055
2022-03-02,46.05721664428711,40.642032623291016,29.959810256958008,20.827007293701172,34.464542388916016,54.689998626708984,170.52630615234375,38.56673812866211,17.77458953857422,72.14039611816406,24.958385467529297,37.416072845458984,46.2374267578125,70.75399017333984,91.93437957763672,12.323404312133789,51.23520278930664,55.38943862915039,44.26703643798828,8.38360595703125,42.220237731933594,124.68589782714844,20.960201263427734,130.7516632080078,60.689998626708984,75.88499450683594,41.59013748168945,43.37224197387695,20.444053649902344,38.734615325927734,11.298481941223145,14.822425842285156,48.44908142089844,12.34190845489502,20.447019577026367,28.68466567993164,19.441387176513672,156.0709686279297,30.673555374145508,15.452649116516113,63.27156448364258,163.1273193359375,94.85566711425781,19.34303092956543,77.0765609741211,81.21287536621094,80.06696319580078,72.56840515136719,36.07907485961914,29.520000457763672,65.88728332519531,27.91788101196289,29.844385147094727,45.9290885925293,11.371013641357422,83.92364501953125,51.27372360229492,46.886470794677734,29.48838233947754,91.22456359863281,58.554786682128906
2022-03-03,45.87783432006836,40.185089111328125,29.922504425048828,20.649789810180664,34.311622619628906,52.40999984741211,170.12905883789062,38.15369415283203,17.604629516601562,72.2605209350586,25.076391220092773,37.313358306884766,46.43252182006836,70.3989028930664,92.22260284423828,12.184505462646484,49.56635665893555,55.241844177246094,43.93446350097656,8.428881645202637,41.79553985595703,122.7372817993164,21.211896896362305,128.2699737548828,61.189998626708984,74.09198760986328,41.4124870300293,43.154380798339844,20.47836685180664,38.92800521850586,11.298481941223145,14.755879402160645,48.388240814208984,12.333727836608887,20.288175582885742,28.38339614868164,19.433338165283203,157.67697143554688,30.299884796142578,15.610686302185059,63.24579620361328,161.3503875732422,94.0580062866211,19.392688751220703,76.04019927978516,82.2762451171875,79.28524017333984,72.56840515136719,35.289615631103516,28.530000686645508,64.89927673339844,27.891433715820312,29.86103630065918,45.99443817138672,11.387373924255371,81.63607025146484,50.93364334106445,46.00655746459961,29.38240623474121,91.11299896240234,58.22937774658203
2022-03-04,44.15940856933594,38.615970611572266,29.288232803344727,19.78059196472168,33.13930130004883,50.150001525878906,163.56564331054688,36.77085494995117,16.862157821655273,71.49356079101562,25.05953025817871,35.49005889892578,45.15554428100586,67.83068084716797,90.14201354980469,12.076473236083984,48.680320739746094,53.765830993652344,43.95196533203125,8.34587574005127,40.11338806152344,118.7522201538086,21.046993255615234,124.1955337524414,52.880001068115234,68.93607330322266,40.43070602416992,41.91984176635742,20.332521438598633,37.45663833618164,10.918702125549316,14.506346702575684,46.44992446899414,12.072007179260254,19.67044448852539,27.2513484954834,18.677242279052734,153.81033325195312,29.479440689086914,15.32972526550293,61.04653549194336,155.69102478027344,89.76579284667969,18.713985443115234,74.64584350585938,80.93548583984375,75.81695556640625,69.60307312011719,33.828670501708984,26.719999313354492,62.17476272583008,27.433042526245117,29.069744110107422,45.12862014770508,10.929261207580566,76.9973373413086,48.788516998291016,43.806793212890625,28.58344078063965,85.96232604980469,55.994407653808594
2022-03-07,41.88393020629883,35.18459701538086,28.6912784576416,18.928268432617188,32.11988830566406,47.220001220703125,150.49551391601562,34.427207946777344,16.262815475463867,70.61573028564453,24.697084426879883,34.300201416015625,44.34856414794922,66.2699203491211,89.52953338623047,11.814108848571777,47.78567886352539,48.94422912597656,43.82069396972656,8.293052673339844,37.8316650390625,116.88261413574219,20.821338653564453,115.5652084350586,49.56999969482422,63.64631271362305,39.813594818115234,40.7125358581543,20.118043899536133,35.295833587646484,10.487133026123047,13.940731048583984,44.459476470947266,11.52402114868164,18.973283767700195,26.402305603027344,17.792448043823242,148.8090362548828,28.35030174255371,14.732695579528809,60.488155364990234,150.49484252929688,85.90091705322266,17.59661102294922,71.94188690185547,79.98310089111328,73.23823547363281,67.58008575439453,31.541963577270508,24.350000381469727,60.13886260986328,26.97464942932129,28.295103073120117,43.37248611450195,10.561136245727539,70.33428955078125,45.50978469848633,41.13115692138672,28.143190383911133,81.16494750976562,53.2884521484375
2022-03-08,41.88393020629883,35.52082824707031,28.849843978881836,18.911394119262695,32.340763092041016,46.7400016784668,151.36563110351562,34.651702880859375,16.629575729370117,70.68963623046875,24.461069107055664,34.22315979003906,44.98705291748047,65.93959045410156,89.38541412353516,11.783242225646973,47.20072555541992,48.64903259277344,43.899452209472656,8.179863929748535,37.99821472167969,117.2161636352539,20.830013275146484,116.75047302246094,51.150001525878906,64.69000244140625,40.00993728637695,40.5582160949707,20.075151443481445,35.279022216796875,10.685653686523438,13.915777206420898,44.49422836303711,11.60581111907959,19.17624855041504,27.02311134338379,18.017669677734375,146.74917602539062,28.11472511291504,15.048768997192383,60.31630325317383,152.9371337890625,87.15438079833984,17.712482452392578,71.31065368652344,78.7440414428711,73.24720764160156,68.60888671875,31.814197540283203,24.829999923706055,59.01113510131836,27.062803268432617,28.09520149230957,43.49500274658203,10.782011032104492,72.10444641113281,45.75394821166992,41.71476364135742,27.874155044555664,83.05228424072266,53.476844787597656
2022-03-09,43.71564865112305,36.977867126464844,29.390830993652344,19.341777801513672,33.232749938964844,48.310001373291016,159.49896240234375,36.85166549682617,17.166301727294922,71.6321792602539,24.85723304748535,35.361656188964844,46.27290725708008,67.59944915771484,91.22284698486328,11.98387336730957,48.12976837158203,50.63871765136719,43.899452209472656,8.210049629211426,39.846900939941406,121.28018188476562,20.942842483520508,122.1490707397461,54.869998931884766,68.97174072265625,41.029117584228516,41.765525817871094,20.13520050048828,37.616390228271484,10.99638557434082,14.298399925231934,45.5633544921875,12.031112670898438,19.70573616027832,27.516098022460938,18.757675170898438,151.18313598632812,29.073270797729492,15.356070518493652,61.53621292114258,157.27430725097656,90.55398559570312,18.58155632019043,74.79660034179688,80.56562805175781,76.76041412353516,72.25717163085938,32.848663330078125,26.18000030517578,60.597938537597656,27.59171485900879,28.853179931640625,44.52418518066406,10.994706153869629,76.86117553710938,47.654911041259766,44.13900375366211,28.387773513793945,85.8135757446289,55.771766662597656
2022-03-10,43.89503860473633,36.19330978393555,29.11100959777832,19.308019638061523,33.19027328491211,48.91999816894531,160.3974151611328,36.51941680908203,17.148412704467773,71.68761444091797,24.19976806640625,35.395896911621094,44.33969497680664,67.92976379394531,89.59256744384766,11.844974517822266,47.209327697753906,50.06742477416992,43.77692794799805,8.315692901611328,39.37224578857422,121.03441619873047,21.090391159057617,120.62116241455078,55.380001068115234,69.32855987548828,41.15067672729492,41.72012710571289,20.040224075317383,37.39778137207031,10.970489501953125,14.373257637023926,46.02402877807617,11.949324607849121,20.120506286621094,27.54349136352539,18.46811294555664,151.7853546142578,29.195117950439453,15.198025703430176,61.12385177612305,155.76683044433594,89.7468032836914,18.348031997680664,75.04155731201172,81.15740203857422,76.5357894897461,71.68659210205078,32.149940490722656,27.229999542236328,62.10490417480469,27.838539123535156,29.425527572631836,43.28263473510742,11.002886772155762,76.97010803222656,47.80316162109375,44.00431442260742,28.44540023803711,85.02330017089844,55.24941635131836
2022-03-11,45.141357421875,35.676021575927734,29.166975021362305,19.586498260498047,33.69998550415039,48.54999923706055,158.7896728515625,36.214141845703125,17.211029052734375,72.3806381225586,24.47793197631836,35.66126251220703,44.33969497680664,69.25102996826172,91.01570129394531,11.891274452209473,46.589962005615234,50.481117248535156,43.759429931640625,8.368514060974121,39.03915023803711,121.12220764160156,21.18585968017578,120.46375274658203,55.77000045776367,68.36515808105469,41.70234680175781,41.86537170410156,19.927978515625,36.99420928955078,10.99638557434082,14.597844123840332,46.52815628051758,12.039292335510254,20.402896881103516,27.954315185546875,18.43593406677246,150.31903076171875,29.04889678955078,15.338507652282715,60.63417053222656,153.40032958984375,90.01268768310547,18.27297592163086,75.59739685058594,81.33307647705078,77.6319808959961,70.96902465820312,31.79604721069336,27.270000457763672,61.65580749511719,28.076553344726562,30.014711380004883,43.004920959472656,11.051970481872559,75.38151550292969,48.30891418457031,43.519474029541016,28.873525619506836,85.32083129882812,54.98395919799805
2022-03-14,44.442665100097656,35.9088020324707,29.11100959777832,19.77215576171875,33.615028381347656,47.349998474121094,163.41432189941406,36.99533462524414,17.25589370727539,74.89407348632812,24.46949577331543,36.08925247192383,44.809696197509766,69.00330352783203,91.88936614990234,11.652060508728027,46.650177001953125,51.633567810058594,45.073974609375,8.406243324279785,40.613037109375,121.52594757080078,21.246610641479492,123.77883911132812,56.470001220703125,67.49989318847656,41.79584503173828,41.674747467041016,20.117937088012695,38.549652099609375,11.091330528259277,14.68101978302002,45.61549758911133,12.30101203918457,20.21757698059082,28.09125328063965,19.151817321777344,152.92005920410156,29.422576904296875,15.356070518493652,61.24001693725586,154.41937255859375,89.39544677734375,18.94852066040039,78.44268035888672,82.75706481933594,76.9041748046875,72.05834197998047,32.195308685302734,28.229999542236328,61.04703140258789,27.979583740234375,30.216716766357422,44.066776275634766,11.084961891174316,74.43741607666016,50.00931930541992,44.76750564575195,29.22754669189453,85.55325317382812,55.660438537597656
2022-03-15,44.612613677978516,35.72774124145508,29.59604263305664,19.510549545288086,33.41115188598633,47.630001068115234,166.48797607421875,37.26472091674805,17.17513656616211,74.67230987548828,24.216629028320312,35.995094299316406,44.82742691040039,69.14368438720703,90.9166030883789,11.644344329833984,47.40718460083008,51.17061996459961,44.597564697265625,8.353422164916992,40.546417236328125,121.92094421386719,21.15114402770996,124.33448791503906,56.68000030517578,68.26703643798828,43.0861930847168,41.319576263427734,19.99705696105957,38.499202728271484,11.065437316894531,14.606155395507812,45.53727722167969,12.243762016296387,20.34994888305664,27.689559936523438,19.175947189331055,152.7541961669922,29.422576904296875,15.399970054626465,61.28327178955078,156.00262451171875,90.08868408203125,19.00689697265625,78.35786437988281,83.08993530273438,76.28419494628906,72.59434509277344,32.794212341308594,28.559999465942383,60.78755569458008,27.864988327026367,30.07362937927246,44.434329986572266,11.167438507080078,75.09102630615234,50.20988082885742,44.99197006225586,29.071123123168945,85.89723205566406,55.96872329711914
2022-03-16,45.604007720947266,37.39170455932617,30.025100708007812,20.06751251220703,34.0142936706543,49.58000183105469,170.80999755859375,38.43205261230469,18.32373809814453,75.9012680053711,24.60436248779297,37.23630905151367,46.03347396850586,71.05127716064453,93.0962905883789,11.667492866516113,48.8609619140625,53.52476501464844,44.65932083129883,8.436429977416992,41.92045211791992,124.65079498291016,21.17717742919922,127.64025115966797,59.2400016784668,72.28117370605469,43.9931640625,42.366905212402344,19.90207862854004,39.93693542480469,11.393426895141602,14.80578899383545,47.05837631225586,12.619991302490234,20.702939987182617,28.28297233581543,19.594213485717773,158.34033203125,30.34050750732422,15.84774112701416,62.8670654296875,162.02410888671875,92.80453491210938,19.632400512695312,83.79401397705078,85.21668243408203,79.27626037597656,75.6028823852539,34.18256759643555,29.739999771118164,63.701690673828125,28.296934127807617,30.587053298950195,45.969932556152344,11.439615249633789,78.79475402832031,51.57019805908203,46.32979202270508,29.40867805480957,89.64405059814453,58.965816497802734
2022-03-17,44.9242057800293,38.064186096191406,29.85720443725586,19.831228256225586,33.5810432434082,49.060001373291016,176.82489013671875,38.63857650756836,17.821224212646484,75.6979751586914,25.03424644470215,36.56862258911133,46.56554412841797,70.4154052734375,91.87135314941406,11.628911018371582,49.28247833251953,54.70676803588867,44.65932083129883,8.398697853088379,41.420799255371094,122.82505798339844,21.081708908081055,127.37171936035156,58.41999816894531,71.90653991699219,44.18952178955078,41.9843864440918,19.945247650146484,39.30634689331055,11.099961280822754,14.606155395507812,46.10226058959961,12.549762725830078,20.41172218322754,27.84476089477539,19.409208297729492,156.2978973388672,30.080551147460938,15.294609069824219,62.14008712768555,162.5968017578125,92.1492919921875,19.4072208404541,84.58543395996094,84.83755493164062,76.34709930419922,76.12162017822266,33.982933044433594,29.93000030517578,61.785545349121094,27.688682556152344,30.082050323486328,46.27214813232422,11.315896987915039,78.41345977783203,50.29707336425781,46.2220458984375,28.914695739746094,88.24015808105469,58.520530700683594
2022-03-18,44.54651641845703,38.762535095214844,29.11100959777832,19.797468185424805,33.21575927734375,49.619998931884766,180.3714599609375,38.521846771240234,18.009660720825195,76.12303924560547,25.244972229003906,37.11646270751953,46.37931823730469,70.36585235595703,90.79949951171875,11.567176818847656,49.33409118652344,55.12045669555664,44.024105072021484,8.406243324279785,41.012752532958984,123.42192077636719,20.83869171142578,127.98291778564453,56.91999816894531,72.82530975341797,43.394744873046875,42.011714935302734,19.86754035949707,39.25590896606445,11.082697868347168,14.38989543914795,46.12833023071289,12.491926193237305,20.51761817932129,27.77172088623047,19.248340606689453,156.4899444580078,30.20240592956543,15.119009017944336,62.01026153564453,162.51254272460938,92.82352447509766,19.140336990356445,84.79270935058594,84.88379669189453,76.96707916259766,76.88240051269531,34.1099853515625,29.559999465942383,61.905303955078125,27.91788101196289,29.711708068847656,46.174129486083984,11.142698287963867,79.53003692626953,50.33196258544922,46.168174743652344,28.988786697387695,87.86827087402344,58.1009407043457
2022-03-21,43.951683044433594,37.7624397277832,29.204280853271484,19.983123779296875,32.85896301269531,48.220001220703125,178.8298797607422,38.46795654296875,17.982746124267578,75.56861114501953,24.48635482788086,36.5515022277832,46.27290725708008,70.5970687866211,90.46624755859375,11.71379280090332,49.015811920166016,53.83012771606445,44.712257385253906,8.315692901611328,40.87118911743164,123.66766357421875,21.029634475708008,124.49187469482422,56.529998779296875,72.62904357910156,42.63737487792969,41.346885681152344,19.86754035949707,39.07094192504883,11.082697868347168,14.614477157592773,45.58073806762695,12.458881378173828,20.288175582885742,27.461322784423828,19.216167449951172,157.6159210205078,30.169918060302734,15.162910461425781,61.69002914428711,162.54623413085938,92.16828918457031,18.998559951782227,83.8599853515625,84.64337158203125,74.99930572509766,76.38961791992188,33.011993408203125,29.309999465942383,61.316490173339844,27.433042526245117,29.627534866333008,45.871910095214844,11.15919017791748,78.29545593261719,50.42787551879883,45.91676712036133,28.873525619506836,87.97053527832031,58.02388000488281
2022-03-22,43.998897552490234,39.090152740478516,29.763935089111328,20.2531681060791,33.198760986328125,48.790000915527344,180.9483184814453,39.67121505737305,18.135290145874023,76.61279296875,24.76451873779297,36.96238708496094,46.72516632080078,70.79527282714844,90.5653305053711,11.806392669677734,49.463134765625,54.85451889038086,44.244659423828125,8.27796459197998,41.604007720947266,126.59066009521484,21.081708908081055,127.94586944580078,57.38999938964844,74.64505767822266,42.824378967285156,41.65653610229492,19.90207862854004,39.86126708984375,11.281220436096191,14.622796058654785,46.35432052612305,12.739786148071289,20.358774185180664,27.72608184814453,19.570083618164062,161.0286865234375,30.178041458129883,15.224367141723633,62.07084655761719,166.21807861328125,93.30781555175781,19.540660858154297,86.86539459228516,87.2416763305664,76.41898345947266,78.09272766113281,34.119049072265625,30.270000457763672,63.222652435302734,27.538820266723633,29.880043029785156,46.57436752319336,11.241667747497559,79.91129302978516,51.578922271728516,47.93696594238281,29.202856063842773,89.33722686767578,59.53954315185547
2022-03-23,41.487369537353516,38.09005355834961,29.14832305908203,19.527427673339844,32.179351806640625,46.540000915527344,175.92648315429688,38.69245910644531,17.695592880249023,74.88482666015625,24.528501510620117,35.43013000488281,45.87385177612305,69.18498229980469,86.34104919433594,11.613476753234863,48.4738655090332,52.51022720336914,44.06821823120117,8.1572265625,40.080074310302734,123.04451751708984,20.899446487426758,124.07518005371094,52.45000076293945,71.8619155883789,41.30027770996094,40.408851623535156,19.893442153930664,38.40671920776367,10.910072326660156,14.10708999633789,43.96403121948242,12.384527206420898,19.40569496154785,26.74922752380371,18.91855239868164,156.15826416015625,29.625654220581055,14.732695579528809,60.3053092956543,162.2599334716797,88.60728454589844,18.931840896606445,84.55714416503906,83.41358947753906,73.72341918945312,75.62883758544922,32.97569274902344,28.729999542236328,60.128883361816406,26.771902084350586,29.02993392944336,45.61870574951172,10.763300895690918,77.95050048828125,49.861080169677734,45.8988151550293,28.157245635986328,85.65553283691406,57.97249984741211
2022-03-24,42.15774154663086,38.598724365234375,29.446796417236328,19.71308135986328,32.14537048339844,46.83000183105469,178.64071655273438,38.674495697021484,17.839168548583984,75.65178680419922,24.494787216186523,36.363182067871094,46.148746490478516,69.36662292480469,87.48493957519531,11.77552604675293,48.53407669067383,52.756465911865234,44.46522521972656,8.179863929748535,40.50477981567383,124.18556213378906,20.916805267333984,125.07526397705078,53.220001220703125,72.3525390625,41.18807601928711,40.60920333862305,19.97115135192871,38.549652099609375,10.99638557434082,14.248489379882812,44.52899932861328,12.508455276489258,19.661619186401367,27.214824676513672,18.982900619506836,156.8390655517578,29.966840744018555,14.890729904174805,60.651485443115234,162.74835205078125,90.1836166381836,19.0986385345459,85.66889190673828,84.31051635742188,74.37934112548828,76.9515609741211,33.0301399230957,29.329999923706055,60.75761795043945,26.807157516479492,29.400272369384766,45.78205871582031,10.887016296386719,77.91419982910156,50.41044616699219,46.087364196777344,28.642995834350586,86.36212158203125,58.72605514526367
2022-03-25,42.43155288696289,38.65045166015625,30.06241226196289,20.227853775024414,32.77401351928711,46.779998779296875,179.955322265625,39.26713943481445,18.126323699951172,77.34278106689453,24.587505340576172,38.34055709838867,46.76951599121094,71.28250122070312,89.32237243652344,11.744659423828125,48.80935287475586,54.46051025390625,44.2005615234375,8.421337127685547,40.55475616455078,127.99507141113281,21.20322036743164,125.82530212402344,54.709999084472656,73.8868179321289,41.79584503173828,41.310455322265625,20.20427894592285,39.314762115478516,11.160381317138672,14.597844123840332,45.47643280029297,12.681953430175781,20.235227584838867,27.53435516357422,19.216167449951172,160.2256622314453,30.754793167114258,15.162910461425781,61.47368621826172,165.4601287841797,90.81035614013672,19.548994064331055,86.07401275634766,86.40946197509766,75.03526306152344,78.26564025878906,33.275150299072266,30.06999969482422,61.99512481689453,27.353702545166016,30.048377990722656,46.65604782104492,11.126198768615723,78.68579864501953,52.04108428955078,47.191741943359375,29.128751754760742,89.93226623535156,60.8668327331543
2022-03-28,41.846160888671875,37.771053314208984,29.661327362060547,19.91561508178711,32.43421173095703,47.310001373291016,179.40679931640625,39.10551071166992,17.91992950439453,76.89923095703125,24.570648193359375,38.16080093383789,46.56554412841797,70.80351257324219,87.51194763183594,11.706075668334961,48.103965759277344,54.65751266479492,44.244659423828125,8.368514060974121,39.71366882324219,126.7310791015625,21.35076141357422,123.38993835449219,52.279998779296875,73.50326538085938,41.45923614501953,41.182960510253906,20.221548080444336,38.50761032104492,11.125855445861816,14.43148422241211,45.20697784423828,12.467144966125488,20.111679077148438,27.50696563720703,18.846158981323242,156.57717895507812,30.3486270904541,14.98731517791748,61.153465270996094,163.9779510498047,90.2026138305664,19.207059860229492,86.48855590820312,87.58379364013672,74.30746459960938,77.90252685546875,32.53105163574219,29.8700008392334,60.548038482666016,27.433042526245117,30.15781021118164,46.3211555480957,11.09321117401123,77.886962890625,51.50044250488281,46.51834487915039,29.22754669189453,88.62133026123047,59.710819244384766
2022-03-29,43.73452377319336,38.92634201049805,29.90384864807129,20.11814308166504,32.960914611816406,48.560001373291016,180.57948303222656,39.00674057006836,18.144268035888672,78.2575912475586,24.899381637573242,39.07673645019531,46.76951599121094,71.8275146484375,89.25031280517578,11.82182502746582,48.577083587646484,56.3615608215332,44.156436920166016,8.406243324279785,40.50477981567383,128.0477294921875,21.15114402770996,125.64938354492188,56.2400016784668,75.07322692871094,42.506473541259766,42.084571838378906,20.35106086730957,38.79347610473633,11.307114601135254,14.631111145019531,46.710697174072266,12.665428161621094,20.570571899414062,28.18255043029785,19.00703239440918,158.88150024414062,30.527345657348633,15.119009017944336,62.079505920410156,163.43055725097656,91.5985336303711,19.37385368347168,85.9421157836914,88.09235382080078,76.67056274414062,79.51056671142578,33.3568115234375,30.790000915527344,61.326473236083984,27.75920867919922,30.49447250366211,46.45184326171875,11.282909393310547,79.00350952148438,51.849239349365234,46.32979202270508,29.499242782592773,89.52317810058594,59.7193717956543
2022-03-30,42.62624740600586,38.41767501831055,29.222942352294922,19.645570755004883,31.68665313720703,46.68000030517578,179.4635009765625,38.61164474487305,17.578937530517578,77.11615753173828,23.786745071411133,38.10087585449219,45.971397399902344,69.81257629394531,86.72835540771484,11.605759620666504,47.28675079345703,55.287906646728516,43.80353927612305,8.232687950134277,38.9725227355957,124.34357452392578,20.916805267333984,124.51964569091797,53.16999816894531,72.75394439697266,41.42183303833008,40.58188247680664,20.31652069091797,37.47328186035156,11.039543151855469,14.165314674377441,44.31170654296875,12.301908493041992,20.049907684326172,27.497846603393555,18.50832748413086,150.35397338867188,29.576906204223633,14.671234130859375,60.902462005615234,160.62611389160156,89.36697387695312,18.890134811401367,83.62444305419922,88.13860321044922,74.67585754394531,79.631591796875,32.42216491699219,29.520000457763672,58.67182159423828,27.133323669433594,29.762208938598633,45.438987731933594,10.862272262573242,77.0608901977539,50.3057975769043,44.99197006225586,28.675935745239258,87.5242691040039,57.68990707397461
2022-03-31,41.565330505371094,37.486541748046875,29.4654541015625,19.206750869750977,31.16844367980957,46.38999938964844,176.85328674316406,37.013301849365234,17.37255096435547,77.21824645996094,24.1239070892334,37.63008499145508,44.0115852355957,69.30058288574219,84.62069702148438,11.706075668334961,45.936187744140625,54.096065521240234,44.57992172241211,8.210049629211426,37.74838638305664,121.49085998535156,20.916805267333984,121.57494354248047,52.13999938964844,70.48819732666016,41.53403091430664,40.18115997314453,20.2819881439209,36.423892974853516,10.746074676513672,13.947128295898438,43.703269958496094,12.078837394714355,19.944007873535156,26.840526580810547,18.00157928466797,147.94491577148438,29.146387100219727,14.38149642944336,60.0456657409668,155.3373260498047,87.43927764892578,18.564878463745117,79.4319076538086,88.323974609375,73.31008911132812,75.78659057617188,31.587337493896484,28.329999923706055,57.194793701171875,26.789531707763672,29.35819435119629,43.767337799072266,10.738556861877441,75.18180084228516,48.93675994873047,43.51049041748047,28.28897476196289,86.39929962158203,56.13997268676758
2022-04-01,40.722267150878906,37.91762161254883,29.269582748413086,18.9704647064209,31.108976364135742,46.029998779296875,177.01406860351562,36.725955963134766,17.4263916015625,77.41312408447266,24.25877571105957,37.561588287353516,43.851951599121094,68.44175720214844,83.990234375,11.644344329833984,45.015743255615234,53.82025909423828,44.994571685791016,8.232687950134277,36.79905700683594,122.45638275146484,21.159818649291992,121.20455932617188,51.15999984741211,69.88160705566406,40.53355026245117,40.527244567871094,20.333789825439453,35.374507904052734,10.806493759155273,13.980693817138672,43.63373565673828,11.93012523651123,19.899883270263672,26.849653244018555,17.422441482543945,143.72042846679688,28.975797653198242,14.293699264526367,60.03700637817383,152.5497589111328,86.50865936279297,17.906015396118164,78.70647430419922,88.49079895019531,72.86083984375,74.64701080322266,31.90494155883789,28.469999313354492,56.83551788330078,26.83360481262207,29.49285888671875,43.56147003173828,10.75505256652832,73.28456115722656,48.53562927246094,43.73495864868164,28.503032684326172,85.62763977050781,55.06102752685547
2022-04-04,40.33389663696289,37.452056884765625,28.420780181884766,18.74261474609375,30.80315399169922,44.369998931884766,177.47747802734375,36.663089752197266,17.543046951293945,77.52449035644531,23.921607971191406,37.809837341308594,43.90517044067383,68.02061462402344,83.56688690185547,11.574893951416016,45.4200553894043,53.15047073364258,44.791656494140625,8.149678230285645,36.26609802246094,121.04320526123047,20.856050491333008,121.92683410644531,49.939998626708984,69.94406127929688,40.514854431152344,40.408851623535156,20.39423179626465,35.26448440551758,10.625235557556152,13.804468154907227,42.71237564086914,11.93012523651123,19.926362991333008,26.62141990661621,17.35809326171875,144.51470947265625,28.577754974365234,14.153218269348145,59.51772689819336,153.95616149902344,86.81253814697266,17.906015396118164,77.53822326660156,86.07160186767578,72.09709930419922,74.67311096191406,32.276981353759766,27.610000610351562,56.92533874511719,26.93938636779785,29.05518913269043,43.36383819580078,10.557107925415039,73.02130126953125,47.54155731201172,43.51049041748047,28.2642765045166,85.42308807373047,54.88976287841797
2022-04-05,39.367706298828125,37.0382194519043,28.420780181884766,18.464136123657227,30.820146560668945,43.470001220703125,175.34010314941406,36.04351806640625,17.202058792114258,77.06977081298828,23.51702117919922,36.876792907714844,43.41743087768555,67.35171508789062,82.99044799804688,11.459146499633789,44.37058639526367,53.002723693847656,44.3328857421875,8.074220657348633,35.841400146484375,119.86698913574219,20.916805267333984,120.76934814453125,48.599998474121094,69.46235656738281,39.813594818115234,39.8624153137207,20.247447967529297,34.89213180541992,10.556185722351074,13.6785888671875,42.199562072753906,11.872291564941406,19.67044448852539,26.00061798095703,17.1730899810791,142.95233154296875,28.06597900390625,13.960061073303223,59.06769561767578,153.6024627685547,86.55615997314453,17.780908584594727,77.12367248535156,85.05203247070312,71.0368423461914,74.2120361328125,32.00475311279297,27.389999389648438,55.5081901550293,26.516254425048828,28.769012451171875,43.64381790161133,10.408648490905762,70.93341064453125,46.44282150268555,43.205223083496094,28.206642150878906,84.8931655883789,55.14665222167969
2022-04-06,38.609901428222656,36.883033752441406,27.478700637817383,18.37975311279297,30.225494384765625,41.56999969482422,173.74179077148438,35.64842987060547,16.466232299804688,77.13473510742188,23.55073356628418,36.56006622314453,42.743473052978516,66.6250228881836,82.17080688476562,11.243081092834473,43.46733093261719,51.288822174072266,44.9769287109375,7.953483581542969,35.04196548461914,121.68394470214844,20.13568115234375,119.71369934082031,47.060001373291016,68.29379272460938,39.093605041503906,39.643836975097656,20.290620803833008,34.68054962158203,10.38355541229248,13.611454963684082,41.634578704833984,11.657482147216797,19.388050079345703,25.845415115356445,16.82721519470215,141.85255432128906,27.85477638244629,13.705445289611816,58.76478576660156,152.398193359375,85.87245178222656,17.363914489746094,76.19094848632812,83.3094711303711,70.11137390136719,72.8115005493164,32.45846176147461,26.420000076293945,54.61997985839844,26.366395950317383,28.40707778930664,43.619110107421875,10.29317855834961,69.09970092773438,45.45746994018555,42.99871063232422,28.025516510009766,83.56362915039062,54.52154541015625
2022-04-07,38.34468078613281,36.391605377197266,26.72318458557129,18.278480529785156,30.072582244873047,41.540000915527344,172.98304748535156,35.370059967041016,16.304716110229492,76.10466003417969,23.4495849609375,35.87525939941406,42.353267669677734,65.55974578857422,80.78372192382812,11.33568000793457,43.03722381591797,49.082427978515625,44.92398452758789,7.87047815322876,34.68388366699219,122.22816467285156,20.12700080871582,119.74150085449219,45.470001220703125,67.71398162841797,38.513893127441406,39.133827209472656,20.230178833007812,34.22356033325195,10.262716293334961,13.443618774414062,41.00875473022461,11.44267463684082,18.95563507080078,25.662826538085938,16.67439079284668,140.7091522216797,27.61920166015625,13.617646217346191,57.69161605834961,152.75189208984375,82.03604888916016,17.030309677124023,75.39955139160156,78.34129333496094,69.37460327148438,73.03767395019531,32.349571228027344,25.790000915527344,53.8814697265625,26.154829025268555,28.322912216186523,43.29796600341797,10.169461250305176,68.17378234863281,43.76578140258789,42.86403274536133,27.836156845092773,82.1597671508789,54.101951599121094
2022-04-08,38.051021575927734,36.977867126464844,26.508651733398438,18.23628807067871,30.310440063476562,40.380001068115234,174.22547912597656,35.62148666381836,16.277793884277344,75.97474670410156,23.432727813720703,36.08925247192383,42.86762237548828,65.32026672363281,80.63060760498047,11.327962875366211,43.76841735839844,48.964229583740234,44.64167404174805,7.840293884277344,34.833778381347656,122.87771606445312,20.109638214111328,122.0101547241211,45.29999923706055,67.94590759277344,38.09313201904297,38.778648376464844,20.20427894592285,34.3166618347168,10.2972412109375,13.43522834777832,41.16521453857422,11.40136432647705,19.185073852539062,25.489370346069336,16.706560134887695,142.33261108398438,27.85477638244629,13.512287139892578,57.544471740722656,155.5478515625,81.2288818359375,17.305532455444336,76.9635009765625,77.45146179199219,69.2488021850586,73.22037506103516,33.24791717529297,25.829999923706055,54.20082473754883,26.13719940185547,28.29766082763672,43.026214599609375,10.119976043701172,68.06485748291016,43.60009765625,43.7529182434082,27.770292282104492,82.76407623291016,54.709930419921875
2022-04-11,38.46782302856445,36.736473083496094,26.601924896240234,18.202533721923828,30.454851150512695,40.310001373291016,168.41165161132812,35.549644470214844,16.394447326660156,76.08609008789062,23.314716339111328,36.79975128173828,42.62818145751953,64.89910888671875,80.80171966552734,11.227646827697754,43.484535217285156,48.25503158569336,44.95927429199219,7.764833927154541,34.825439453125,123.05326080322266,20.30058479309082,121.51940155029297,45.380001068115234,67.91915130615234,38.45779800415039,38.76042938232422,20.221548080444336,34.2658805847168,10.340399742126465,13.468795776367188,41.427799224853516,11.40136432647705,19.361572265625,25.690214157104492,16.77895736694336,142.73411560058594,28.529010772705078,13.459607124328613,57.752201080322266,154.9415283203125,81.39031982421875,17.63079261779785,76.85987854003906,77.95198059082031,69.4554672241211,71.95899200439453,33.139041900634766,25.829999923706055,54.220787048339844,26.119571685791016,28.499664306640625,42.589778900146484,10.202454566955566,69.39022064208984,43.80938720703125,44.2916374206543,27.91025161743164,83.20105743408203,55.00108337402344
2022-04-12,38.18363952636719,37.046844482421875,26.43402862548828,17.90717315673828,30.42937660217285,40.599998474121094,166.48635864257812,35.172508239746094,16.277793884277344,76.410888671875,23.46644401550293,36.68846130371094,42.255733489990234,64.27975463867188,79.540771484375,11.189064979553223,43.30389404296875,48.09743881225586,44.30641555786133,7.772378444671631,34.059326171875,120.96419525146484,20.118324279785156,122.44542694091797,44.40999984741211,66.72382354736328,38.55129623413086,38.36882019042969,19.893442153930664,33.5380744934082,10.262716293334961,13.27578353881836,41.25273895263672,11.128725051879883,19.308624267578125,25.562402725219727,16.4893856048584,140.0719757080078,28.147214889526367,13.310347557067871,57.155025482177734,152.62351989746094,79.94691467285156,17.363914489746094,75.4372329711914,76.48749542236328,69.50038146972656,71.55014038085938,33.45663070678711,25.549999237060547,54.24074172973633,26.031417846679688,28.348161697387695,41.84865951538086,10.119976043701172,68.33717346191406,43.207698822021484,43.47458267211914,27.630325317382812,82.08537292480469,54.13621139526367
2022-04-13,39.1119499206543,37.39170455932617,27.096277236938477,18.194095611572266,30.837133407592773,41.02000045776367,170.32742309570312,34.85823059082031,16.529052734375,77.26464080810547,23.997472763061523,36.80039596557617,42.86762237548828,65.48541259765625,80.8377685546875,11.258513450622559,43.14045333862305,48.85587692260742,45.12691116333008,7.847840309143066,34.334129333496094,123.17615509033203,19.88398551940918,122.80654907226562,45.18000030517578,68.01728057861328,39.07490921020508,38.86972427368164,19.763927459716797,33.436527252197266,10.52165699005127,13.443618774414062,41.27024841308594,11.103938102722168,19.47629737854004,25.77237892150879,16.553733825683594,139.39991760253906,28.041616439819336,13.547406196594238,58.046451568603516,151.5111846923828,81.5612564086914,17.45565414428711,78.97966766357422,76.28359985351562,70.33601379394531,72.07206726074219,34.0010871887207,25.889999389648438,55.98722457885742,26.357580184936523,28.937353134155273,41.67572784423828,10.29317855834961,69.67160034179688,44.11458206176758,43.58232879638672,27.934951782226562,83.36841583251953,54.82125473022461
2022-04-14,38.619380950927734,35.5380744934082,26.72318458557129,18.14346694946289,30.454851150512695,40.4900016784668,171.81649780273438,33.73579406738281,16.23293113708496,77.17186737060547,23.525447845458984,36.3354377746582,41.936485290527344,64.97343444824219,79.80198669433594,11.26862907409668,43.81142807006836,47.45718002319336,44.9769287109375,7.787474155426025,34.034339904785156,122.48272705078125,19.640962600708008,122.77875518798828,44.08000183105469,66.86656188964844,38.588687896728516,38.068275451660156,19.893442153930664,33.01338195800781,10.452607154846191,13.300960540771484,40.00105285644531,11.037841796875,19.5115966796875,25.53501319885254,16.473297119140625,139.26895141601562,27.65981674194336,13.442047119140625,57.76085662841797,148.59034729003906,80.64964294433594,17.28885269165039,77.962158203125,77.02510070800781,69.87776947021484,65.94789123535156,34.209781646728516,25.229999542236328,55.51817321777344,26.101938247680664,28.760595321655273,43.40501022338867,10.194206237792969,68.6821517944336,44.001224517822266,41.61600112915039,27.490358352661133,82.37359619140625,53.879310607910156
2022-04-18,38.60042190551758,37.72794723510742,26.583267211914062,18.033761978149414,30.5822811126709,40.58000183105469,174.96527099609375,34.885162353515625,16.502126693725586,77.1904067993164,23.297861099243164,36.62819290161133,40.9787483215332,64.64311981201172,80.27935028076172,11.26862907409668,44.998538970947266,47.08287811279297,44.83576965332031,7.757288455963135,34.334129333496094,123.30782318115234,19.88398551940918,127.76993560791016,44.59000015258789,66.93792724609375,38.887901306152344,38.150245666503906,19.945247650146484,33.06415939331055,10.642498016357422,13.418442726135254,40.167362213134766,11.170032501220703,19.5733699798584,25.516754150390625,16.706560134887695,138.91983032226562,27.4323673248291,13.485945701599121,57.821434020996094,149.2271270751953,80.83953094482422,17.447317123413086,70.60403442382812,77.78516387939453,69.95862579345703,64.70392608642578,36.3240852355957,25.270000457763672,55.907386779785156,26.06667709350586,28.74376106262207,43.429725646972656,10.210700988769531,67.9559097290039,44.2802619934082,42.35224533081055,27.84438133239746,83.03368377685547,54.53010177612305
2022-04-19,40.12550735473633,38.633209228515625,27.208208084106445,18.818561553955078,31.8310546875,42.25,177.51651000976562,35.53169250488281,17.022584915161133,78.77727508544922,23.60973358154297,37.75614547729492,41.253658294677734,66.71585845947266,83.17960357666016,11.67330551147461,45.52328109741211,49.20062255859375,44.12115478515625,7.847840309143066,36.67414855957031,125.7743148803711,20.205114364624023,131.11282348632812,46.959999084472656,70.53279876708984,39.12165451049805,39.279544830322266,20.10066795349121,34.51976776123047,10.728812217712402,13.863208770751953,41.90920639038086,11.624435424804688,20.314647674560547,26.23798179626465,17.237438201904297,141.43356323242188,28.25281524658203,13.898602485656738,59.6302375793457,151.18008422851562,82.52984619140625,18.081153869628906,72.4506607055664,80.9180679321289,72.98664855957031,65.16498565673828,36.93206024169922,26.3799991607666,58.00316619873047,26.780710220336914,29.366605758666992,43.545005798339844,10.557107925415039,71.40546417236328,45.57081985473633,42.94484329223633,28.437177658081055,86.0645980834961,56.114288330078125
2022-04-20,40.48546600341797,38.15039825439453,27.926424026489258,18.911394119262695,32.27280807495117,42.380001068115234,178.739990234375,35.61249923706055,16.95977210998535,79.58460998535156,24.317773818969727,37.7819709777832,41.697052001953125,67.20305633544922,83.1976089477539,11.75890827178955,45.67812728881836,48.777076721191406,46.220890045166016,7.900664329528809,36.90731430053711,127.6439437866211,20.352659225463867,131.35354614257812,47.31999969482422,71.8619155883789,39.93513488769531,39.1429328918457,19.96251678466797,34.418209075927734,10.832389831542969,13.762508392333984,42.294342041015625,11.764885902404785,20.579395294189453,26.411439895629883,17.494834899902344,153.9150848388672,28.51276206970215,13.872262954711914,59.77737808227539,152.5301055908203,81.6941909790039,18.323017120361328,72.02667999267578,81.78935241699219,74.34339141845703,66.03490447998047,36.732421875,26.270000457763672,57.104976654052734,26.807157516479492,29.762208938598633,43.68499755859375,10.623088836669922,71.49624633789062,46.17251205444336,43.68109893798828,28.922922134399414,89.16986846923828,55.84883499145508
2022-04-21,40.20128631591797,37.167545318603516,27.609289169311523,18.455698013305664,31.56770896911621,42.369998931884766,176.16024780273438,34.93904113769531,16.986696243286133,79.04637908935547,23.677169799804688,35.293601989746094,40.925537109375,66.6250228881836,81.68441772460938,11.73556137084961,45.27381896972656,47.35868453979492,45.082794189453125,7.878023624420166,35.833065032958984,124.69466400146484,20.30926513671875,129.62191772460938,45.099998474121094,71.13045501708984,39.65461730957031,38.30506896972656,19.88480567932129,33.5380744934082,10.797863006591797,14.06461238861084,41.78667068481445,11.649219512939453,20.06755256652832,26.447956085205078,16.955909729003906,155.17198181152344,27.9685001373291,13.793241500854492,58.60899353027344,150.78097534179688,78.38008880615234,17.964397430419922,69.03069305419922,79.16622161865234,74.2804946899414,64.87792205810547,36.11537551879883,25.530000686645508,54.2108039855957,26.58677864074707,29.29085922241211,43.34737014770508,10.532362937927246,69.17232513427734,45.2220344543457,42.89994430541992,28.420705795288086,89.26285552978516,53.2884521484375
2022-04-22,39.0456428527832,35.85707473754883,26.107568740844727,17.78903579711914,30.667236328125,42.18000030517578,171.22845458984375,33.7268180847168,16.60083770751953,78.33182525634766,23.095563888549805,35.02667999267578,39.20515823364258,64.15589141845703,79.5497817993164,11.649959564208984,44.069496154785156,46.275184631347656,44.994571685791016,7.719557762145996,34.842105865478516,121.3152847290039,19.96209716796875,125.26972961425781,42.84000015258789,69.2571792602539,38.35492706298828,37.886138916015625,19.763927459716797,32.522544860839844,10.435342788696289,13.653414726257324,41.91795349121094,11.368317604064941,19.64396095275879,24.1016902923584,16.658300399780273,150.48487854003906,27.440488815307617,13.503504753112793,57.16368103027344,147.1044464111328,77.90528869628906,17.822616577148438,66.2513656616211,78.11882781982422,70.9829330444336,61.65055465698242,34.46385955810547,24.719999313354492,53.472293853759766,25.88155746459961,28.575424194335938,41.85689163208008,10.251941680908203,70.83356475830078,43.68730926513672,41.60702133178711,27.71265983581543,86.25984954833984,52.01254653930664
2022-04-25,39.03616714477539,36.24503707885742,26.02362060546875,17.848106384277344,30.276460647583008,42.7599983215332,174.60487365722656,33.484371185302734,16.870038986206055,78.97213745117188,22.766836166381836,34.40673828125,39.347042083740234,64.5770492553711,79.4416732788086,11.67330551147461,43.983463287353516,46.688880920410156,44.765193939208984,7.704465389251709,34.70886993408203,120.83253479003906,19.710403442382812,126.36238098144531,43.29999923706055,67.53556823730469,37.80327224731445,37.640235900878906,19.789833068847656,32.835662841796875,10.426712989807129,13.519145965576172,42.136783599853516,11.483983039855957,19.935182571411133,23.45349884033203,16.593948364257812,151.87266540527344,27.19679069519043,13.521066665649414,57.87336349487305,146.46763610839844,77.21206665039062,18.01443862915039,66.24195098876953,78.6193618774414,70.65947723388672,61.720149993896484,34.74516296386719,24.850000381469727,52.96331787109375,25.80221939086914,28.971006393432617,41.86512756347656,10.22719669342041,72.80342102050781,43.669864654541016,41.14910888671875,27.597393035888672,85.85075378417969,52.31224822998047
2022-04-26,37.624759674072266,34.99490737915039,25.725143432617188,17.113927841186523,29.562875747680664,40.72999954223633,169.4359588623047,32.730098724365234,16.529052734375,78.53600311279297,22.75840187072754,33.19268035888672,38.362709045410156,63.13189697265625,77.0728530883789,11.439838409423828,43.20927047729492,44.620391845703125,44.818111419677734,7.576183319091797,33.28486633300781,116.25936889648438,19.293798446655273,122.44542694091797,41.31999969482422,63.50360870361328,36.914981842041016,36.91166687011719,19.69485092163086,31.94706916809082,10.167770385742188,13.124733924865723,41.02516174316406,11.211341857910156,19.238025665283203,23.051809310913086,16.01481056213379,147.6918182373047,26.522558212280273,13.529845237731934,56.33283233642578,143.88641357421875,74.24932861328125,17.53071403503418,64.57433319091797,76.73776245117188,68.75460815429688,58.91903305053711,34.03738021850586,23.65999984741211,51.985286712646484,25.185155868530273,28.53333854675293,41.198116302490234,9.905533790588379,69.34479522705078,42.2921028137207,40.02677917480469,26.988140106201172,82.1597671508789,47.80803680419922
2022-04-27,39.88869094848633,34.667301177978516,25.678504943847656,17.054853439331055,29.460935592651367,39.959999084472656,168.4685821533203,32.550514221191406,16.358552932739258,78.18335723876953,22.336952209472656,33.511268615722656,37.85322570800781,62.75204086303711,76.91072082519531,11.346452713012695,42.667327880859375,44.27565002441406,45.012210845947266,7.470539569854736,33.0683479309082,117.33027648925781,19.233043670654297,115.14849853515625,41.099998474121094,64.13694763183594,36.933692932128906,36.81148147583008,19.625778198242188,32.319435119628906,10.21092700958252,13.133125305175781,41.1739616394043,11.153510093688965,19.37922477722168,23.033552169799805,15.974592208862305,149.47235107421875,26.579418182373047,13.389368057250977,56.94731140136719,144.7100067138672,74.86656188964844,17.739213943481445,64.61203002929688,75.87574768066406,68.36824798583984,58.162200927734375,33.411258697509766,23.65999984741211,52.484283447265625,25.185155868530273,28.46599769592285,40.87696838378906,10.078737258911133,69.88040924072266,42.440338134765625,40.02677917480469,27.01284408569336,82.72689056396484,47.9621696472168
2022-04-28,40.087615966796875,35.82258224487305,25.687833786010742,17.392410278320312,29.715787887573242,41.36000061035156,172.59420776367188,33.05335235595703,16.59186553955078,77.33888244628906,22.421245574951172,33.46821212768555,38.845359802246094,63.30531692504883,76.72157287597656,11.33867073059082,43.028621673583984,45.23108673095703,45.05632781982422,7.485632419586182,33.55967330932617,120.53408813476562,19.050783157348633,119.80631256103516,43.540000915527344,66.31348419189453,37.148738861083984,37.07559585571289,19.63441276550293,32.9710693359375,10.2972412109375,13.20865249633789,41.54157638549805,11.219603538513184,19.82928466796875,24.147340774536133,16.11133575439453,149.52476501464844,26.888103485107422,13.46838665008545,57.94258499145508,145.2619171142578,75.49330139160156,17.79759407043457,65.12078857421875,75.94062042236328,69.63516235351562,59.88463592529297,34.5455322265625,24.540000915527344,52.853538513183594,25.423166275024414,28.5417537689209,41.206356048583984,10.194206237792969,71.43270111083984,44.68138122558594,40.5565185546875,27.169269561767578,83.49854278564453,49.657684326171875
2022-04-29,39.500328063964844,34.702308654785156,24.80172348022461,16.835447311401367,28.69637680053711,37.880001068115234,165.69915771484375,32.03868103027344,16.18806266784668,75.8633804321289,22.008216857910156,32.32304382324219,37.594017028808594,61.38948440551758,74.69500732421875,11.33867073059082,41.898807525634766,42.995147705078125,45.70036315917969,7.266797065734863,32.810211181640625,116.11895751953125,18.070035934448242,115.3985366821289,42.06999969482422,63.9457893371582,36.02671813964844,36.4107666015625,19.323577880859375,31.76088523864746,9.943357467651367,12.73031997680664,40.05358123779297,10.864343643188477,19.079181671142578,23.270912170410156,15.532198905944824,145.44862365722656,26.0189151763916,13.310347557067871,56.58381271362305,141.03343200683594,73.64157104492188,17.2805118560791,62.492218017578125,74.4483413696289,69.58126068115234,58.25789260864258,33.59634017944336,22.690000534057617,51.25675582885742,24.576902389526367,27.994651794433594,39.98762893676758,9.880790710449219,69.09063720703125,43.59138107299805,39.1738166809082,26.54355812072754,81.18354034423828,48.39033889770508
2022-05-02,40.722267150878906,35.25809860229492,24.76441192626953,16.9704647064209,29.282535552978516,38.4900016784668,162.76852416992188,32.45173263549805,16.286767959594727,76.9027328491211,22.100934982299805,33.003257751464844,38.16606903076172,61.78587341308594,76.32525634765625,11.40092658996582,42.33334732055664,42.68980026245117,45.268070220947266,7.289435863494873,33.138221740722656,115.74152374267578,17.636075973510742,117.26905059814453,42.599998474121094,65.76641845703125,36.45683288574219,37.12112808227539,19.43582534790039,31.93860626220703,10.081457138061523,12.872982025146484,40.74506759643555,10.955224990844727,19.308624267578125,27.589134216308594,15.660890579223633,146.83642578125,26.522558212280273,13.319127082824707,58.072410583496094,142.2561492919922,74.38227081298828,17.56407356262207,63.96195602416992,75.18057250976562,69.54531860351562,59.6584587097168,34.07093811035156,22.0,52.624000549316406,24.717945098876953,28.499664306640625,40.2264289855957,9.94677448272705,70.6429214477539,43.582664489746094,39.2097282409668,27.037540435791016,81.96450805664062,48.8184928894043
2022-05-03,40.873836517333984,35.90073776245117,25.202808380126953,17.029537200927734,29.54588508605957,38.63999938964844,163.2332763671875,33.3406982421875,16.394447326660156,77.24606323242188,22.10936737060547,33.881500244140625,38.53253173828125,62.28959655761719,77.21696472167969,11.385363578796387,43.5413818359375,42.32534408569336,45.347476959228516,7.251706123352051,33.785850524902344,116.80359649658203,18.113431930541992,119.13030242919922,43.58000183105469,66.7439956665039,36.830841064453125,37.43076705932617,19.159526824951172,32.420989990234375,10.27134895324707,12.990463256835938,40.88511657714844,11.145248413085938,19.41452407836914,27.9451847076416,15.853939056396484,148.5820770263672,27.042448043823242,13.775681495666504,58.82536315917969,144.0562286376953,75.1704330444336,17.972732543945312,65.44111633300781,75.37521362304688,70.21919250488281,60.815433502197266,34.94711685180664,21.940000534057617,54.23076629638672,24.682682037353516,29.27402114868164,40.736976623535156,9.897286415100098,72.3404769897461,44.105865478515625,39.64967727661133,27.28453254699707,82.89424133300781,49.21239471435547
2022-05-04,42.19998550415039,37.85470199584961,26.480667114257812,17.35865020751953,30.233985900878906,39.59000015258789,168.6487579345703,34.67863464355469,16.870038986206055,79.21341705322266,22.81740379333496,34.85447692871094,40.04307556152344,64.15589141845703,78.96431732177734,11.649959564208984,45.39254379272461,43.458091735839844,45.70920181274414,7.432809829711914,34.89606475830078,119.90210723876953,18.5213565826416,124.36226654052734,45.290000915527344,69.05786895751953,37.859371185302734,38.75132369995117,19.470359802246094,33.41960144042969,10.564814567565918,13.342918395996094,42.084266662597656,11.483983039855957,20.058731079101562,28.301233291625977,16.312423706054688,153.69688415527344,27.334884643554688,14.039079666137695,59.87257385253906,147.5034637451172,77.44945526123047,18.389734268188477,67.23118591308594,77.33097076416016,72.93273162841797,63.294673919677734,36.63560104370117,22.489999771118164,56.2467041015625,25.379085540771484,29.913711547851562,41.60985565185547,10.26843547821045,75.46320343017578,44.87322235107422,41.28379440307617,27.613861083984375,84.9768295288086,50.93358612060547
2022-05-05,41.14853286743164,37.4986457824707,25.930349349975586,17.06329345703125,29.562875747680664,37.43000030517578,162.18994140625,33.708866119384766,16.36752700805664,78.57310485839844,22.2779483795166,34.30341720581055,39.417415618896484,62.537349700927734,77.50519561767578,11.408710479736328,44.592987060546875,41.52750015258789,45.4004020690918,7.238712310791016,34.13909912109375,114.76721954345703,17.974563598632812,120.68600463867188,43.2599983215332,66.654296875,36.85888671875,37.849700927734375,19.289037704467773,32.141719818115234,10.366293907165527,13.091166496276855,40.780086517333984,11.244390487670898,19.308624267578125,27.835628509521484,15.910246849060059,150.24920654296875,26.620033264160156,13.784462928771973,58.89459991455078,143.38540649414062,75.29757690429688,17.889331817626953,65.80855560302734,75.5049819946289,70.61454010009766,61.955020904541016,35.89632034301758,20.670000076293945,54.500221252441406,24.91187858581543,29.476028442382812,40.547576904296875,10.012755393981934,72.84880828857422,43.111785888671875,40.40809631347656,27.251598358154297,81.46246337890625,49.161014556884766
2022-05-06,40.61808395385742,36.317588806152344,25.883708953857422,16.936708450317383,29.2315673828125,37.68000030517578,158.52906799316406,33.62804412841797,16.23293113708496,77.6636962890625,21.99979019165039,34.113990783691406,39.1135139465332,61.78587341308594,78.35185241699219,11.439838409423828,44.86239242553711,40.434146881103516,45.40923309326172,7.27677059173584,33.65127182006836,115.39042663574219,18.1828670501709,117.63945007324219,43.119998931884766,65.61396026611328,36.624359130859375,37.67667770385742,19.42719078063965,31.74396514892578,10.21092700958252,12.923331260681152,40.386192321777344,11.029580116271973,18.90268898010254,27.625652313232422,15.717202186584473,148.80027770996094,26.157005310058594,13.538625717163086,59.30136489868164,141.47499084472656,73.65982818603516,17.614116668701172,63.51915740966797,74.20732116699219,71.45016479492188,61.006813049316406,34.72807312011719,20.450000762939453,53.85152816772461,24.453487396240234,29.13935661315918,40.588748931884766,9.856047630310059,71.29652404785156,41.995609283447266,40.21851348876953,26.856416702270508,80.14224243164062,47.87654113769531
2022-05-09,40.62754821777344,35.25809860229492,25.743797302246094,16.666667938232422,29.477922439575195,36.59000015258789,152.71522521972656,32.65825653076172,16.197031021118164,77.85855865478516,21.982933044433594,33.11518859863281,38.62190628051758,62.04185485839844,77.52719116210938,11.011817932128906,43.358863830566406,38.91725158691406,45.197486877441406,7.322439193725586,33.15504455566406,111.41414642333984,18.270240783691406,114.10210418701172,40.849998474121094,64.1161880493164,36.417964935302734,37.58560562133789,18.99547576904297,31.143102645874023,9.995142936706543,13.015640258789062,40.027320861816406,10.872604370117188,18.505565643310547,27.16918182373047,15.427629470825195,146.66183471679688,26.067651748657227,13.459607124328613,59.64754867553711,138.97015380859375,73.05998229980469,17.155412673950195,60.41950607299805,73.14140319824219,70.03948974609375,60.24128341674805,33.797119140625,19.65999984741211,53.69184875488281,24.673870086669922,29.4171085357666,40.7122688293457,9.73233413696289,69.11787414550781,41.14105987548828,39.685882568359375,26.955211639404297,78.79414367675781,47.234317779541016
2022-05-10,39.93606185913086,34.90204620361328,25.753124237060547,16.590721130371094,29.197587966918945,35.189998626708984,153.48345947265625,32.11051559448242,15.981666564941406,78.01631164550781,21.890214920043945,33.03770065307617,38.39845657348633,61.57115936279297,77.61837005615234,11.159679412841797,42.36811065673828,38.10955810546875,44.77401351928711,7.253937244415283,32.83543395996094,109.9219741821289,18.217817306518555,112.07416534423828,39.650001525878906,64.1161880493164,35.96767044067383,37.02094650268555,18.85732650756836,30.956928253173828,9.995142936706543,12.88137149810791,39.84351348876953,10.823034286499023,18.240825653076172,26.721839904785156,15.21849536895752,144.74163818359375,25.450281143188477,13.459607124328613,58.80805206298828,137.41635131835938,72.7076644897461,16.8384952545166,60.843467712402344,73.92000579833984,67.86506652832031,58.90163040161133,33.003089904785156,19.059999465942383,52.66392135620117,24.206661224365234,29.02993392944336,40.64638900756836,9.707588195800781,68.40072631835938,40.91433334350586,38.891448974609375,26.617656707763672,78.84993743896484,46.146793365478516
2022-05-11,39.490848541259766,33.625465393066406,25.827743530273438,16.523210525512695,29.38448143005371,34.86000061035156,151.16928100585938,31.939910888671875,15.999611854553223,77.7379150390625,21.822782516479492,32.788002014160156,37.92473220825195,61.158260345458984,76.34175872802734,11.105205535888672,41.42080307006836,38.00120544433594,45.303348541259766,7.291994571685791,31.985958099365234,108.11377716064453,18.051803588867188,110.74071502685547,38.439998626708984,62.5915412902832,35.56427001953125,36.56559371948242,18.615564346313477,30.347599029541016,9.813885688781738,12.679967880249023,39.24830627441406,10.558653831481934,17.843711853027344,26.475343704223633,14.945012092590332,143.62437438964844,24.889774322509766,13.2927885055542,58.280113220214844,135.70968627929688,71.8887939453125,16.696714401245117,61.35222625732422,73.79950714111328,67.0384521484375,57.683753967285156,32.24554443359375,18.770000457763672,51.516231536865234,23.91575813293457,28.70166778564453,39.9052734375,9.592119216918945,66.5216293334961,40.184349060058594,38.431026458740234,26.230695724487305,78.24317169189453,45.770015716552734
2022-05-12,40.258121490478516,33.130462646484375,25.977468490600586,16.734174728393555,29.316516876220703,35.04999923706055,145.3649444580078,31.490934371948242,16.08037757873535,77.02337646484375,21.805927276611328,32.788002014160156,38.2643928527832,61.83541488647461,76.58795166015625,11.066293716430664,40.464805603027344,38.27700424194336,44.994571685791016,7.352887153625488,31.784095764160156,108.07864379882812,18.13043785095215,105.70327758789062,38.34000015258789,62.8426513671875,35.39541244506836,37.166664123535156,18.68463706970215,30.279895782470703,9.76209831237793,12.7387113571167,40.219886779785156,10.641275405883789,17.870187759399414,26.346872329711914,14.904794692993164,144.65432739257812,24.906024932861328,13.538625717163086,58.885948181152344,135.25967407226562,71.54602813720703,16.5299129486084,61.38058090209961,73.78096771240234,67.3459701538086,58.823341369628906,30.14634132385254,18.489999771118164,51.35655212402344,24.100875854492188,29.0720157623291,40.0123291015625,9.625112533569336,67.62532043457031,40.53614807128906,37.74492645263672,26.37889289855957,77.1883773803711,45.79569625854492
2022-05-13,40.523353576660156,34.372310638427734,26.239490509033203,16.607595443725586,29.03618049621582,35.619998931884766,150.56231689453125,31.580734252929688,16.26881980895996,76.12321472167969,21.54462242126465,33.080753326416016,38.845359802246094,61.86017608642578,76.35086059570312,11.019599914550781,41.40341567993164,38.83845520019531,44.994571685791016,7.299605846405029,31.910259246826172,109.48309326171875,18.217817306518555,108.41217803955078,39.45000076293945,63.802310943603516,35.69560623168945,37.239524841308594,18.753713607788086,30.44069480895996,9.882936477661133,12.663187026977539,40.57000732421875,10.781726837158203,18.055505752563477,26.91583251953125,14.97718620300293,145.39625549316406,24.790637969970703,13.564966201782227,58.65226745605469,133.6803741455078,72.29823303222656,16.5799503326416,62.00429916381836,74.42979431152344,68.19615936279297,60.20650100708008,30.620943069458008,18.899999618530273,52.58407974243164,23.977466583251953,29.122522354125977,40.02055740356445,9.641607284545898,69.38572692871094,41.230960845947266,38.494224548339844,26.07426643371582,78.08450317382812,45.86420822143555
2022-05-16,40.21076202392578,33.63414764404297,26.49214744567871,16.42194175720215,28.925745010375977,35.2400016784668,148.36195373535156,31.257476806640625,16.071401596069336,75.40866088867188,21.408370971679688,32.93437194824219,38.64873123168945,62.10791015625,75.58488464355469,10.972907066345215,41.246986389160156,37.85344696044922,44.65932083129883,7.208265781402588,31.95231056213379,107.24481201171875,18.1828670501709,106.09425354003906,38.58000183105469,63.8919792175293,35.62994384765625,36.765953063964844,18.615564346313477,30.203733444213867,9.831148147583008,12.554093360900879,39.70345687866211,10.666061401367188,17.905481338500977,27.00760841369629,14.904794692993164,143.03089904785156,24.535146713256836,13.433267593383789,58.57438659667969,131.8378448486328,70.94615173339844,16.44651222229004,60.520591735839844,73.54923248291016,67.50875091552734,59.42357635498047,30.264997482299805,18.530000686645508,51.78569030761719,23.880495071411133,29.164600372314453,39.74881362915039,9.5756254196167,67.3790512084961,40.74723434448242,38.10602569580078,25.99193572998047,77.13236236572266,45.324737548828125
2022-05-17,41.9915885925293,35.7270622253418,26.81968116760254,17.080171585083008,29.84321403503418,36.779998779296875,153.50245666503906,32.31703567504883,16.60980987548828,77.09760284423828,21.927825927734375,34.63921356201172,39.85537338256836,64.06505584716797,77.2445068359375,11.12855052947998,44.36701202392578,39.09454345703125,45.656253814697266,7.406169414520264,33.14663314819336,110.4749755859375,18.55858039855957,112.08921813964844,40.369998931884766,66.27761840820312,37.215362548828125,37.849700927734375,19.142263412475586,31.464696884155273,10.176403999328613,12.973682403564453,40.64877700805664,11.128725051879883,18.692882537841797,27.82434844970703,15.45980167388916,149.0272216796875,25.194473266601562,13.907382011413574,61.30059051513672,136.21913146972656,74.11688232421875,17.213790893554688,61.61682891845703,75.67182922363281,69.89651489257812,60.59796905517578,32.30943298339844,19.350000381469727,53.911407470703125,24.550457000732422,30.00629425048828,40.88520050048828,9.913782119750977,70.51675415039062,42.48863983154297,39.46018981933594,26.592954635620117,79.94210052490234,47.01167297363281
2022-05-18,40.59912872314453,33.868621826171875,26.145912170410156,16.708864212036133,29.2315673828125,35.849998474121094,148.0489959716797,31.32032585144043,16.197031021118164,75.68705749511719,21.714941024780273,34.14842987060547,38.693416595458984,63.03281784057617,75.0833740234375,10.941778182983398,42.863487243652344,37.53825378417969,45.12691116333008,7.429004192352295,31.960712432861328,106.22659301757812,18.200340270996094,106.48521423339844,39.119998931884766,62.672271728515625,36.75569534301758,37.04827117919922,18.969568252563477,30.508398056030273,9.926092147827148,12.763885498046875,40.19361877441406,10.897391319274902,18.105669021606445,27.659164428710938,14.888710975646973,144.62818908691406,24.362077713012695,13.749343872070312,60.58224868774414,132.39825439453125,72.12683868408203,16.621652603149414,59.79290771484375,73.55852508544922,68.35895538330078,58.25789260864258,30.191978454589844,18.81999969482422,52.22480773925781,24.488752365112305,29.972623825073242,40.43229293823242,9.682846069335938,67.7073974609375,40.76481628417969,38.01575469970703,26.189531326293945,77.06702423095703,45.70100402832031
2022-05-19,40.15391540527344,33.5733528137207,26.11783790588379,16.49789047241211,28.837587356567383,35.31999969482422,146.05731201171875,30.934207916259766,15.963726997375488,75.07457733154297,21.152902603149414,33.76957321166992,38.720237731933594,62.03360366821289,74.2900390625,10.87173843383789,43.26326370239258,36.53356170654297,45.612144470214844,7.360498428344727,31.708402633666992,103.87419891357422,17.842098236083984,105.49848175048828,38.25,61.30904006958008,36.324153900146484,36.41987228393555,18.99547576904297,30.169879913330078,9.822516441345215,12.58765983581543,39.747222900390625,10.831297874450684,18.256919860839844,27.604101181030273,14.76805591583252,142.1754913330078,23.91703224182129,13.49472713470459,60.42647171020508,131.3963165283203,72.21253967285156,16.696714401245117,59.216434478759766,72.88186645507812,67.78011322021484,57.3792839050293,29.717376708984375,18.440000534057617,51.28669357299805,24.16258430480957,29.4171085357666,40.547576904296875,9.60036563873291,67.81686401367188,40.04362869262695,37.916446685791016,26.123661041259766,75.7881851196289,44.89044952392578
2022-05-20,40.741214752197266,33.58203887939453,26.829038619995117,16.49789047241211,29.180173873901367,35.290000915527344,145.33648681640625,30.4044246673584,15.829118728637695,75.85409545898438,21.374309539794922,34.06232833862305,39.12244415283203,62.157470703125,74.45417785644531,10.879520416259766,43.23719787597656,36.395660400390625,45.171016693115234,7.451839447021484,31.75045394897461,103.02277374267578,17.728515625,105.84290313720703,37.77000045776367,61.79335021972656,36.605594635009766,36.25593948364258,19.159526824951172,30.161420822143555,9.839776992797852,12.696752548217773,40.00981521606445,10.756939888000488,18.345895767211914,26.980079650878906,14.735880851745605,142.03585815429688,24.032413482666016,13.42448616027832,59.985084533691406,132.440673828125,72.68863677978516,16.805133819580078,59.80235290527344,72.69649505615234,67.8434066772461,58.69285202026367,29.626102447509766,18.469999313354492,51.04718017578125,24.51519203186035,29.762208938598633,40.52286911010742,9.649853706359863,67.90806579589844,40.35145950317383,37.6185302734375,26.28009796142578,76.01219177246094,44.83009719848633
2022-05-23,41.3095703125,35.07572937011719,26.202058792114258,16.894519805908203,29.45425033569336,36.650001525878906,150.83737182617188,32.209293365478516,16.564945220947266,77.19967651367188,21.90228271484375,34.85447692871094,39.93583679199219,63.51178741455078,75.94052124023438,11.112985610961914,45.861846923828125,38.46415328979492,44.44758224487305,7.527956485748291,32.84385299682617,105.87548828125,18.147916793823242,110.59048461914062,38.43000030517578,63.51531219482422,37.675052642822266,37.02094650268555,19.42719078063965,31.15157699584961,10.07282543182373,12.931722640991211,40.701297760009766,11.161770820617676,19.297887802124023,27.20949935913086,15.242626190185547,146.8887481689453,24.49394416809082,13.652765274047852,61.11883544921875,137.69651794433594,73.96453094482422,17.2805118560791,61.682987213134766,73.22481536865234,68.96493530273438,60.65885925292969,31.122928619384766,19.06999969482422,51.965328216552734,25.070558547973633,30.612314224243164,41.791019439697266,10.11172866821289,69.95124816894531,41.16939163208008,39.55949020385742,26.88934326171875,77.99116516113281,46.821964263916016
2022-05-24,41.30009460449219,34.09440612792969,26.5670166015625,16.92827033996582,29.34290885925293,36.29999923706055,147.6032257080078,32.01174545288086,16.47520637512207,78.91646575927734,22.03852653503418,34.73393249511719,39.63192367553711,64.04853820800781,75.68521881103516,11.097423553466797,45.78363037109375,37.94211196899414,44.58873748779297,7.626908302307129,32.557884216308594,104.71685791015625,18.375089645385742,108.75660705566406,37.95000076293945,61.954776763916016,37.46865463256836,36.58380889892578,19.591238021850586,30.982316970825195,10.012407302856445,12.965289115905762,40.62252426147461,11.087414741516113,19.18222427368164,27.12690544128418,15.323062896728516,147.56088256835938,24.32911491394043,13.617646217346191,60.77265548706055,138.62200927734375,73.99308776855469,17.038654327392578,60.42607879638672,73.15995025634766,68.95589447021484,59.73674392700195,30.03681755065918,18.940000534057617,51.216835021972656,25.06174087524414,30.72173500061035,42.029823303222656,10.029251098632812,68.96614074707031,40.28989028930664,39.081024169921875,26.963449478149414,77.52442932128906,46.16663360595703
2022-05-25,41.80214309692383,34.99757766723633,27.006837844848633,17.046417236328125,29.514205932617188,37.0,152.23155212402344,32.18235778808594,16.546995162963867,79.62175750732422,21.919309616088867,35.06973648071289,39.971580505371094,64.11459350585938,76.63355255126953,11.198590278625488,45.801021575927734,38.80891036987305,45.00339889526367,7.619297027587891,33.30643844604492,106.76201629638672,18.453733444213867,111.91234588623047,38.9900016784668,63.32697677612305,38.059688568115234,36.94810104370117,19.858903884887695,31.684722900390625,10.18503475189209,13.057598114013672,40.911376953125,11.26917552947998,19.342370986938477,27.053491592407227,15.701109886169434,151.57591247558594,25.054367065429688,13.723005294799805,61.27461242675781,142.33258056640625,75.32614135742188,17.655813217163086,62.183860778808594,73.76243591308594,70.48443603515625,60.2847900390625,30.97688865661621,19.56999969482422,52.81361770629883,25.06174087524414,30.78064727783203,42.15334701538086,10.078737258911133,71.17349243164062,40.84397506713867,39.830322265625,27.16104507446289,79.02731323242188,47.39106369018555
2022-05-26,42.63571548461914,36.317588806152344,27.203353881835938,17.367090225219727,29.822538375854492,38.150001525878906,156.84088134765625,32.927642822265625,16.905935287475586,82.00670623779297,22.651657104492188,35.82743453979492,40.811771392822266,64.8412857055664,77.98310852050781,11.517661094665527,47.00904846191406,40.03030014038086,44.72990417480469,7.6649675369262695,33.89518737792969,109.09687805175781,18.54984474182129,115.81281280517578,40.349998474121094,64.97716522216797,38.93214416503906,37.530948638916016,19.936616897583008,32.67487335205078,10.357662200927734,13.183476448059082,41.62911605834961,11.409627914428711,19.733848571777344,27.411386489868164,16.022851943969727,155.1457977294922,25.400514602661133,13.924942970275879,61.811195373535156,146.8496856689453,76.497314453125,18.02277374267578,65.03791046142578,74.84688568115234,72.32952880859375,61.754940032958984,32.108642578125,20.40999984741211,54.75969696044922,25.39671516418457,31.092073440551758,42.93563461303711,10.383904457092285,73.75483703613281,41.93455505371094,41.16642761230469,27.53976058959961,80.81954193115234,48.62413787841797
2022-05-27,43.63032913208008,37.48127365112305,27.287572860717773,17.586498260498047,30.088041305541992,38.68000030517578,160.85272216796875,33.241912841796875,17.184106826782227,83.56571960449219,23.03486442565918,36.309600830078125,41.54469299316406,66.1411361694336,78.07430267333984,11.976810455322266,46.60057067871094,40.97589874267578,45.13573455810547,7.725860118865967,34.37459182739258,110.85420989990234,18.628480911254883,117.72115325927734,41.16999816894531,65.86507415771484,39.85149383544922,37.89524459838867,19.945247650146484,33.0980110168457,10.469871520996094,13.28417682647705,42.679466247558594,11.508769989013672,20.05414390563965,27.365503311157227,16.100025177001953,157.80796813964844,25.903255462646484,14.03030014038086,62.841094970703125,148.63278198242188,77.506591796875,18.247955322265625,66.71060943603516,76.53385162353516,73.27017211914062,63.53824996948242,32.984825134277344,20.770000457763672,56.37644577026367,25.82866859436035,31.445587158203125,43.23208999633789,10.532362937927246,74.8858642578125,42.88441467285156,41.42823028564453,28.000816345214844,81.68766784667969,49.18462371826172
2022-05-31,43.185123443603516,38.2454948425293,27.568307876586914,17.637622833251953,30.199384689331055,38.650001525878906,160.1129608154297,33.40354919433594,17.264867782592773,84.1967544555664,23.205175399780273,35.87049102783203,41.660892486572266,66.22445678710938,78.5758285522461,11.83673095703125,46.418067932128906,40.94635009765625,45.02986145019531,7.725860118865967,34.80354690551758,110.36851501464844,18.654695510864258,119.0243911743164,41.29999923706055,65.95475769042969,39.419960021972656,37.55827713012695,19.71211814880371,33.36882019042969,10.487133026123047,13.300960540771484,42.37312316894531,11.467459678649902,20.098628997802734,27.539865493774414,16.213747024536133,158.1330108642578,26.026878356933594,14.08344554901123,62.74589920043945,148.93846130371094,77.52565002441406,18.423095703125,66.24755096435547,77.26610565185547,73.09832000732422,63.05979537963867,33.806251525878906,20.829999923706055,56.416358947753906,25.846437454223633,31.61393165588379,43.70146942138672,10.482876777648926,74.22000122070312,43.17465591430664,41.319908142089844,28.04197883605957,81.5756607055664,49.18462371826172
2022-06-01,42.63571548461914,36.760475158691406,27.044269561767578,17.46721649169922,29.017452239990234,38.61000061035156,157.21075439453125,32.927642822265625,16.83414649963379,83.72347259521484,22.575016021728516,35.89631652832031,40.80282974243164,65.14958953857422,77.1259536743164,11.73556137084961,45.53159713745117,40.247005462646484,43.680023193359375,7.756307125091553,33.67650604248047,109.90047454833984,18.383827209472656,116.32479095458984,40.22999954223633,64.14311218261719,39.54193115234375,37.30327224731445,19.50489616394043,32.78489685058594,10.331768989562988,13.158300399780273,41.90920639038086,11.227865219116211,19.94737434387207,27.466449737548828,15.840087890625,156.21751403808594,25.771387100219727,14.003729820251465,62.11410903930664,146.41664123535156,76.23069763183594,18.02277374267578,65.7466812133789,76.20014190673828,71.73258209228516,60.850223541259766,32.7383918762207,20.219999313354492,55.52814865112305,26.04190444946289,31.209922790527344,42.61448287963867,10.383904457092285,72.60553741455078,42.550209045410156,40.76921463012695,27.67149543762207,80.94091033935547,48.28785705566406
2022-06-02,43.46929168701172,37.48127365112305,27.9426212310791,17.927322387695312,29.83966636657715,39.630001068115234,160.41639709472656,33.14439392089844,17.22897720336914,86.08983612060547,22.71978187561035,35.87910079956055,41.5357666015625,66.46607208251953,78.26577758789062,11.681087493896484,45.56636047363281,40.867549896240234,44.26231002807617,7.763919353485107,34.55963134765625,113.8302230834961,18.488679885864258,117.63736724853516,41.4900016784668,66.63636779785156,40.50818634033203,38.22311019897461,19.8330020904541,33.275733947753906,10.549737930297852,13.351310729980469,42.959571838378906,11.40136432647705,20.30326271057129,28.218957901000977,16.18125343322754,158.49325561523438,26.117530822753906,14.251737594604492,63.23054885864258,149.0233917236328,77.59229278564453,18.401050567626953,67.73126983642578,77.9334716796875,72.82698059082031,63.61653518676758,33.057830810546875,20.739999771118164,56.16686248779297,26.495040893554688,31.588672637939453,42.96857452392578,10.515867233276367,74.43893432617188,44.3267936706543,40.92267608642578,28.140777587890625,83.78797912597656,49.236351013183594
2022-06-03,43.2703742980957,36.7778434753418,27.315645217895508,17.72282600402832,29.32577896118164,39.25,158.22557067871094,32.68380355834961,17.01361656188965,86.64665222167969,22.62611198425293,35.06973648071289,40.74919509887695,66.0078125,77.90105438232422,11.67330551147461,44.61035919189453,40.444000244140625,44.26231002807617,7.626908302307129,34.03816604614258,111.119140625,18.217817306518555,115.4776840209961,40.65999984741211,65.4166259765625,40.311187744140625,37.61292266845703,19.69485092163086,32.93721389770508,10.418956756591797,13.149909019470215,42.53942108154297,11.227865219116211,20.445619583129883,27.18196678161621,15.953808784484863,156.3756866455078,26.018634796142578,14.03030014038086,62.39106369018555,147.14688110351562,76.56397247314453,18.28336524963379,66.21920776367188,76.12600708007812,73.5686264038086,62.02461624145508,32.34593963623047,20.389999389648438,54.95929718017578,26.40618896484375,31.049991607666016,42.77094268798828,10.309675216674805,73.82778930664062,44.16848373413086,40.46226119995117,27.71265983581543,83.27457427978516,48.75347900390625
2022-06-06,43.2893180847168,36.968902587890625,27.764822006225586,17.74839210510254,29.44569206237793,39.29999923706055,158.40579223632812,32.647682189941406,17.01361656188965,89.1522216796875,22.898611068725586,35.50885772705078,41.07097244262695,65.99946594238281,78.16548919677734,11.9301176071167,44.67119598388672,41.271392822265625,43.82117462158203,7.596461772918701,34.15592575073242,111.69316101074219,18.663433074951172,116.99503326416016,41.4900016784668,65.89198303222656,40.17045593261719,37.58560562133789,19.625778198242188,33.3857536315918,10.427674293518066,13.28417682647705,42.63570785522461,11.318744659423828,20.107524871826172,27.255382537841797,15.970052719116211,156.27903747558594,26.24939727783203,14.163164138793945,62.47761154174805,146.96009826660156,76.18307495117188,18.308582305908203,64.31967163085938,75.65330505371094,73.27017211914062,62.12030029296875,32.665382385253906,20.670000076293945,55.6379280090332,26.415075302124023,31.310914993286133,43.026214599609375,10.177711486816406,74.11966705322266,43.97499465942383,40.73310089111328,27.967876434326172,83.43325805664062,49.055274963378906
2022-06-07,43.545074462890625,37.23811340332031,27.5308780670166,17.910280227661133,29.89961814880371,39.75,159.98965454101562,32.82829666137695,17.01361656188965,89.03160095214844,22.983766555786133,35.784385681152344,41.41957092285156,66.26610565185547,78.7308578491211,12.007940292358398,45.27956008911133,41.08424758911133,43.82117462158203,7.543179988861084,34.534400939941406,112.8764877319336,18.541105270385742,119.36882781982422,41.5099983215332,66.7439956665039,40.84592056274414,37.7313117980957,19.789833068847656,33.478843688964844,10.55845832824707,13.460404396057129,43.020843505859375,11.360055923461914,20.04524803161621,27.466449737548828,16.0187931060791,158.6953582763672,26.125774383544922,14.225167274475098,63.559444427490234,147.0619659423828,76.83056640625,18.493518829345703,63.7809944152832,75.61622619628906,74.27412414550781,63.51214599609375,33.194740295410156,20.969999313354492,55.827545166015625,26.6372013092041,31.622333526611328,43.281494140625,10.218947410583496,75.87095642089844,44.625831604003906,41.04906463623047,27.91025161743164,84.26404571533203,49.486412048339844
2022-06-08,42.66414260864258,36.22205352783203,27.119129180908203,17.552419662475586,29.257261276245117,39.40999984741211,157.40048217773438,32.412872314453125,16.70852279663086,87.64886474609375,23.12002182006836,35.21611404418945,40.5257453918457,65.20791625976562,77.60012817382812,11.96902847290039,44.67988967895508,40.709495544433594,43.9182243347168,7.489896774291992,33.96247863769531,110.72174835205078,18.08675193786621,116.52027893066406,41.06999969482422,65.3179931640625,40.13294219970703,37.33971405029297,19.677589416503906,32.90337371826172,10.38408088684082,12.973682403564453,42.1805534362793,11.170032501220703,19.751638412475586,27.11772346496582,15.693868637084961,156.30538940429688,25.606552124023438,13.98601245880127,62.46031951904297,144.25999450683594,75.86888122558594,18.325395584106445,62.11771774291992,73.52142333984375,72.54660034179688,60.05861282348633,31.907848358154297,20.59000015258789,54.27068328857422,26.15740966796875,30.940574645996094,42.6885986328125,9.905533790588379,75.05917358398438,43.79030227661133,40.29074478149414,27.53152847290039,81.83702087402344,48.744850158691406
2022-06-09,41.243255615234375,35.13652038574219,26.40793228149414,16.964496612548828,28.34939193725586,38.29999923706055,152.6773223876953,31.166568756103516,16.313688278198242,86.1455307006836,22.200326919555664,33.58015060424805,39.3637809753418,63.574798583984375,74.60920715332031,11.91455364227295,43.42839050292969,39.092166900634766,44.11233139038086,7.303426265716553,32.69245147705078,106.7655258178711,18.32266616821289,111.09315490722656,39.189998626708984,63.6588134765625,39.04470443725586,36.18307876586914,19.40814781188965,31.786285400390625,9.974299430847168,12.646403312683105,41.26148986816406,10.806511878967285,19.057668685913086,26.539581298828125,15.149619102478027,150.56771850585938,25.128543853759766,13.534279823303223,60.478397369384766,138.4012908935547,73.02189636230469,17.728559494018555,60.71904373168945,71.64910125732422,70.819091796875,59.275699615478516,30.894756317138672,19.43000030517578,51.88549041748047,25.624311447143555,30.09906005859375,41.445159912109375,9.5096435546875,72.11297607421875,42.40069580078125,38.52130889892578,26.88274574279785,79.2513198852539,47.227237701416016
2022-06-10,40.182334899902344,32.60940170288086,25.79966926574707,16.351015090942383,27.93828773498535,37.439998626708984,146.4556427001953,29.956388473510742,15.873991966247559,84.03900146484375,21.221025466918945,32.434974670410156,38.24650955200195,62.61661148071289,71.67298126220703,11.813385009765625,41.464256286621094,37.967918395996094,44.11233139038086,7.225733280181885,30.774810791015625,103.09185028076172,18.366355895996094,104.80030822753906,36.65999984741211,59.335968017578125,37.637535095214844,35.27235412597656,19.243009567260742,30.195274353027344,9.721452713012695,12.310729026794434,40.78882598876953,10.286014556884766,18.58611297607422,25.80543327331543,14.43478775024414,145.71749877929688,24.68349838256836,13.3394136428833,59.015769958496094,134.43605041503906,70.2320327758789,16.92997932434082,58.80061340332031,70.84269714355469,68.9739990234375,56.744258880615234,28.759044647216797,18.719999313354492,50.628021240234375,25.16229248046875,29.699546813964844,40.11937713623047,9.187980651855469,67.96280670166016,40.6944580078125,36.18312454223633,26.45854949951172,76.44158935546875,45.519920349121094
2022-06-13,39.03616714477539,29.856496810913086,25.378562927246094,15.97610855102539,27.28736686706543,35.93000030517578,138.74493408203125,28.917808532714844,15.443262100219727,83.63066864013672,21.0336856842041,30.95400619506836,37.06666946411133,61.483421325683594,70.80669403076172,11.533224105834961,39.70869445800781,36.468929290771484,43.5300407409668,7.249039649963379,29.790756225585938,100.83114624023438,18.0168514251709,99.6152114868164,32.66999816894531,57.874080657958984,36.65250015258789,35.254146575927734,18.79974365234375,29.145883560180664,9.451170921325684,12.109330177307129,39.58967590332031,10.12903881072998,18.274715423583984,25.429182052612305,14.126105308532715,142.6860809326172,24.172517776489258,13.09140396118164,58.30607986450195,132.05859375,68.47052764892578,16.3415470123291,56.92942428588867,72.15888214111328,67.8343734741211,54.86524200439453,27.10706901550293,17.90999984741211,50.119049072265625,25.002363204956055,29.657045364379883,38.75242233276367,8.849822998046875,65.60037994384766,39.00582504272461,35.1991081237793,26.150794982910156,73.5478515625,44.054039001464844
2022-06-14,39.64240264892578,29.595970153808594,25.678014755249023,16.129478454589844,27.441526412963867,35.77000045776367,137.14212036132812,28.412059783935547,15.686394691467285,84.73497772216797,20.92298126220703,31.07455062866211,36.28904342651367,61.13345718383789,70.59697723388672,11.416492462158203,39.94335174560547,36.5872688293457,43.05862808227539,7.287888526916504,29.99261474609375,102.19994354248047,17.990642547607422,99.21492767333984,33.029998779296875,58.10725784301758,36.88703536987305,35.23592758178711,18.825815200805664,29.26436424255371,9.547076225280762,12.12611198425293,40.04483413696289,10.11251449584961,18.221330642700195,25.520950317382812,14.247953414916992,144.89154052734375,24.370323181152344,13.100261688232422,58.759620666503906,132.16896057128906,69.34651184082031,16.265893936157227,57.75160598754883,72.48330688476562,68.37703704833984,54.091026306152344,26.93365478515625,17.899999618530273,49.689910888671875,25.260026931762695,29.674047470092773,37.64897537231445,8.91649055480957,66.4669189453125,39.63026428222656,33.790775299072266,26.342100143432617,74.1639404296875,44.68349838256836
2022-06-15,39.5382080078125,30.24728775024414,25.809032440185547,16.240245819091797,27.955411911010742,36.40999984741211,138.67857360839844,28.94489860534668,15.64137077331543,85.85784912109375,21.18696403503418,31.444795608520508,37.4241943359375,61.1584587097168,70.91612243652344,11.517661094665527,41.351280212402344,37.149383544921875,42.916316986083984,7.334505558013916,30.52248764038086,105.36139678955078,18.331405639648438,100.69505310058594,34.45000076293945,58.35837936401367,36.68064498901367,35.3274040222168,18.373857498168945,29.391305923461914,9.599390983581543,12.218422889709473,40.412452697753906,10.360371589660645,18.568321228027344,25.18140411376953,14.410415649414062,145.40997314453125,24.765913009643555,13.171121597290039,59.01256561279297,132.8907012939453,69.65118408203125,16.291107177734375,58.129615783691406,72.26085662841797,68.82926940917969,55.6220703125,27.809843063354492,18.06999969482422,50.59808349609375,25.571002960205078,29.716550827026367,38.17599105834961,8.999822616577148,66.45779418945312,39.709415435791016,34.45882797241211,26.483501434326172,75.08807373046875,45.804466247558594
2022-06-16,37.63423156738281,27.998062133789062,25.500219345092773,15.584161758422852,27.073244094848633,34.310001373291016,130.40830993652344,28.764278411865234,15.326203346252441,84.96697998046875,20.78672981262207,29.963821411132812,36.83427047729492,59.5003547668457,67.94342041015625,11.54879093170166,40.75160217285156,36.64643859863281,40.915035247802734,7.311197280883789,29.471155166625977,103.34796142578125,18.051803588867188,95.0538101196289,33.36000061035156,55.506385803222656,35.048301696777344,34.476688385009766,18.02619743347168,28.138811111450195,9.224482536315918,11.924708366394043,39.458377838134766,9.904464721679688,18.248022079467773,23.7773380279541,13.874290466308594,141.14846801757812,24.52690887451172,12.657383918762207,57.79149627685547,128.61978149414062,66.38526916503906,15.593400955200195,57.515350341796875,71.08370208740234,66.42342376708984,54.22151565551758,26.39516258239746,16.690000534057617,49.45039367675781,24.842430114746094,28.679536819458008,37.3936882019043,8.616496086120605,62.973445892333984,37.54585647583008,33.98939895629883,25.801448822021484,71.35418701171875,44.571407318115234
2022-06-17,37.91841506958008,28.50174903869629,25.621870040893555,15.660845756530762,27.955411911010742,34.81999969482422,136.7437744140625,28.827495574951172,15.497295379638672,88.02936553955078,21.0336856842041,30.33406639099121,36.76277542114258,59.650325775146484,69.25652313232422,11.906770706176758,40.43003845214844,37.129676818847656,40.915035247802734,7.287888526916504,29.958967208862305,103.68354797363281,18.392566680908203,99.84793853759766,34.36000061035156,56.30458068847656,35.87385177612305,34.99810028076172,18.44338607788086,28.773523330688477,9.337825775146484,12.058978080749512,40.27239990234375,9.988115310668945,18.105669021606445,24.12605857849121,14.02050495147705,142.64218139648438,25.087337493896484,12.923111915588379,59.27422332763672,130.8358612060547,67.52787780761719,15.719496726989746,56.69316864013672,69.83238220214844,67.43638610839844,53.71696853637695,27.280475616455078,16.90999984741211,51.27671432495117,25.295562744140625,28.985530853271484,37.3936882019043,8.791491508483887,63.67578887939453,37.844879150390625,34.73869323730469,26.1923828125,73.06243133544922,45.06290054321289
2022-06-21,39.21614074707031,28.831750869750977,26.173982620239258,15.771614074707031,28.263748168945312,35.310001373291016,137.29383850097656,29.66739273071289,15.659379005432129,88.89238739013672,20.957042694091797,30.678482055664062,37.826416015625,61.7083854675293,69.88570404052734,11.867859840393066,41.6815299987793,37.44524383544922,41.359771728515625,7.505436420440674,30.421560287475586,104.40766906738281,18.59353256225586,99.10320281982422,34.83000183105469,57.4435920715332,36.29601287841797,35.3274040222168,18.686752319335938,29.08664894104004,9.512202262878418,12.210029602050781,41.24399185180664,10.138689994812012,18.541627883911133,24.759265899658203,14.231709480285645,145.20785522460938,25.301616668701172,13.011685371398926,59.65798568725586,132.87374877929688,67.78495788574219,16.047330856323242,58.95181655883789,71.08370208740234,69.61616516113281,55.50028610229492,26.668968200683594,17.899999618530273,52.2447624206543,26.024133682250977,29.708049774169922,38.15129470825195,8.808156967163086,63.82174301147461,38.689205169677734,35.1991081237793,26.83284568786621,74.38796997070312,45.71823501586914
2022-06-22,38.8277702331543,28.753591537475586,26.258203506469727,15.754572868347168,28.409345626831055,34.97999954223633,136.9429473876953,29.441614151000977,15.443262100219727,88.18711853027344,21.3487606048584,30.687088012695312,37.74596405029297,61.82503890991211,69.55744171142578,11.743345260620117,41.021018981933594,37.38607406616211,40.03447723388672,7.4510498046875,30.572956085205078,104.62845611572266,18.602270126342773,98.33056640625,34.349998474121094,58.080360412597656,36.49301528930664,35.45547103881836,18.643295288085938,29.162813186645508,9.538355827331543,12.260379791259766,41.34901428222656,10.18051815032959,18.541627883911133,24.73173713684082,14.142353057861328,144.73342895507812,25.21095848083496,13.16226577758789,60.09408187866211,132.97557067871094,67.5088119506836,16.030517578125,59.00851821899414,70.95391845703125,69.8784408569336,55.091426849365234,26.504688262939453,18.549999237060547,52.83357620239258,25.873088836669922,29.90355682373047,38.291282653808594,8.841489791870117,64.75211334228516,38.53968811035156,34.847015380859375,26.807891845703125,74.60265350341797,45.32159423828125
2022-06-23,38.17416763305664,29.083595275878906,26.127197265625,15.345586776733398,28.160972595214844,35.13999938964844,134.3442840576172,28.971996307373047,15.569334030151367,87.54678344726562,21.161415100097656,30.03270721435547,37.5403938293457,61.541744232177734,68.95561981201172,12.023503303527832,40.28229522705078,37.583309173583984,40.83498001098633,7.3422746658325195,29.56366539001465,101.02543640136719,18.44499397277832,97.00868225097656,34.459999084472656,57.398746490478516,35.93952560424805,35.281673431396484,18.930112838745117,28.358842849731445,9.425012588500977,12.050585746765137,41.156455993652344,9.988115310668945,18.372583389282227,24.50231170654297,13.809306144714355,140.2698211669922,25.186229705810547,12.887681007385254,58.57646942138672,132.287841796875,65.2807388305664,15.484119415283203,58.62105178833008,70.06409454345703,69.43526458740234,54.70866012573242,25.756275177001953,18.719999313354492,51.85554885864258,25.775358200073242,29.53804588317871,37.64897537231445,8.708159446716309,64.53318786621094,37.57223129272461,34.21508026123047,26.258920669555664,73.30513763427734,43.838462829589844
2022-06-24,39.055110931396484,30.525178909301758,26.27692413330078,15.839783668518066,29.008878707885742,36.72999954223633,138.61215209960938,29.179712295532227,15.98354721069336,88.14070892333984,22.983766555786133,31.195096969604492,38.97050094604492,64.94961547851562,70.55138397216797,12.412614822387695,41.59462356567383,39.10202407836914,40.80830001831055,7.326735019683838,31.144882202148438,104.5931167602539,19.484766006469727,102.48236083984375,35.18000030517578,60.16105651855469,36.19282150268555,36.63547897338867,19.416837692260742,29.80599021911621,9.73017406463623,12.419824600219727,42.35561752319336,10.464935302734375,18.595016479492188,24.75008773803711,14.48352336883545,146.4204559326172,25.936216354370117,13.241981506347656,60.91395568847656,138.26544189453125,69.31796264648438,16.383577346801758,60.88915252685547,72.11254119873047,71.90443420410156,57.64896011352539,26.96103286743164,19.68000030517578,53.73176956176758,26.397310256958008,30.260560989379883,39.13120651245117,8.76649284362793,67.90806579589844,39.47195053100586,36.79701232910156,26.7912540435791,77.00166320800781,45.985557556152344
2022-06-27,38.99827575683594,30.22123146057129,26.145912170410156,16.00167465209961,29.017452239990234,37.22999954223633,136.84811401367188,29.21583366394043,16.028575897216797,91.15670013427734,22.864551544189453,30.945388793945312,38.48783493041992,63.89976501464844,70.78845977783203,12.148018836975098,41.56855773925781,39.14147186279297,41.119606018066406,7.404433727264404,30.606597900390625,104.91987609863281,19.126523971557617,102.02622985839844,35.529998779296875,59.99065017700195,36.417964935302734,36.63547897338867,19.40814781188965,29.509780883789062,9.695297241210938,12.453391075134277,42.28559494018555,10.347822189331055,19.111045837402344,25.0712833404541,14.264200210571289,144.4697723388672,26.04335594177246,13.303984642028809,60.608680725097656,137.085205078125,68.99420928955078,16.265893936157227,60.62453842163086,72.54817199707031,71.1989517211914,56.72684097290039,26.87889289855957,19.549999237060547,53.36251449584961,26.370651245117188,30.20956039428711,38.908870697021484,8.89148998260498,67.11454010009766,38.8651008605957,36.32756805419922,26.766298294067383,76.47893524169922,45.364707946777344
2022-06-28,38.68568420410156,29.960702896118164,26.127197265625,15.839783668518066,29.085960388183594,36.779998779296875,134.8563995361328,29.13455581665039,15.911516189575195,89.50485229492188,22.03001594543457,31.143428802490234,38.30907440185547,63.4498291015625,70.69727325439453,12.109107971191406,41.02971267700195,38.67797088623047,41.359771728515625,7.194653511047363,30.90096664428711,104.24871063232422,18.78575325012207,101.02084350585938,34.95000076293945,60.107242584228516,36.239723205566406,36.39765548706055,19.36469268798828,29.484394073486328,9.651702880859375,12.310729026794434,41.865440368652344,10.272534370422363,18.728469848632812,25.052927017211914,14.304813385009766,143.32754516601562,25.557106018066406,13.259697914123535,60.27724075317383,135.6417236328125,68.91803741455078,16.333141326904297,60.64344787597656,72.51111602783203,71.06327819824219,56.10051727294922,26.43166732788086,19.579999923706055,53.64194869995117,26.219608306884766,30.048057556152344,38.61243438720703,8.808156967163086,67.0232925415039,38.873897552490234,36.27340316772461,26.608266830444336,76.23623657226562,45.43368911743164
2022-06-29,38.21981430053711,29.595970153808594,26.0429744720459,15.797174453735352,29.068836212158203,36.61000061035156,132.27670288085938,28.773311614990234,15.785447120666504,89.17886352539062,22.132205963134766,30.730138778686523,37.9068603515625,62.116661071777344,69.30211639404297,11.906770706176758,40.934112548828125,38.599082946777344,41.15518569946289,7.124726295471191,30.38791847229004,103.84248352050781,18.57605743408203,98.31195068359375,34.849998474121094,59.5781135559082,36.37105178833008,36.03175735473633,19.01702880859375,29.202699661254883,9.564513206481934,12.369474411010742,41.60285568237305,10.239073753356934,18.541627883911133,24.54819679260254,14.207338333129883,142.6334228515625,25.796112060546875,13.15340805053711,59.64054870605469,133.6208953857422,69.30840301513672,16.173419952392578,60.12367248535156,72.07547760009766,70.2673568725586,55.74385070800781,26.039213180541992,19.600000381469727,53.18287658691406,25.953054428100586,29.92905044555664,38.35462188720703,8.799826622009277,66.2662353515625,38.214271545410156,35.849098205566406,26.283878326416016,75.28409576416016,44.812843322753906
2022-06-30,38.20079803466797,29.100961685180664,26.31435203552246,15.558599472045898,29.05170440673828,35.849998474121094,131.96253967285156,28.114030838012695,15.866494178771973,89.1509017944336,22.021499633789062,30.626821517944336,37.28118133544922,61.9916877746582,68.91912841796875,11.922335624694824,39.96942138671875,38.13556671142578,40.88835144042969,7.132495403289795,30.017852783203125,102.83576202392578,18.57605743408203,96.99007415771484,33.900001525878906,58.11623764038086,36.793216705322266,35.92198944091797,18.999645233154297,28.681983947753906,9.468605995178223,12.250781059265137,41.50657272338867,10.063403129577637,18.479352951049805,24.46560287475586,13.996134757995605,140.05010986328125,25.7054500579834,13.100261688232422,59.54460525512695,133.9605712890625,68.85137939453125,15.76152229309082,59.707847595214844,73.36768341064453,69.77896118164062,54.111305236816406,25.208656311035156,19.520000457763672,52.5341796875,25.935283660888672,29.810054779052734,38.27146911621094,8.674826622009277,64.3963623046875,37.0709228515625,35.361602783203125,26.375370025634766,74.81736755371094,43.89020538330078
2022-07-01,38.82829666137695,29.70018196105957,26.333066940307617,15.763092041015625,29.56559944152832,36.099998474121094,133.6570587158203,28.50237274169922,16.154647827148438,91.72176361083984,22.540950775146484,31.177875518798828,37.915794372558594,63.20819091796875,70.0042495727539,11.906770706176758,40.734214782714844,40.05862045288086,41.324188232421875,7.249039649963379,30.379501342773438,104.40766906738281,18.742069244384766,99.43833923339844,34.70000076293945,58.923404693603516,37.234134674072266,36.52572250366211,18.947498321533203,28.88685417175293,9.625545501708984,12.369473457336426,42.206817626953125,10.12196159362793,18.772958755493164,25.09881019592285,14.215458869934082,140.3313446044922,25.903255462646484,13.3394136428833,60.72206497192383,136.9578399658203,70.33678436279297,15.996896743774414,60.40718078613281,73.56290435791016,70.31257629394531,55.62975311279297,26.093971252441406,20.15999984741211,53.29265594482422,26.415075302124023,30.286062240600586,38.74549102783203,8.824823379516602,65.46355438232422,37.52826690673828,36.03867721557617,26.824525833129883,75.90951538085938,44.304100036621094
2022-07-05,39.1990852355957,30.004125595092773,26.464082717895508,15.7119722366333,29.497072219848633,36.630001068115234,132.94308471679688,28.213375091552734,16.406780242919922,91.84284210205078,22.506893157958984,30.687088012695312,37.61190414428711,62.83323287963867,70.21398162841797,11.774474143981934,40.50825881958008,40.630615234375,41.84896469116211,7.225733280181885,30.177644729614258,104.11625671386719,18.619747161865234,99.28939819335938,34.88999938964844,59.56913757324219,37.412384033203125,36.97393798828125,19.312541961669922,28.767353057861328,9.59067153930664,12.267738342285156,42.51316833496094,10.147058486938477,18.995384216308594,25.502593994140625,14.117982864379883,139.3823699951172,25.73017692565918,13.374845504760742,60.61738967895508,136.77952575683594,70.27961730957031,15.845587730407715,59.906314849853516,75.32923889160156,70.08647155761719,55.35765838623047,26.413415908813477,20.399999618530273,53.33257293701172,26.379535675048828,30.286062240600586,38.63737869262695,8.783158302307129,66.70404815673828,37.64259338378906,36.2011833190918,26.6165828704834,75.64814758300781,44.045413970947266
2022-07-06,39.16105651855469,29.648069381713867,26.27692413330078,15.618244171142578,29.351472854614258,36.060001373291016,131.5150909423828,27.978565216064453,16.379764556884766,91.7683334350586,22.345094680786133,30.32546043395996,37.16498565673828,62.883235931396484,69.80363464355469,11.626611709594727,40.10847854614258,40.18682861328125,42.24922180175781,7.17134428024292,29.908504486083984,103.09185028076172,18.366355895996094,98.71222686767578,34.5,59.27316665649414,37.56247329711914,37.0562629699707,19.225629806518555,28.408824920654297,9.564513206481934,12.310127258300781,42.26808166503906,10.147058486938477,18.719573974609375,25.163043975830078,14.012383460998535,138.00286865234375,25.499414443969727,13.303984642028809,60.10280990600586,135.87948608398438,68.99420928955078,15.601807594299316,59.95355987548828,75.28275299072266,69.24531555175781,54.655487060546875,26.066593170166016,20.149999618530273,52.9832763671875,26.583892822265625,30.150056838989258,38.6706428527832,8.683160781860352,65.8101577758789,37.07971954345703,35.65951156616211,26.42527961730957,74.42530059814453,43.467674255371094
2022-07-07,39.218109130859375,30.38623046875,26.49214744567871,15.822735786437988,29.419994354248047,36.36000061035156,134.2567901611328,28.773311614990234,16.478816986083984,91.87079620361328,22.523921966552734,30.463224411010742,37.79959487915039,63.549800872802734,69.87660217285156,11.564353942871094,40.786373138427734,40.28544998168945,42.24922180175781,7.054800510406494,30.657058715820312,104.45182037353516,18.567319869995117,101.3187484741211,34.90999984741211,60.322505950927734,37.68443298339844,37.440460205078125,19.199552536010742,28.95514488220215,9.721452713012695,12.411864280700684,42.57443618774414,10.356188774108887,19.093250274658203,25.080453872680664,14.312938690185547,139.57565307617188,26.471920013427734,13.41027545928955,60.61738967895508,137.81541442871094,70.58434295654297,16.00530242919922,60.7095947265625,75.18049621582031,69.86034393310547,55.91062927246094,26.9153995513916,20.350000381469727,53.92138671875,26.832670211791992,30.25206184387207,38.88686752319336,8.808156967163086,67.26045227050781,38.214271545410156,36.21923065185547,26.42527961730957,76.04020690917969,44.390323638916016
2022-07-08,39.18958282470703,30.169126510620117,26.473438262939453,15.797174453735352,29.282955169677734,35.9900016784668,134.95175170898438,28.71009063720703,16.397777557373047,93.00719451904297,22.3791561126709,30.42017364501953,37.44206237792969,63.23318862915039,69.48448181152344,11.541007995605469,40.690773010253906,40.49253463745117,42.28479766845703,7.132495403289795,30.53931427001953,104.36351776123047,18.654695510864258,101.10464477539062,34.5099983215332,60.34043502807617,37.7970085144043,37.32154846191406,19.07786750793457,28.903932571411133,9.660419464111328,12.377951622009277,42.37312316894531,10.26417064666748,19.128841400146484,24.566553115844727,14.207338333129883,139.63714599609375,26.55433464050293,13.374845504760742,59.971981048583984,137.02577209472656,70.70811462402344,15.988489151000977,60.82300567626953,74.53904724121094,69.16393280029297,55.32255172729492,27.088809967041016,20.440000534057617,54.280662536621094,26.930404663085938,30.294559478759766,38.695594787597656,8.783158302307129,67.05066680908203,38.11752700805664,36.27340316772461,26.242284774780273,75.76016998291016,44.01092529296875
2022-07-11,38.69519805908203,29.62201690673828,26.32370948791504,15.626762390136719,29.05170440673828,36.279998779296875,133.8284149169922,28.412059783935547,16.307729721069336,87.62329864501953,22.532438278198242,30.170473098754883,37.28118133544922,62.43328857421875,68.60907745361328,11.432056427001953,40.14324188232422,40.0191764831543,41.62660217285156,7.0625691413879395,30.446792602539062,102.9063949584961,18.689645767211914,99.76412963867188,34.20000076293945,58.86957931518555,37.46865463256836,36.99223327636719,18.97357177734375,28.630767822265625,9.547076225280762,12.19991397857666,42.27617263793945,10.280900001525879,18.93310546875,24.272890090942383,14.142353057861328,139.43507385253906,26.364776611328125,13.250838279724121,59.814979553222656,136.04080200195312,68.24198913574219,16.01370620727539,59.48103332519531,73.92545318603516,68.05144500732422,55.03291320800781,27.152700424194336,20.280000686645508,53.75172805786133,26.832670211791992,30.133052825927734,38.545902252197266,8.749826431274414,65.97435760498047,37.64259338378906,35.921321868896484,26.117523193359375,74.8360366821289,43.467674255371094
2022-07-12,38.923370361328125,29.578601837158203,26.87582778930664,15.626762390136719,28.96605682373047,36.40999984741211,132.4956512451172,28.321754455566406,16.307729721069336,87.17620086669922,22.46430778503418,30.291019439697266,37.33481216430664,62.066673278808594,67.77017211914062,11.354233741760254,40.091102600097656,39.90083312988281,41.964599609375,7.015952110290527,30.329042434692383,103.46276092529297,18.73332977294922,99.64315032958984,34.77000045776367,59.237308502197266,37.281044006347656,36.87331771850586,18.808433532714844,28.622224807739258,9.573232650756836,12.284692764282227,42.74326705932617,10.322726249694824,19.15553092956543,24.41054344177246,14.061118125915527,138.7321319580078,26.430709838867188,13.463421821594238,59.649261474609375,134.64369201660156,68.41339111328125,15.946455001831055,58.82896423339844,73.2282485961914,68.32278442382812,54.7344856262207,27.80071258544922,20.290000915527344,54.2108039855957,26.82378578186035,30.048057556152344,38.42115783691406,8.76649284362793,65.91051483154297,38.04716491699219,35.74979782104492,26.009395599365234,74.5560073852539,43.286598205566406
2022-07-13,37.915592193603516,29.21385383605957,26.81968116760254,15.337065696716309,28.280879974365234,35.47999954223633,132.705078125,27.852127075195312,15.596348762512207,85.06175994873047,22.098142623901367,30.126249313354492,36.88790512084961,60.65020751953125,66.42973327636719,11.346452713012695,39.54357147216797,39.052711486816406,41.80449295043945,6.961564540863037,29.757108688354492,103.54224395751953,18.637222290039062,98.23748016357422,34.36000061035156,58.43911361694336,36.50239944458008,36.06834411621094,18.738895416259766,28.203947067260742,9.372700691223145,11.9710054397583,41.79145431518555,10.147058486938477,18.630603790283203,24.245361328125,13.801183700561523,135.42837524414062,26.199947357177734,13.215409278869629,58.49797439575195,132.2609405517578,67.2612533569336,15.669054985046387,58.16742706298828,71.66643524169922,67.05655670166016,53.48812484741211,27.399127960205078,19.989999771118164,53.522193908691406,26.290685653686523,29.334047317504883,37.689327239990234,8.583161354064941,64.74298858642578,37.519474029541016,35.271324157714844,25.385568618774414,73.47315979003906,42.74336624145508
2022-07-14,36.94582748413086,28.77964210510254,26.136558532714844,15.02180290222168,27.929719924926758,35.02000045776367,129.92532348632812,27.21091651916504,15.488287925720215,82.20215606689453,22.157751083374023,29.68398094177246,36.146034240722656,59.74198532104492,65.24429321289062,11.276412963867188,38.361610412597656,37.711509704589844,41.80449295043945,6.914946556091309,29.378631591796875,102.59732818603516,18.29645538330078,96.30120849609375,33.2400016784668,57.273197174072266,35.911373138427734,35.85795593261719,18.52161407470703,27.495433807373047,9.346546173095703,11.776010513305664,41.474185943603516,9.946292877197266,18.381479263305664,23.740631103515625,13.508748054504395,132.30035400390625,26.166980743408203,13.064830780029297,57.608333587646484,129.38961791992188,65.3949966430664,15.332806587219238,57.24128723144531,71.2759780883789,66.29679107666016,52.52263259887695,27.362619400024414,19.860000610351562,53.28267288208008,25.828670501708984,29.045040130615234,36.79948425292969,8.449833869934082,63.55720138549805,36.745506286621094,34.97341537475586,25.01958656311035,72.94110107421875,41.8552131652832
2022-07-15,38.533565521240234,29.89990997314453,27.081703186035156,15.575638771057129,28.854717254638672,36.310001373291016,135.63714599609375,29.12552261352539,15.767437934875488,84.35385131835938,22.941192626953125,30.542499542236328,38.80066680908203,61.4084358215332,67.1136245727539,11.600569725036621,43.43709182739258,38.7272834777832,41.80449295043945,7.039259910583496,30.951433181762695,105.70581817626953,18.689645767211914,100.67642974853516,35.209999084472656,59.55120086669922,37.06527328491211,36.81843566894531,19.04310417175293,28.80149269104004,9.616827964782715,12.216870307922363,42.36429977416992,10.464935302734375,18.93310546875,24.190298080444336,14.231709480285645,137.2559814453125,27.090036392211914,13.525422096252441,59.17829895019531,131.4981231689453,68.17535400390625,16.131391525268555,58.76280212402344,74.01844024658203,68.53079986572266,57.63972854614258,28.649520874023438,21.049999237060547,55.198814392089844,26.432844161987305,30.116056442260742,38.728858947753906,8.708159446716309,66.53076171875,38.47812271118164,37.131038665771484,25.68500328063965,76.10554504394531,43.65739059448242
2022-07-18,38.638145446777344,30.021495819091797,27.13784408569336,15.822735786437988,28.786203384399414,37.36000061035156,135.49435424804688,29.13455581665039,15.848481178283691,83.74838256835938,22.898611068725586,30.82867431640625,38.228633880615234,61.78337860107422,68.39024353027344,11.5377779006958,43.51530838012695,38.78644943237305,39.46522521972656,7.0625691413879395,31.26263427734375,105.80293273925781,18.637222290039062,102.85472869873047,36.91999816894531,60.43012619018555,37.1778450012207,36.617191314697266,19.04310417175293,28.827096939086914,9.686576843261719,12.276213645935059,42.302608489990234,10.523494720458984,19.08435821533203,24.557373046875,14.377923011779785,138.8024139404297,27.221899032592773,13.551994323730469,59.24805450439453,132.5695037841797,68.79425048828125,16.35835838317871,57.87446975708008,73.46064758300781,68.76595306396484,57.01654815673828,28.731666564941406,21.350000381469727,54.400421142578125,26.379535675048828,30.03955078125,38.82033920288086,8.783158302307129,67.6709213256836,38.63642883300781,37.18520736694336,25.68500328063965,76.21756744384766,43.86433029174805
2022-07-19,40.05475997924805,28.93596076965332,27.58702278137207,16.342496871948242,29.608417510986328,38.81999969482422,140.6826171875,30.118946075439453,16.298723220825195,85.62994384765625,23.656509399414062,31.92133140563965,38.9526252746582,63.38317108154297,70.30516052246094,11.529929161071777,45.30563735961914,40.788394927978516,39.18948745727539,7.17134428024292,31.868202209472656,108.5140380859375,19.004194259643555,105.20987701416016,38.27000045776367,62.5915412902832,37.750099182128906,37.53193283081055,19.07786750793457,29.595365524291992,9.991735458374023,12.640771865844727,43.39543533325195,10.908295631408691,19.644872665405273,25.438356399536133,14.662229537963867,144.724609375,27.963642120361328,14.012585639953613,60.80928421020508,137.30076599121094,71.29846954345703,16.845916748046875,59.72675704956055,75.52445983886719,71.33463287353516,59.096736907958984,30.018564224243164,22.520000457763672,55.49821090698242,26.850435256958008,30.974571228027344,39.46900939941406,9.066485404968262,69.70497131347656,39.876522064208984,38.728946685791016,26.6165828704834,78.87794494628906,45.3560791015625
2022-07-20,40.406532287597656,29.422279357910156,27.980058670043945,16.43622398376465,29.90818214416504,39.77000045776367,141.77734375,30.12798309326172,16.352754592895508,84.80094909667969,23.988616943359375,32.31157302856445,38.55040740966797,63.9414176940918,71.17144012451172,11.702603340148926,45.583740234375,41.31106948852539,39.33180236816406,7.272347927093506,31.599063873291016,109.47659301757812,18.934295654296875,106.82965087890625,39.16999816894531,63.820228576660156,38.463077545166016,37.788063049316406,19.347309112548828,29.61244010925293,10.078923225402832,13.463144302368164,43.703887939453125,10.841373443603516,19.929580688476562,25.869672775268555,14.735340118408203,145.4539031982422,27.914196014404297,14.048016548156738,61.01860809326172,137.2664794921875,74.69771575927734,17.039255142211914,59.37708282470703,75.96139526367188,72.41091918945312,58.780757904052734,30.39276695251465,22.989999771118164,56.06706619262695,27.07256507873535,31.144573211669922,39.12803268432617,9.183151245117188,71.82109832763672,40.773616790771484,38.566444396972656,26.88274574279785,80.23147583007812,45.93381118774414
2022-07-21,40.43505096435547,29.535175323486328,25.228839874267578,16.44473648071289,29.8139705657959,40.22999954223633,142.96734619140625,30.389888763427734,16.190662384033203,84.66122436523438,24.14190101623535,32.99665832519531,38.86323928833008,64.0914077758789,71.36294555664062,11.702603340148926,45.70541763305664,41.616783142089844,40.47920227050781,7.272347927093506,31.573829650878906,110.22722625732422,19.143997192382812,106.37351989746094,38.900001525878906,64.20587921142578,38.79142379760742,38.08077621459961,19.269084930419922,29.23684310913086,10.096362113952637,13.522488594055176,43.81845474243164,11.159252166748047,19.600391387939453,25.676952362060547,14.832818984985352,148.6873779296875,28.13671875,14.048016548156738,61.30643844604492,138.51785278320312,74.75482940673828,17.123319625854492,59.66059494018555,75.68251037597656,72.23908233642578,59.526817321777344,29.808639526367188,23.049999237060547,55.54811096191406,27.099220275878906,30.889564514160156,39.593746185302734,9.166484832763672,70.89985656738281,40.29867935180664,39.07200241088867,26.974245071411133,80.31547546386719,45.74410629272461
2022-07-22,40.15933609008789,29.074905395507812,25.06039810180664,16.8878116607666,29.38573455810547,39.25,145.66143798828125,30.191204071044922,15.389235496520996,93.1375961303711,23.75869369506836,32.45899200439453,38.51165771484375,64.11640167236328,71.28086853027344,11.561323165893555,45.11443328857422,41.015220642089844,40.80830001831055,7.272347927093506,31.26263427734375,109.67086791992188,19.135257720947266,101.40253448486328,38.02000045776367,62.645347595214844,38.72575378417969,38.96808624267578,19.086565017700195,28.70759391784668,10.105080604553223,13.446186065673828,42.33786392211914,10.89156436920166,19.74274444580078,25.878849029541016,14.654109954833984,148.45895385742188,27.76584243774414,14.065731048583984,61.445987701416016,138.6464385986328,73.19327545166016,17.35869026184082,59.528282165527344,75.11542510986328,71.48839569091797,59.82524490356445,29.826900482177734,22.899999618530273,56.82553482055664,26.930404663085938,30.779071807861328,39.67691421508789,9.116485595703125,67.65267181396484,39.63026428222656,38.972686767578125,27.024150848388672,80.06344604492188,45.494049072265625
2022-07-25,41.20515441894531,28.727540969848633,25.31306266784668,17.228633880615234,29.394298553466797,39.63999938964844,146.40396118164062,30.462142944335938,15.75843334197998,95.30791473388672,24.337759017944336,32.91860580444336,38.782108306884766,65.28289794921875,72.77632904052734,11.561323165893555,45.331703186035156,41.56747055053711,40.20346450805664,7.334505558013916,31.716814041137695,112.33781433105469,19.30126953125,103.26431274414062,38.689998626708984,64.65431213378906,39.082244873046875,39.49863052368164,19.2517032623291,29.202699661254883,10.27945613861084,13.74291706085205,42.6992073059082,11.100698471069336,19.94737434387207,25.832962036132812,14.702845573425293,151.51669311523438,28.458139419555664,14.366886138916016,62.99850082397461,141.16636657714844,74.07880401611328,17.896686553955078,60.16147232055664,76.6772232055664,73.65907287597656,60.03589630126953,29.954675674438477,23.219999313354492,57.65386962890625,27.241376876831055,31.38257598876953,39.95966339111328,9.274816513061523,69.37659454345703,40.25470733642578,39.27060317993164,27.381807327270508,80.68887329101562,46.64088821411133
2022-07-26,40.79633712768555,27.60727310180664,24.723512649536133,17.049699783325195,28.906103134155273,39.45000076293945,142.63417053222656,29.8480167388916,15.75843334197998,99.47158813476562,24.26112174987793,32.034061431884766,37.96175765991211,65.49121856689453,73.58788299560547,11.380802154541016,44.67119598388672,41.123695373535156,40.57705307006836,7.350045204162598,30.7916316986084,112.68221282958984,19.29253387451172,99.0101318359375,38.02000045776367,62.23280715942383,39.04470443725586,39.48948669433594,19.356000900268555,28.2978515625,10.235862731933594,13.785310745239258,42.945960998535156,10.774450302124023,20.19649887084961,25.32823371887207,14.321062088012695,149.197021484375,27.84001922607422,14.69461441040039,63.22524642944336,138.6121063232422,73.60269165039062,17.333471298217773,57.80831527709961,76.8724365234375,73.3425064086914,58.79831314086914,28.978090286254883,22.989999771118164,56.54610061645508,27.294687271118164,32.0115966796875,39.43574142456055,9.224817276000977,66.5216293334961,39.73580551147461,38.728946685791016,27.406761169433594,80.10078430175781,45.476806640625
2022-07-27,43.51545715332031,28.597274780273438,25.29434585571289,17.32236099243164,28.948930740356445,40.58000183105469,144.34771728515625,30.33570098876953,15.812461853027344,98.6705093383789,24.87424659729004,32.90126419067383,38.65589904785156,66.03282165527344,76.87974548339844,11.608417510986328,45.496826171875,42.524070739746094,40.5147819519043,7.427740573883057,31.397197723388672,113.91852569580078,19.58961296081543,101.4118423461914,40.06999969482422,63.488407135009766,39.86088180541992,39.63584899902344,19.538516998291016,28.80149269104004,10.340486526489258,13.90400218963623,43.52762222290039,10.95012092590332,20.543485641479492,25.796255111694336,14.637862205505371,151.9911651611328,28.30978775024414,15.048913955688477,64.01022338867188,139.70925903320312,74.47871398925781,17.795808792114258,59.07467269897461,77.634765625,75.34136962890625,60.48353576660156,29.735631942749023,24.040000915527344,58.013145446777344,28.280921936035156,32.49609375,40.09272766113281,9.358146667480469,67.87157440185547,40.465782165527344,39.46018981933594,27.922460556030273,81.14624786376953,46.175254821777344
2022-07-28,44.0668830871582,28.31068992614746,25.481494903564453,16.896326065063477,29.223005294799805,41.02000045776367,144.83322143554688,30.09186363220215,15.767437934875488,98.87544250488281,24.87424659729004,32.823211669921875,38.79111862182617,66.15779113769531,77.7916259765625,11.726149559020996,45.39254379272461,33.53010940551758,40.80830001831055,7.412203311920166,31.41402816772461,113.52114868164062,19.310012817382812,100.26683807373047,37.47999954223633,63.19245529174805,40.17045593261719,39.8919792175293,19.555906295776367,28.5368709564209,10.296893119812012,13.963345527648926,43.81845474243164,10.908295631408691,20.623558044433594,26.044031143188477,14.548507690429688,152.79074096679688,28.06254005432129,15.13748836517334,63.31247329711914,139.62353515625,74.83101654052734,17.585657119750977,63.97944259643555,78.39706420898438,75.7031478881836,61.41392517089844,29.808639526367188,23.719999313354492,57.075035095214844,28.431970596313477,32.51310348510742,38.35462188720703,9.666476249694824,69.41307067871094,40.43061828613281,39.10810470581055,28.0555477142334,80.1474609375,46.11488723754883
2022-07-29,44.96057891845703,28.985591888427734,25.565725326538086,17.126388549804688,29.625545501708984,41.7599983215332,146.62295532226562,30.534381866455078,15.767437934875488,100.03045654296875,24.669870376586914,33.690406799316406,39.17876052856445,66.74937438964844,80.27191925048828,11.726149559020996,45.55052185058594,33.25397872924805,39.25176239013672,7.4510498046875,31.935487747192383,115.15486145019531,18.925559997558594,102.24032592773438,38.189998626708984,64.74383544921875,40.19860076904297,40.41337585449219,19.434219360351562,29.125873565673828,10.427674293518066,14.14986515045166,44.14453887939453,11.117425918579102,20.99724006652832,26.475345611572266,14.865309715270996,155.9187774658203,27.930675506591797,15.42093276977539,64.62075805664062,142.22914123535156,75.31661224365234,17.804216384887695,65.25525665283203,79.43827056884766,76.67092895507812,62.353065490722656,30.773771286010742,24.600000381469727,58.502159118652344,28.849563598632812,32.92960739135742,39.25278091430664,9.741475105285645,69.6684799194336,40.8527717590332,39.60462951660156,28.37993621826172,80.31547546386719,47.037540435791016
2022-08-01,45.1222038269043,29.301130294799805,25.771596908569336,17.168991088867188,29.368600845336914,42.099998474121094,145.96609497070312,30.444072723388672,15.75843334197998,101.80955505371094,24.98495101928711,33.438926696777344,39.0255126953125,67.18265533447266,80.3995590209961,11.76539421081543,45.56807327270508,32.820068359375,41.98239517211914,7.606441974639893,31.96101188659668,115.72003173828125,19.21389389038086,102.14724731445312,37.310001373291016,64.43716430664062,39.97345733642578,40.7335319519043,19.47768211364746,29.134403228759766,10.410237312316895,14.13290786743164,44.53231430053711,11.167618751525879,21.11290168762207,26.401933670043945,14.85718822479248,154.7238311767578,27.708154678344727,15.376644134521484,64.73413848876953,142.33201599121094,75.89743041992188,17.753780364990234,64.94339752197266,80.28424072265625,75.04290008544922,61.75621795654297,31.012758255004883,24.350000381469727,58.82151412963867,29.089458465576172,33.414127349853516,39.510581970214844,9.816472053527832,69.43133544921875,40.97696304321289,39.30671691894531,28.488065719604492,80.96890258789062,46.5029182434082
2022-08-02,44.199989318847656,28.17045783996582,24.807737350463867,16.930416107177734,28.863285064697266,41.75,144.31918334960938,29.838987350463867,15.380231857299805,102.51747131347656,24.610254287719727,32.77985382080078,38.7190055847168,65.9494857788086,79.04999542236328,11.624115943908691,44.54121017456055,33.38218307495117,41.67107391357422,7.489898681640625,31.238094329833984,114.47488403320312,18.637222290039062,99.55003356933594,36.630001068115234,63.30970001220703,39.495018005371094,40.31276321411133,19.82533836364746,28.75881004333496,10.27945613861084,13.77682876586914,44.19741439819336,11.050505638122559,20.917163848876953,25.86049461364746,14.605369567871094,152.72047424316406,27.444425582885742,15.243778228759766,63.58285140991211,139.97496032714844,75.29757690429688,17.51000213623047,63.83769226074219,79.6985855102539,73.77666473388672,60.755615234375,30.16712188720703,23.8700008392334,57.85346984863281,28.840675354003906,32.734100341796875,39.02824401855469,9.741475105285645,68.6651382446289,39.96562194824219,38.71088790893555,27.93909454345703,78.99928283691406,45.787227630615234
2022-08-03,44.93206024169922,28.924240112304688,24.863882064819336,17.22011375427246,28.92323875427246,42.13999938964844,147.9652099609375,30.380855560302734,15.497295379638672,103.03912353515625,24.780574798583984,33.343536376953125,39.40414047241211,66.37442779541016,80.12601470947266,11.663358688354492,45.29599380493164,33.50053405761719,42.82737350463867,7.4821271896362305,31.705860137939453,115.72888946533203,18.873132705688477,101.5235366821289,37.150001525878906,63.76970672607422,39.795223236083984,40.861602783203125,19.842721939086914,29.28806495666504,10.38408088684082,13.91247844696045,44.699764251708984,11.201078414916992,21.104007720947266,26.071565628051758,14.710969924926758,155.0928192138672,27.205419540405273,15.243778228759766,64.0887222290039,141.72344970703125,76.1926040649414,17.778993606567383,65.18911743164062,80.47017669677734,74.70824432373047,62.335506439208984,31.25173568725586,24.6299991607666,58.9013557434082,29.098342895507812,32.83610916137695,39.63532638549805,9.833139419555664,69.69585418701172,40.772918701171875,39.62269592285156,28.138717651367188,79.98876190185547,46.52878189086914
2022-08-04,44.589786529541016,28.713876724243164,24.82645034790039,16.990060806274414,28.4436092376709,42.27000045776367,149.33602905273438,30.16411018371582,15.389235496520996,100.17950439453125,24.0141658782959,33.100711822509766,38.81816482543945,65.9828109741211,79.73391723632812,11.718302726745605,44.98881530761719,34.01333999633789,42.115806579589844,7.634984493255615,31.127538681030273,112.81468200683594,18.689645767211914,99.50349426269531,36.880001068115234,62.344581604003906,39.92655944824219,40.49571228027344,19.877492904663086,28.844179153442383,10.314329147338867,13.861611366271973,44.567562103271484,11.142521858215332,21.03282356262207,25.530126571655273,14.410415649414062,154.15269470214844,27.36200523376465,15.048913955688477,63.24270248413086,140.6349334716797,75.47652435302734,17.66971778869629,65.20801544189453,79.72645568847656,73.59577941894531,61.72990036010742,31.031137466430664,24.559999465942383,58.89137649536133,28.760711669921875,32.58110427856445,39.144657135009766,9.649807929992676,69.26715087890625,40.453556060791016,38.8773193359375,28.122087478637695,79.20465087890625,45.96830749511719
2022-08-05,44.941566467285156,28.556119918823242,25.649944305419922,17.33940315246582,28.53781509399414,42.45000076293945,149.9453125,30.669851303100586,15.569334030151367,101.53012084960938,23.93752098083496,33.508296966552734,39.21481704711914,67.09100341796875,81.02875518798828,11.718302726745605,45.33988952636719,33.727352142333984,42.693946838378906,7.603628158569336,31.64632225036621,116.18807983398438,19.039148330688477,99.54093170166016,37.060001373291016,63.34577560424805,40.4346923828125,40.84330749511719,19.990478515625,29.595365524291992,10.506142616271973,14.031169891357422,45.0787239074707,11.25127124786377,21.24635887145996,25.961441040039062,14.6703519821167,157.07862854003906,27.345306396484375,15.296926498413086,64.50737762451172,143.17201232910156,77.16649627685547,17.947118759155273,65.50098419189453,80.8606185913086,74.36454010009766,62.0195426940918,31.159828186035156,24.709999084472656,59.62989044189453,28.973953247070312,32.640602111816406,39.41079330444336,9.774805068969727,70.398193359375,41.32295608520508,39.77721405029297,28.37993621826172,80.9875717163086,46.56327438354492
2022-08-08,44.85599136352539,29.336191177368164,26.30499839782715,17.296798706054688,28.760501861572266,42.79999923706055,149.72637939453125,30.245391845703125,15.47928237915039,103.23472595214844,24.465490341186523,33.525638580322266,38.8361930847168,66.89935302734375,80.6822509765625,11.600569725036621,45.173133850097656,33.64845275878906,43.76130294799805,7.619307518005371,31.64632225036621,115.914306640625,18.942415237426758,100.9358139038086,36.790000915527344,63.273616790771484,40.190025329589844,40.68779754638672,19.886180877685547,29.44171714782715,10.471267700195312,14.022695541381836,45.0787239074707,11.259635925292969,21.433197021484375,25.970613479614258,14.743464469909668,157.50914001464844,27.395418167114258,15.270352363586426,63.75728988647461,142.3148956298828,76.813232421875,17.8714656829834,64.6882095336914,80.5352554321289,74.79869079589844,61.703548431396484,31.646984100341797,24.469999313354492,59.26063537597656,28.89398765563965,32.39409637451172,39.04487228393555,9.833139419555664,70.22488403320312,40.985843658447266,39.25910186767578,28.346664428710938,79.76473999023438,46.64088821411133
2022-08-09,45.027130126953125,28.889179229736328,26.74481773376465,17.36496925354004,28.572080612182617,43.08000183105469,151.17337036132812,30.633726119995117,15.623361587524414,105.66585540771484,24.695415496826172,33.603694915771484,38.935359954833984,67.67424774169922,81.4664535522461,11.639812469482422,45.71727752685547,34.10209655761719,45.193328857421875,7.682016849517822,31.59529685974121,116.62078857421875,18.98638343811035,99.58775329589844,36.9900016784668,63.21950149536133,40.39704895019531,40.7426872253418,19.93832778930664,29.6380558013916,10.584612846374512,14.090518951416016,45.56344223022461,11.360018730163574,21.4154052734375,25.86049461364746,14.710969924926758,158.08905029296875,27.35365867614746,15.341217041015625,64.0363998413086,142.21202087402344,77.05193328857422,18.03958511352539,65.24581146240234,81.6043472290039,74.66303253173828,61.77377700805664,31.159828186035156,23.780000686645508,59.37041473388672,29.107223510742188,32.666107177734375,39.23614501953125,9.866470336914062,70.48027038574219,41.083431243896484,39.44998550415039,28.471420288085938,79.22332000732422,47.10651779174805
2022-08-10,45.692657470703125,30.55451774597168,26.576372146606445,17.739871978759766,29.240131378173828,45.0099983215332,154.63858032226562,31.672317504882812,15.89350700378418,104.2779541015625,25.11268424987793,34.522911071777344,39.656551361083984,67.94087982177734,83.52726745605469,12.047952651977539,46.682701110839844,35.048831939697266,45.80705261230469,7.76824426651001,32.666900634765625,117.83063507080078,19.135879516601562,105.54167938232422,38.22999954223633,66.6560287475586,41.0933837890625,41.181766510009766,19.964406967163086,30.867284774780273,10.767706871032715,14.361818313598633,46.18916320800781,11.677899360656738,21.673425674438477,26.67723274230957,15.328328132629395,162.39454650878906,27.988426208496094,15.54493522644043,64.8039321899414,145.24623107910156,79.35297393798828,18.67845916748047,66.09635162353516,82.97091674804688,75.35041046142578,63.65209197998047,32.77755355834961,24.079999923706055,61.536048889160156,29.284927368164062,33.210121154785156,39.80997085571289,10.183130264282227,74.54838562011719,42.61817932128906,40.29534149169922,28.68768882751465,81.14462280273438,48.62413787841797
2022-08-11,46.519805908203125,31.282011032104492,26.866466522216797,17.901765823364258,29.559831619262695,45.08000183105469,155.16213989257812,32.43093490600586,16.181655883789062,105.46092224121094,25.317058563232422,34.84376907348633,39.999114990234375,68.67411804199219,85.27806854248047,11.890975952148438,47.39360427856445,35.46302032470703,45.54021453857422,7.729049205780029,33.49186325073242,118.60773468017578,19.698699951171875,107.91014862060547,38.9900016784668,67.3415298461914,41.28158187866211,41.44704055786133,20.112159729003906,31.652620315551758,10.933363914489746,14.446596145629883,46.9647102355957,11.87030029296875,21.91364097595215,26.870954513549805,15.604515075683594,164.19578552246094,28.289112091064453,15.660083770751953,65.78949737548828,147.37181091308594,80.44145202636719,19.031509399414062,68.79821014404297,84.09578704833984,76.07836151123047,64.52102661132812,33.19118881225586,24.540000915527344,62.853397369384766,29.72028923034668,33.50761795043945,40.284000396728516,10.374794006347656,76.82047271728516,43.363372802734375,41.13159942626953,29.053667068481445,82.606689453125,49.36569595336914
2022-08-12,47.24235534667969,31.38718032836914,27.203353881835938,18.217021942138672,30.18196678161621,45.91999816894531,157.875244140625,32.783145904541016,16.28972053527832,108.0504150390625,25.759872436523438,35.39877700805664,40.47691345214844,69.88227844238281,86.18994140625,11.969465255737305,47.72712326049805,35.89694595336914,45.09549331665039,7.807437419891357,33.94261932373047,120.53288269042969,19.725088119506836,108.3501205444336,39.88999938964844,68.54114532470703,41.71445083618164,42.04161834716797,20.155620574951172,32.00260543823242,11.090303421020508,14.641590118408203,47.687381744384766,12.004141807556152,22.242835998535156,27.378297805786133,15.766977310180664,166.78787231445312,28.92388343811035,15.86380386352539,66.3738784790039,149.67745971679688,81.55854034423828,19.30051040649414,71.10191345214844,85.63902282714844,77.64341735839844,65.76739501953125,33.2187614440918,25.200000762939453,63.262569427490234,30.013500213623047,34.00063705444336,40.55843734741211,10.541457176208496,78.35963439941406,44.161800384521484,41.75879669189453,29.627582550048828,83.56266784667969,50.20211410522461
2022-08-15,47.40398406982422,31.26447105407715,27.437299728393555,18.327791213989258,30.4066162109375,46.36000061035156,157.45639038085938,32.73799514770508,16.433795928955078,109.00981903076172,25.94025230407715,35.48549270629883,40.30562210083008,70.17393493652344,86.92356872558594,12.087197303771973,47.455039978027344,36.0645866394043,44.42839813232422,7.86230993270874,33.87458801269531,121.94583129882812,19.821815490722656,106.40293884277344,40.349998474121094,69.0372543334961,41.912052154541016,42.5996208190918,20.1643123626709,31.780662536621094,11.160050392150879,14.768756866455078,48.54225158691406,12.012510299682617,22.545337677001953,27.378297805786133,15.79947280883789,167.16567993164062,29.057518005371094,16.02324104309082,66.80123901367188,149.07745361328125,82.32240295410156,19.25847816467285,71.91722106933594,86.15960693359375,77.96188354492188,65.3548812866211,32.86028289794922,25.770000457763672,64.14080047607422,30.315587997436523,33.99212646484375,40.81624221801758,10.574790000915527,78.23135375976562,44.037593841552734,41.586097717285156,29.72739601135254,83.55329895019531,50.564273834228516
2022-08-16,47.955421447753906,32.34256362915039,27.671966552734375,18.61749267578125,30.795455932617188,47.52000045776367,157.4088134765625,33.09021759033203,16.4608097076416,108.98188018798828,25.98320198059082,35.63291931152344,40.59410858154297,70.88215637207031,87.07027435302734,12.142138481140137,47.55158233642578,36.70560836791992,43.67235565185547,7.932857513427734,34.095703125,123.61483764648438,19.944936752319336,108.0879898071289,40.650001525878906,69.9662857055664,42.457847595214844,43.16675567626953,20.077394485473633,32.11357879638672,11.247241020202637,14.92984676361084,49.344234466552734,12.104527473449707,22.85430145263672,27.36907386779785,16.06753158569336,168.1849365234375,29.274677276611328,16.26239776611328,67.54261779785156,150.02886962890625,83.6972885131836,19.47703742980957,73.1686019897461,86.79177856445312,78.40775299072266,65.37242889404297,33.117645263671875,26.270000457763672,64.99906921386719,30.670991897583008,34.57863998413086,40.99919128417969,10.791451454162598,79.01010131835938,44.51665115356445,41.86787796020508,29.98525047302246,84.13436889648438,50.86608123779297
2022-08-17,47.527591705322266,31.509889602661133,27.352819442749023,18.48116111755371,30.717687606811523,46.45000076293945,156.02842712402344,32.88249206542969,16.28972053527832,108.82353210449219,25.845767974853516,35.27736282348633,40.39577865600586,70.36556243896484,86.7309799194336,12.063650131225586,47.18296432495117,36.33086395263672,44.29497528076172,7.86230993270874,33.60243225097656,122.81127166748047,19.637142181396484,106.35612487792969,39.2599983215332,68.9740982055664,41.300411224365234,42.91978073120117,20.016551971435547,31.780662536621094,11.203646659851074,14.887451171875,48.63037109375,11.987412452697754,22.59459686279297,26.9539737701416,15.791346549987793,167.57864379882812,28.865413665771484,16.10295867919922,67.43795013427734,148.57177734375,82.87617492675781,19.19963836669922,71.53800964355469,86.22468566894531,77.48872375488281,64.91600799560547,32.354736328125,25.899999618530273,64.56993865966797,30.47551918029785,34.1876335144043,40.774662017822266,10.674787521362305,78.92765045166016,44.037593841552734,41.940608978271484,29.902067184448242,83.83443450927734,50.94422149658203
2022-08-18,48.17408752441406,31.81666374206543,27.390369415283203,18.634532928466797,30.93370819091797,46.619998931884766,156.7423858642578,32.76508331298828,16.478816986083984,108.17149353027344,25.991788864135742,35.55487060546875,40.26055145263672,70.29890441894531,87.1069564819336,12.047952651977539,46.998661041259766,36.616859436035156,45.00654220581055,7.783921718597412,33.798038482666016,123.12913513183594,19.769052505493164,106.58079528808594,39.380001068115234,69.64156341552734,41.07456588745117,42.73683166503906,20.086088180541992,31.848947525024414,11.255959510803223,14.972232818603516,48.26905059814453,11.987412452697754,22.693103790283203,27.009323120117188,15.953808784484863,167.98280334472656,29.207857131958008,16.094100952148438,67.59493255615234,148.7089080810547,82.89527893066406,19.30051040649414,71.81291961669922,86.41992950439453,77.82539367675781,65.12664031982422,32.51100540161133,25.530000686645508,64.7296142578125,30.386667251586914,34.1876335144043,40.75802993774414,10.708122253417969,78.60700988769531,44.25051498413086,41.940608978271484,30.04347038269043,84.79979705810547,51.04841995239258
2022-08-19,47.31842803955078,30.81746482849121,26.780227661132812,18.58340835571289,30.372058868408203,46.0,154.44818115234375,32.04258346557617,16.11862564086914,108.04109191894531,25.768463134765625,34.8177604675293,39.56639862060547,69.84062194824219,86.7218017578125,11.84388256072998,46.17366027832031,36.04487228393555,44.78417205810547,7.76824426651001,33.15167236328125,121.97232055664062,19.434879302978516,105.0455093383789,37.779998779296875,68.85684967041016,40.4346923828125,42.21542739868164,19.93832778930664,31.191661834716797,11.055427551269531,14.743329048156738,47.334861755371094,11.77828311920166,22.343843460083008,26.197561264038086,15.67762565612793,165.9091796875,29.124338150024414,15.943525314331055,67.0803451538086,146.38613891601562,81.51081848144531,18.997892379760742,70.02116394042969,85.1091079711914,76.72438049316406,63.423892974853516,31.536678314208984,24.520000457763672,63.37234878540039,30.146772384643555,33.94112777709961,40.425376892089844,10.558123588562012,75.96843719482422,43.55854797363281,41.22250747680664,29.768993377685547,83.73136138916016,50.032474517822266
2022-08-22,46.149009704589844,29.993560791015625,25.447324752807617,17.96993064880371,29.6894474029541,44.130001068115234,150.12620544433594,31.35622787475586,15.80345630645752,106.13158416748047,25.433473587036133,34.07196807861328,38.980438232421875,68.06586456298828,83.8332290649414,11.718302726745605,44.98003387451172,34.664222717285156,44.917598724365234,7.595791339874268,32.40325164794922,119.80874633789062,19.171056747436523,102.04046630859375,36.529998779296875,67.13406372070312,39.34313201904297,41.15432357788086,19.799266815185547,30.303876876831055,10.837457656860352,14.463554382324219,46.101036071777344,11.468767166137695,22.02144432067871,25.671770095825195,15.198357582092285,161.74432373046875,28.138769149780273,15.63350772857666,65.45807647705078,142.67486572265625,79.42936706542969,18.585983276367188,68.77926635742188,82.96163177490234,74.93184661865234,62.21263885498047,30.68185806274414,23.780000686645508,61.56598663330078,29.551471710205078,33.337615966796875,39.585426330566406,10.283130645751953,73.9620361328125,42.40525817871094,40.3680534362793,29.153470993041992,81.46328735351562,48.625816345214844
2022-08-23,45.7877311706543,30.116270065307617,25.19388198852539,17.927322387695312,29.27469825744629,43.869998931884766,149.77395629882812,31.07625961303711,15.695398330688477,104.13823699951172,25.08130645751953,34.141353607177734,38.737030029296875,67.39095306396484,84.24588012695312,11.702603340148926,44.71675109863281,34.180992126464844,44.16156005859375,7.5174031257629395,32.394744873046875,119.27005004882812,19.549203872680664,102.79875183105469,36.29999923706055,67.0709457397461,38.693851470947266,40.3401985168457,19.82533836364746,30.40631866455078,10.828739166259766,14.310945510864258,45.404808044433594,11.477133750915527,21.878162384033203,25.597970962524414,15.247097969055176,161.93760681152344,27.729511260986328,15.456358909606934,64.67310333251953,142.70054626464844,79.18109893798828,18.535551071166992,69.00679016113281,82.43172454833984,74.02192687988281,62.116092681884766,31.25173568725586,23.760000228881836,61.03705596923828,29.169422149658203,32.9636116027832,39.42742156982422,10.249795913696289,74.33766174316406,42.61817932128906,40.33169174194336,28.829086303710938,81.51953125,48.790794372558594
2022-08-24,46.120479583740234,30.466861724853516,25.175106048583984,17.74839210510254,29.032751083374023,43.7599983215332,151.48753356933594,31.175601959228516,15.686394691467285,103.04841613769531,24.875152587890625,34.158695220947266,38.74605178833008,66.8826904296875,83.2371597290039,11.741848945617676,44.769405364990234,34.26974868774414,44.57960510253906,7.493886470794678,32.30119323730469,118.59892272949219,19.01276397705078,103.31363677978516,36.18000030517578,67.12505340576172,38.50564956665039,40.10236740112305,19.877492904663086,30.40631866455078,10.811301231384277,14.20073127746582,45.28142166137695,11.493864059448242,21.869205474853516,25.542625427246094,15.230853080749512,161.9727783203125,27.645986557006836,15.341217041015625,64.04513549804688,143.4805450439453,78.80876159667969,18.594390869140625,69.50923919677734,81.91111755371094,73.64886474609375,61.905433654785156,31.55506134033203,23.940000534057617,61.296531677246094,28.982837677001953,32.59809875488281,39.24446105957031,10.233128547668457,74.33766174316406,42.45848083496094,40.577117919921875,28.704320907592773,80.7884750366211,48.868934631347656
2022-08-25,46.919105529785156,31.474838256835938,25.381614685058594,18.072175979614258,29.240127563476562,44.650001525878906,154.4386444091797,31.735532760620117,15.884498596191406,102.70378875732422,25.364757537841797,34.34080123901367,39.21481704711914,67.59095001220703,84.59434509277344,11.84388256072998,45.69094467163086,34.70365905761719,44.650753021240234,7.50956392288208,32.913543701171875,118.696044921875,19.47005844116211,106.40293884277344,37.04999923706055,68.70349884033203,39.380767822265625,40.596336364746094,20.207763671875,30.935577392578125,10.942084312438965,14.387248039245605,46.03053283691406,11.7197265625,22.12891387939453,26.049970626831055,15.482666969299316,164.9514617919922,28.172176361083984,15.491790771484375,64.45504760742188,144.7661895751953,80.53692626953125,18.930641174316406,70.15391540527344,82.506103515625,75.01374053955078,62.9060173034668,32.2904052734375,24.260000228881836,61.975162506103516,29.32046890258789,33.14210891723633,39.71849060058594,10.38312816619873,75.91345977783203,43.301273345947266,41.25886154174805,29.10357666015625,82.40052032470703,49.763309478759766
2022-08-26,45.88279342651367,30.14255714416504,24.88412094116211,17.54389762878418,28.825376510620117,43.4900016784668,149.75494384765625,30.733074188232422,15.64137077331543,102.46158599853516,24.686189651489258,33.248146057128906,37.86259078979492,66.23278045654297,83.47559356689453,11.671208381652832,43.68988800048828,33.5202522277832,44.846435546875,7.376304626464844,31.688846588134766,116.10858154296875,19.188650131225586,102.80811309814453,35.66999816894531,66.69210815429688,38.270389556884766,39.965152740478516,19.912256240844727,29.834386825561523,10.645644187927246,14.09899616241455,45.32548141479492,11.410211563110352,21.51994514465332,25.256664276123047,14.970909118652344,161.6916046142578,27.520700454711914,15.217208862304688,63.24270248413086,139.01499938964844,78.33135223388672,18.468299865722656,68.15355682373047,80.69329833984375,73.35769653320312,60.67662048339844,30.930028915405273,23.770000457763672,60.597938537597656,28.822904586791992,32.419593811035156,38.66232681274414,10.108132362365723,72.5328140258789,42.61817932128906,39.96810531616211,28.745912551879883,79.8231430053711,49.00787353515625
2022-08-29,44.75141906738281,29.09077262878418,24.60251808166504,17.254196166992188,28.65256118774414,42.84000015258789,147.11798095703125,30.61566925048828,15.443262100219727,101.02713775634766,24.265308380126953,32.615089416503906,37.6462287902832,65.4828872680664,81.50402069091797,11.54562759399414,43.33003616333008,33.046875,45.00654220581055,7.243045806884766,31.280620574951172,115.51692199707031,18.872058868408203,100.35540771484375,35.209999084472656,66.03366088867188,37.4046745300293,38.96808624267578,19.860109329223633,29.390493392944336,10.506142616271973,13.971824645996094,44.488243103027344,11.268001556396484,21.15277099609375,24.933807373046875,14.786185264587402,161.2874298095703,27.370363235473633,14.942627906799316,62.50133514404297,137.24078369140625,77.58661651611328,18.274961471557617,68.20097351074219,79.14078521728516,72.62065124511719,60.31676483154297,30.084392547607422,23.649999618530273,60.13886260986328,28.352006912231445,31.977598190307617,38.33799362182617,9.883136749267578,71.68994140625,42.05928039550781,39.92265701293945,28.346664428710938,79.5326156616211,48.40873336791992
2022-08-30,44.703880310058594,29.23977279663086,24.68699836730957,17.296798706054688,28.37605857849121,42.77000045776367,147.232177734375,30.78725814819336,15.425254821777344,100.94329071044922,23.767114639282227,32.35493850708008,37.57411575317383,65.55014038085938,82.16427612304688,11.498534202575684,43.07551574707031,32.839786529541016,44.472869873046875,7.196012496948242,31.246599197387695,116.1303482055664,18.757740020751953,100.00901794433594,35.16999816894531,65.64580535888672,37.42349624633789,39.141883850097656,19.877492904663086,29.33928108215332,10.514863014221191,13.90400218963623,44.673316955566406,11.201078414916992,21.24232292175293,24.583276748657227,14.671250343322754,160.60206604003906,27.462234497070312,15.022339820861816,62.2484016418457,136.53794860839844,77.51022338867188,18.232929229736328,68.73185729980469,78.74102783203125,71.838134765625,60.63274002075195,30.29580307006836,23.850000381469727,59.77959060668945,28.39642906188965,31.926597595214844,38.17998123168945,9.833139419555664,71.73575592041016,41.85523223876953,40.12263488769531,28.5379695892334,79.8231430053711,48.104820251464844
2022-08-31,44.38063430786133,29.099538803100586,24.58374786376953,17.245168685913086,28.039077758789062,41.779998779296875,144.699951171875,30.3537654876709,15.200132369995117,100.46825408935547,24.33401870727539,32.12946701049805,37.43888854980469,65.59217071533203,81.4948501586914,11.51423168182373,42.838558197021484,32.504486083984375,43.361045837402344,7.101945877075195,31.195566177368164,115.53472137451172,18.599443435668945,99.06350708007812,34.689998626708984,65.09561157226562,37.282344818115234,38.88574981689453,19.660200119018555,29.15148162841797,10.392800331115723,13.759873390197754,44.66450881958008,11.20944595336914,21.07217025756836,24.352664947509766,14.523467063903809,160.7789764404297,27.245075225830078,14.906238555908203,61.82102966308594,135.42369079589844,77.06146240234375,18.216115951538086,67.26240539550781,78.42495727539062,71.0101089477539,59.992008209228516,30.102779388427734,23.719999313354492,58.91133499145508,28.226390838623047,31.53558349609375,37.93049240112305,9.683141708374023,70.2882080078125,41.73991012573242,39.73176956176758,28.45478630065918,79.04525756835938,47.78355026245117
2022-09-01,43.924278259277344,28.740177154541016,24.508649826049805,17.17632293701172,27.97859001159668,40.720001220703125,143.85267639160156,30.42649269104004,15.209137916564941,99.32255554199219,23.75852394104004,31.81726837158203,37.2856330871582,65.4828872680664,81.40312194824219,11.420045852661133,42.78589630126953,32.514347076416016,42.24922180175781,7.015720367431641,31.15304946899414,116.69929504394531,18.757740020751953,98.11799621582031,34.18000030517578,64.69873046875,37.103553771972656,38.71194839477539,19.6428165435791,28.88685417175293,10.313531875610352,13.751394271850586,44.0564079284668,11.184349060058594,20.902015686035156,24.122053146362305,14.51525592803955,159.9210205078125,27.02791976928711,14.924097061157227,61.576812744140625,135.80941772460938,76.0589370727539,18.139755249023438,67.99237823486328,79.04780578613281,70.91911315917969,60.20265579223633,29.459360122680664,23.670000076293945,58.43230056762695,28.0384521484375,31.17857551574707,38.14672088623047,9.691473960876465,69.44534301757812,41.37617492675781,39.72268295288086,28.488065719604492,78.92342376708984,47.853004455566406
2022-09-02,43.791168212890625,28.652524948120117,24.133182525634766,17.1332950592041,27.814414978027344,40.349998474121094,142.59609985351562,30.390127182006836,15.11909294128418,98.44697570800781,23.569555282592773,31.64383316040039,37.069278717041016,65.01209259033203,80.74290466308594,11.310161590576172,42.86488342285156,32.238216400146484,42.79179000854492,7.047075271606445,30.770328521728516,116.68152618408203,18.643413543701172,97.56566619873047,33.209999084472656,63.58930587768555,36.65188217163086,38.17226028442383,19.6428165435791,28.741735458374023,10.26949405670166,13.658137321472168,43.54524612426758,11.142521858215332,20.570667266845703,23.697725296020508,14.408527374267578,159.86795043945312,26.9360408782959,14.79905891418457,61.04477310180664,134.7808837890625,75.14234161376953,18.054912567138672,66.68412780761719,78.2947998046875,70.91911315917969,59.4039306640625,29.38582420349121,23.59000015258789,57.88340759277344,27.913162231445312,30.957584381103516,37.8806037902832,9.591476440429688,69.01476287841797,40.639862060546875,39.43181228637695,28.621145248413086,78.41731262207031,47.792232513427734
2022-09-06,42.87845230102539,28.17045783996582,23.870359420776367,16.866531372070312,28.05635643005371,38.470001220703125,141.46324157714844,30.05377197265625,15.22714900970459,91.87079620361328,23.037004470825195,30.741958618164062,37.087310791015625,64.20500183105469,79.11979675292969,11.2473726272583,42.32073974609375,31.735265731811523,45.762577056884766,6.937333106994629,30.370607376098633,118.12171173095703,18.405975341796875,95.64654541015625,32.15999984741211,62.795562744140625,34.89220428466797,37.69658660888672,19.608051300048828,28.40028953552246,10.084538459777832,13.412271499633789,42.76970672607422,11.017045021057129,19.970645904541016,23.29184913635254,14.219697952270508,158.3378143310547,26.468313217163086,14.531124114990234,60.547637939453125,134.02659606933594,73.67194366455078,17.825830459594727,66.80736541748047,76.58425903320312,70.30037689208984,59.73746871948242,28.494234085083008,22.940000534057617,59.01113510131836,27.492536544799805,30.19256019592285,37.689327239990234,9.399811744689941,66.67851257324219,39.9212760925293,38.9773063659668,28.271806716918945,77.43323516845703,47.46226119995117
2022-09-07,43.629539489746094,28.79276466369629,24.292755126953125,17.262378692626953,28.9290714263916,39.18000030517578,144.93795776367188,30.517398834228516,15.299186706542969,91.94530487060547,23.40635108947754,31.374996185302734,38.25022506713867,65.29791259765625,80.6145248413086,11.365103721618652,42.68057632446289,32.39703369140625,46.474151611328125,7.047075271606445,30.79584312438965,121.5087890625,18.740148544311523,98.1928939819336,32.369998931884766,64.75286102294922,36.04964065551758,38.39179992675781,20.00786590576172,29.05758285522461,10.322339057922363,13.61574649810791,43.80082321166992,11.334925651550293,20.409467697143555,23.47633934020996,14.589149475097656,161.68994140625,26.777353286743164,14.790128707885742,61.28898239135742,136.80364990234375,75.25690460205078,18.283992767333984,68.05875396728516,77.07696533203125,71.71073150634766,61.212032318115234,29.367441177368164,23.280000686645508,59.8394660949707,27.734172821044922,30.566564559936523,38.17998123168945,9.683141708374023,68.58412170410156,41.03019714355469,39.84992599487305,28.68768882751465,79.67318725585938,48.929725646972656
2022-09-08,44.589786529541016,29.318662643432617,24.4053955078125,17.623804092407227,28.859943389892578,39.91999816894531,146.14695739746094,31.499191284179688,15.515303611755371,91.7403793334961,23.47507095336914,32.04273986816406,39.503299713134766,66.27313995361328,82.78782653808594,11.357254981994629,43.79520034790039,32.63407897949219,46.20730972290039,7.117624282836914,32.17362976074219,125.09148406982422,18.872058868408203,99.6439208984375,33.18000030517578,66.39445495605469,36.70833206176758,38.84917068481445,20.314062118530273,30.15023422241211,10.551332473754883,13.768351554870605,44.78788757324219,11.828474044799805,21.02739143371582,23.928340911865234,15.180268287658691,166.19189453125,27.044620513916016,15.058066368103027,62.18735885620117,139.5806884765625,77.51022338867188,18.84395980834961,69.35757446289062,77.96942901611328,73.52147674560547,63.248348236083984,29.96490478515625,23.729999542236328,60.02908706665039,28.136899948120117,30.90142250061035,39.12803268432617,9.899805068969727,70.52641296386719,42.360904693603516,41.113433837890625,29.057313919067383,81.31331634521484,50.58821105957031
2022-09-09,44.98910140991211,29.68678855895996,25.034305572509766,17.78730583190918,29.214208602905273,40.7400016784668,150.83067321777344,31.762813568115234,15.857487678527832,92.10365295410156,23.99043846130371,32.64109802246094,39.791778564453125,66.79438781738281,83.70484924316406,11.278767585754395,44.47099685668945,33.67118453979492,45.54021453857422,7.203850746154785,32.590354919433594,125.54484558105469,18.96879005432129,101.40387725830078,33.88999938964844,67.87369537353516,37.29175567626953,39.24250411987305,20.331558227539062,30.50876235961914,10.639408111572266,13.887043952941895,45.37835693359375,11.828474044799805,21.09903907775879,24.6939754486084,15.319835662841797,165.9354248046875,27.921611785888672,15.200966835021973,62.03034210205078,140.85777282714844,79.17156982421875,18.84395980834961,70.66584014892578,78.7874984741211,74.81356811523438,64.07341003417969,30.71861457824707,24.3700008392334,60.65781784057617,28.36958122253418,31.5024471282959,39.56879425048828,9.94980239868164,71.40592956542969,43.07061767578125,41.204322814941406,29.242124557495117,82.24118041992188,50.94422149658203
2022-09-12,45.80674362182617,30.151329040527344,25.306522369384766,17.97662353515625,29.775856018066406,42.4900016784668,154.6480712890625,32.06281661987305,15.938529968261719,92.82089233398438,24.22235870361328,33.204776763916016,39.917991638183594,67.24837493896484,84.80526733398438,11.365103721618652,44.646522521972656,33.94774627685547,45.36232376098633,7.188173770904541,33.27924346923828,126.38054656982422,18.97758674621582,102.780029296875,34.47999954223633,68.802734375,37.828125,39.52607727050781,20.28781509399414,31.174583435058594,10.753904342651367,13.997258186340332,45.37835693359375,12.096161842346191,21.37665557861328,25.09984588623047,15.516877174377441,168.53578186035156,28.389339447021484,15.361730575561523,63.02465057373047,142.52056884765625,79.40072631835938,19.056076049804688,71.02607727050781,79.6985855102539,75.15022277832031,65.11788940429688,31.527490615844727,24.229999542236328,61.19673156738281,28.64700698852539,31.80296516418457,39.55217361450195,10.11646556854248,72.34042358398438,43.58515930175781,41.38611602783203,29.326126098632812,83.22525024414062,50.90080642700195
2022-09-13,44.55176544189453,28.038984298706055,25.053077697753906,17.460304260253906,28.946346282958984,40.58000183105469,147.8890838623047,30.908292770385742,15.353214263916016,90.40837860107422,23.243154525756836,32.094764709472656,39.76473617553711,65.80235290527344,83.246337890625,10.745046615600586,43.005313873291016,32.75262451171875,45.36232376098633,7.015720367431641,31.671838760375977,123.2156753540039,18.458740234375,94.58870697021484,33.0,65.89836883544922,37.009456634521484,38.41923522949219,20.17408561706543,29.85999298095703,10.401607513427734,13.539443969726562,44.24148941040039,11.7280912399292,20.866195678710938,24.02980613708496,14.777976989746094,164.75906372070312,27.412118911743164,14.906238555908203,61.254112243652344,137.866455078125,77.32881164550781,18.394290924072266,69.15847778320312,77.19783020019531,72.8026351928711,63.309776306152344,29.045732498168945,23.170000076293945,60.84743881225586,28.074249267578125,30.970115661621094,37.57289123535156,9.733141899108887,68.74903869628906,42.24557113647461,39.28636932373047,28.96490478515625,80.9759292602539,49.75462341308594
2022-09-14,44.89403533935547,27.854921340942383,24.58374786376953,17.77009391784668,28.911781311035156,40.18000030517578,148.79342651367188,30.790119171142578,15.371291160583496,91.2839584350586,23.16584587097168,32.164154052734375,39.413150787353516,66.34040832519531,84.08081817626953,10.603767395019531,42.505043029785156,32.308135986328125,44.43857192993164,7.015720367431641,31.38268280029297,125.62489318847656,18.203712463378906,94.2236099243164,32.650001525878906,66.1960220336914,37.47995376586914,38.9427604675293,20.375301361083984,29.85999298095703,10.50729751586914,13.590313911437988,44.96415328979492,11.602609634399414,20.902015686035156,24.32499122619629,14.482417106628418,162.0791473388672,27.387067794799805,15.022343635559082,61.71104049682617,139.2035675048828,78.51277160644531,18.77608871459961,68.9688491821289,76.44480895996094,73.44867706298828,62.66904830932617,29.174415588378906,22.8799991607666,60.567996978759766,28.226390838623047,31.055967330932617,37.50636672973633,9.81726360321045,67.37480926513672,42.44074630737305,39.340904235839844,29.292522430419922,81.06028747558594,50.32771301269531
2022-09-15,45.26482391357422,28.61746597290039,24.715158462524414,18.174551010131836,29.11052131652832,40.83000183105469,148.63162231445312,31.371917724609375,15.615283012390137,92.2433853149414,23.767114639282227,32.60641860961914,40.062217712402344,66.83641815185547,84.44761657714844,10.438943862915039,42.513816833496094,32.50567626953125,44.44755172729492,7.023558616638184,32.07156753540039,125.92713928222656,18.573060989379883,96.20823669433594,33.150001525878906,66.92660522460938,37.649330139160156,39.37444305419922,20.524023056030273,30.54289436340332,10.692253112792969,13.844651222229004,45.13159942626953,11.928855895996094,21.206499099731445,24.45413589477539,14.835447311401367,164.95367431640625,27.91325569152832,15.058066368103027,63.046661376953125,141.46633911132812,80.06907653808594,19.039108276367188,68.80770874023438,76.86315155029297,74.45870971679688,62.66904830932617,29.96490478515625,23.40999984741211,62.005104064941406,28.503820419311523,31.57114601135254,38.14672088623047,10.02757453918457,67.04498291015625,42.334293365478516,40.12263488769531,29.939359664916992,81.62261199951172,51.20471954345703
2022-09-16,45.54054260253906,28.46846580505371,24.61190414428711,17.80451774597168,28.799457550048828,39.68000030517578,145.72805786132812,31.017385482788086,15.552023887634277,90.58537292480469,24.368377685546875,32.6324348449707,39.56639862060547,66.72712707519531,84.03498077392578,10.281965255737305,42.22418212890625,32.38715362548828,48.205322265625,7.062753677368164,31.357160568237305,122.904541015625,18.15974235534668,95.18783569335938,32.7400016784668,65.54659271240234,37.4046745300293,39.521392822265625,20.410295486450195,29.902677536010742,10.63060188293457,13.90400218963623,44.981781005859375,11.59479808807373,21.17963218688965,24.5463809967041,14.531678199768066,161.725341796875,27.512348175048828,15.129518508911133,62.088871002197266,140.42066955566406,78.41728210449219,18.606403350830078,68.13460540771484,77.33728790283203,73.85814666748047,61.52801513671875,29.882177352905273,23.149999618530273,62.234642028808594,28.817047119140625,31.605478286743164,38.14672088623047,9.909801483154297,65.6890640258789,41.43827438354492,39.94084167480469,30.115768432617188,79.86064147949219,50.101951599121094
2022-09-19,46.27260208129883,28.941768646240234,24.96860122680664,18.165943145751953,29.79313087463379,40.68000030517578,147.89857482910156,31.535547256469727,15.624317169189453,92.23406982421875,25.201560974121094,33.4996223449707,39.85487747192383,67.67713165283203,85.69474792480469,10.242722511291504,42.338279724121094,32.930397033691406,45.91836166381836,7.109786033630371,31.705860137939453,125.54484558105469,18.599443435668945,95.93677520751953,33.33000183105469,66.91761016845703,38.50564956665039,40.357177734375,20.594013214111328,30.252666473388672,10.797943115234375,14.192252159118652,45.81901931762695,11.86542797088623,21.6094970703125,24.749317169189453,14.638406753540039,165.6523895263672,28.138769149780273,15.567150115966797,63.39812469482422,141.68919372558594,80.84245300292969,18.86941909790039,69.87896728515625,79.52194213867188,75.69618225097656,62.2038688659668,30.066009521484375,23.479999542236328,63.54200744628906,29.121328353881836,32.43833923339844,38.37957763671875,10.094873428344727,66.9258804321289,42.17461013793945,40.28624725341797,30.85501480102539,81.36019897460938,50.692405700683594
2022-09-20,46.09196090698242,28.187986373901367,24.931049346923828,18.165943145751953,29.680809020996094,40.31999969482422,146.10885620117188,31.062833786010742,15.588166236877441,93.25867462158203,25.18437957763672,33.204776763916016,39.007484436035156,68.08907318115234,85.63054656982422,10.227023124694824,41.46940612792969,32.56494903564453,45.873531341552734,7.156818389892578,31.306137084960938,124.79813385009766,18.669797897338867,94.89765167236328,32.81999969482422,66.37641906738281,38.477413177490234,40.32964324951172,20.49778175354004,29.996566772460938,10.789134979248047,14.226165771484375,46.136295318603516,11.755484580993652,21.43934440612793,24.76776885986328,14.457784652709961,165.55508422851562,28.097009658813477,15.665390968322754,63.17845153808594,140.42066955566406,80.89021301269531,18.82699966430664,69.53767395019531,79.18727111816406,74.95915222167969,60.51865005493164,29.08249855041504,23.790000915527344,63.382328033447266,29.13027572631836,32.48986053466797,37.414886474609375,10.010747909545898,67.03581237792969,41.90846252441406,39.459075927734375,30.880218505859375,81.18213653564453,50.101951599121094
2022-09-21,46.072940826416016,27.63579750061035,24.733930587768555,17.90778350830078,29.07595443725586,39.7400016784668,141.56796264648438,30.135583877563477,15.488765716552734,92.00118255615234,24.729137420654297,32.41563415527344,38.133033752441406,66.7523422241211,84.73189544677734,10.329057693481445,40.66196060180664,32.39703369140625,46.36678695678711,7.101945877075195,31.03398323059082,124.46028900146484,18.652210235595703,93.13766479492188,33.0,65.36619567871094,38.18570327758789,40.1183967590332,20.559017181396484,29.245380401611328,10.709869384765625,14.065083503723145,45.42243194580078,11.603255271911621,21.215456008911133,24.371112823486328,14.063706398010254,164.19300842285156,28.673315048217773,15.504626274108887,62.34367370605469,135.80941772460938,79.8399429321289,18.555496215820312,69.12054443359375,78.44354248046875,73.76715850830078,59.482933044433594,28.154136657714844,23.610000610351562,62.76357650756836,28.93338966369629,32.01762390136719,36.53335952758789,9.859326362609863,66.3945083618164,41.56248474121094,38.422821044921875,30.31739044189453,80.25426483154297,49.58095932006836
2022-09-22,44.9796028137207,26.890777587890625,24.396011352539062,17.78730583190918,28.548879623413086,38.869998931884766,136.16075134277344,29.54469108581543,15.217669486999512,88.73174285888672,23.91313362121582,31.418363571166992,36.89799499511719,65.7098617553711,82.49439239501953,10.438943862915039,40.00371170043945,32.071083068847656,45.73899841308594,7.0392374992370605,29.894338607788086,123.16233825683594,18.414770126342773,89.37435150146484,31.450000762939453,62.8947868347168,37.574058532714844,39.291770935058594,20.594013214111328,28.34906578063965,10.551332473754883,13.878567695617676,44.884830474853516,11.341080665588379,20.87514877319336,23.60548210144043,13.61215877532959,162.03489685058594,28.055246353149414,15.272417068481445,60.9729118347168,132.5695037841797,79.04744720458984,18.080366134643555,68.3147201538086,76.82595825195312,71.94729614257812,57.99959182739258,27.326889038085938,22.899999618530273,61.55601119995117,28.60226821899414,31.71710205078125,35.78490447998047,9.598541259765625,63.82009506225586,40.799537658691406,37.741092681884766,29.86375617980957,78.47355651855469,48.40873336791992
2022-09-23,44.28556442260742,26.163291931152344,23.738941192626953,17.546356201171875,28.064990997314453,36.79999923706055,133.52377319335938,28.844711303710938,14.973679542541504,87.10167694091797,23.603912353515625,30.724613189697266,36.212867736816406,65.33155059814453,80.54114532470703,10.407547950744629,38.8452033996582,31.80440330505371,44.60898208618164,6.9608473777771,29.28199577331543,121.08208465576172,18.31803321838379,87.79224395751953,30.5,60.99161911010742,37.1694221496582,39.052974700927734,20.44528579711914,27.999074935913086,10.375184059143066,13.717484474182129,44.44418716430664,11.155025482177734,20.633350372314453,23.181154251098633,13.48080062866211,158.2405242919922,27.55411720275879,15.013410568237305,60.10300827026367,130.21243286132812,77.56751251220703,17.715534210205078,67.2055435180664,76.02645874023438,71.64704132080078,55.84918212890625,26.90406608581543,22.489999771118164,60.61790084838867,28.306930541992188,31.39083480834961,35.02812194824219,9.455530166625977,62.85810089111328,40.00998306274414,36.732112884521484,29.317726135253906,77.28328704833984,47.3406982421875
2022-09-26,43.73411560058594,24.98879051208496,23.814035415649414,17.314014434814453,27.82305908203125,37.0099983215332,130.8487091064453,28.20836639404297,14.829092979431152,86.02114868164062,23.29469108581543,30.317031860351562,35.581825256347656,64.74304962158203,80.71537017822266,10.313362121582031,37.7305793762207,31.774770736694336,45.23675537109375,6.937333106994629,28.62712287902832,120.43311309814453,18.37079429626465,85.4706039428711,30.06999969482422,60.48651123046875,36.745975494384766,39.052974700927734,20.340307235717773,27.393001556396484,10.278304100036621,13.66661548614502,44.62926483154297,11.00279712677002,20.454242706298828,22.84907341003418,13.2180814743042,156.65733337402344,27.888202667236328,14.924097061157227,59.70759582519531,127.48686218261719,78.01627349853516,17.55432891845703,67.2055435180664,76.18450164794922,71.4559555053711,54.95390701293945,25.929750442504883,22.239999771118164,59.420310974121094,28.34273338317871,31.347902297973633,34.14659881591797,9.354581832885742,63.05049514770508,40.116451263427734,36.3685188293457,29.309324264526367,76.41165924072266,46.48106002807617
2022-09-27,43.16368865966797,24.62942886352539,23.588754653930664,17.19353675842285,27.365095138549805,36.540000915527344,130.8868408203125,27.790191650390625,14.666430473327637,84.42835235595703,22.461511611938477,29.597270965576172,35.10401916503906,63.28022766113281,79.16561889648438,10.030802726745605,37.37950897216797,31.64637565612793,47.353309631347656,6.64729642868042,28.057308197021484,118.38838195800781,18.362003326416016,85.55485534667969,29.739999771118164,60.2880744934082,36.09668731689453,38.49272155761719,20.21782684326172,26.949111938476562,10.234267234802246,13.530967712402344,43.985904693603516,10.875937461853027,20.22140121459961,22.664581298828125,13.10313892364502,156.81654357910156,27.512348175048828,14.64723014831543,58.644371032714844,126.87830352783203,77.2428970336914,17.31676483154297,67.90705871582031,75.82195281982422,70.63703155517578,53.78654098510742,25.83783531188965,22.059999465942383,58.94127655029297,27.895259857177734,30.72110939025879,34.06343460083008,9.177922248840332,61.29145812988281,39.62851333618164,36.38670349121094,28.67088508605957,75.5306625366211,45.812461853027344
2022-09-28,43.582008361816406,25.672456741333008,24.105026245117188,17.50333023071289,27.65888214111328,36.849998474121094,133.80938720703125,28.244722366333008,14.874277114868164,85.63926696777344,23.30327796936035,30.065547943115234,35.68999099731445,63.86872863769531,80.8437728881836,10.172082901000977,38.09041976928711,32.84150695800781,49.32637023925781,6.678652286529541,28.890771865844727,119.84635925292969,18.61703109741211,88.97180938720703,30.299999237060547,61.64102554321289,36.934173583984375,39.255035400390625,20.340307235717773,27.777135848999023,10.383993148803711,13.717484474182129,44.76144790649414,11.22268295288086,20.81245994567871,22.895193099975586,13.275547981262207,158.45277404785156,28.16382598876953,15.00447940826416,59.47034454345703,129.92959594726562,78.87559509277344,17.35918426513672,69.4428939819336,76.21241760253906,73.87635040283203,55.49809646606445,26.646703720092773,22.399999618530273,60.41830062866211,28.08319664001465,31.39083480834961,34.44597625732422,9.354581832885742,62.12518310546875,40.80841064453125,37.095706939697266,28.796892166137695,77.11458587646484,46.25530242919922
2022-09-29,42.847530364990234,25.00632095336914,23.738941192626953,17.28819465637207,27.054033279418945,34.79999923706055,131.17239379882812,27.872011184692383,14.59414005279541,84.40436553955078,23.0799560546875,29.553903579711914,35.04993438720703,63.79307174682617,80.9171371459961,10.046501159667969,37.2039794921875,32.476043701171875,48.6088981628418,6.631618499755859,28.788711547851562,118.87736511230469,18.388385772705078,87.69861602783203,29.860000610351562,60.98259735107422,36.45426940917969,38.795806884765625,20.226577758789062,27.6391544342041,10.234267234802246,13.446186065673828,43.580501556396484,11.138111114501953,20.36468505859375,22.655357360839844,13.160609245300293,154.64073181152344,27.6877498626709,14.861578941345215,58.71466827392578,129.1925048828125,77.41475677490234,16.858604431152344,68.86457824707031,74.8365249633789,72.2293930053711,54.17274475097656,26.50882911682129,22.030000686645508,59.30055236816406,27.617830276489258,30.815561294555664,34.269283294677734,9.169510841369629,60.02714920043945,40.08095932006836,36.81392288208008,28.225658416748047,76.45851135253906,44.961517333984375
2022-09-30,42.64722442626953,24.392770767211914,23.31654167175293,17.279592514038086,26.250450134277344,34.22999954223633,128.4307098388672,27.45384407043457,14.43148136138916,83.70269775390625,22.77932357788086,29.631946563720703,34.725399017333984,63.99482345581055,81.48567962646484,9.975860595703125,36.57206344604492,32.55506896972656,47.98109817504883,6.506198883056641,29.22246742248535,117.54386138916016,18.25647735595703,86.28504943847656,29.479999542236328,60.55867385864258,35.95553970336914,38.41923522949219,20.034109115600586,27.561540603637695,10.21665096282959,13.52321720123291,43.29848861694336,11.146567344665527,20.158716201782227,22.922868728637695,13.152400016784668,155.94976806640625,27.111440658569336,14.709747314453125,58.591651916503906,128.06967163085938,77.43383026123047,17.02829360961914,68.13460540771484,74.58480072021484,71.99281311035156,53.924442291259766,25.9113712310791,21.979999542236328,58.91133499145508,27.4119930267334,30.695356369018555,33.92432403564453,9.085386276245117,60.22871017456055,40.09870147705078,36.55940628051758,28.032447814941406,76.43041229248047,44.162654876708984
2022-10-03,43.57246780395508,25.619863510131836,23.19451332092285,17.67543601989746,27.010831832885742,35.650001525878906,133.29531860351562,28.262908935546875,14.811018943786621,84.7317886352539,23.29469108581543,30.646568298339844,35.75310134887695,65.2222671508789,83.4022216796875,10.109291076660156,37.35317611694336,32.96002960205078,48.429534912109375,6.749199867248535,29.800790786743164,120.48644256591797,18.4675350189209,89.46794891357422,30.59000015258789,62.47987747192383,36.29430389404297,39.300960540771484,20.305315017700195,28.311813354492188,10.472067832946777,13.899813652038574,44.11810302734375,11.391824722290039,20.606491088867188,23.430217742919922,13.52184772491455,160.1067657470703,27.58751678466797,15.067000389099121,60.023929595947266,131.82383728027344,79.75397491455078,17.41009521484375,69.40494537353516,76.36551666259766,72.85723114013672,55.96401596069336,27.446380615234375,22.600000381469727,60.4881591796875,27.85946273803711,31.253450393676758,34.97604751586914,9.430294036865234,61.99692153930664,41.18101119995117,37.795623779296875,28.796892166137695,78.48291015625,45.33488464355469
2022-10-04,46.10974884033203,27.01348876953125,24.43355369567871,18.553184509277344,28.082277297973633,37.619998931884766,138.4740447998047,29.43560791015625,15.335142135620117,86.91159057617188,24.22235870361328,32.051414489746094,37.29465103149414,67.87051391601562,86.74015045166016,10.281965255737305,38.97685241699219,34.78730392456055,49.02144241333008,6.921655654907227,31.15304946899414,125.2159423828125,18.96879005432129,93.49341583251953,33.040000915527344,66.61995697021484,37.178829193115234,40.5500602722168,20.366552352905273,29.579500198364258,11.009322166442871,14.302083969116211,45.57224655151367,11.797769546508789,21.430387496948242,24.500255584716797,14.055497169494629,165.68777465820312,28.756839752197266,15.817220687866211,63.011497497558594,137.6864776611328,83.84049224853516,18.156723022460938,72.25850677490234,78.66830444335938,75.8235855102539,58.18094253540039,29.119264602661133,23.709999084472656,63.6318244934082,28.843894958496094,32.627235412597656,35.86791229248047,9.766789436340332,65.50582122802734,43.248046875,39.577247619628906,29.83854866027832,82.4754867553711,47.3406982421875
2022-10-05,46.25282287597656,26.8995418548584,24.123796463012695,18.59621238708496,27.87489891052246,37.38999938964844,137.4364013671875,29.01743507385254,15.27188777923584,85.47088623046875,23.621091842651367,31.947362899780273,37.2856330871582,67.57624816894531,86.52005767822266,10.219176292419434,38.47658157348633,34.80706024169922,48.833099365234375,6.725684642791748,30.710798263549805,124.97589874267578,18.590646743774414,92.62279510498047,32.7400016784668,66.34033203125,36.92477035522461,40.19186019897461,20.156585693359375,29.407028198242188,10.947669982910156,14.207935333251953,45.47530746459961,11.603255271911621,21.457252502441406,24.583276748657227,13.866668701171875,164.34336853027344,28.89047622680664,15.817220687866211,62.51064682006836,136.47792053222656,82.86663055419922,17.961584091186523,71.98359680175781,78.62168884277344,76.05106353759766,58.02132034301758,29.183609008789062,23.56999969482422,62.91327667236328,28.66490936279297,32.48986053466797,35.50611114501953,9.6742525100708,63.86589431762695,42.857704162597656,39.3681755065918,29.653743743896484,82.20368194580078,46.47237777709961
2022-10-06,46.60574722290039,26.55771255493164,24.02992820739746,18.708078384399414,27.676166534423828,36.75,135.5419464111328,28.599260330200195,15.127303123474121,85.31182098388672,23.380584716796875,31.60047721862793,36.6726188659668,67.2820053100586,85.91484832763672,10.007256507873535,37.79201889038086,34.46135711669922,48.87794876098633,6.6081037521362305,30.132476806640625,124.29136657714844,18.520299911499023,90.55388641357422,32.0,65.88935089111328,36.94358825683594,40.24697494506836,20.156585693359375,28.91546630859375,10.991705894470215,14.216495513916016,45.669189453125,11.501769065856934,21.430387496948242,24.417236328125,13.644999504089355,162.83975219726562,28.497915267944336,15.754704475402832,62.18550491333008,133.46095275878906,81.54901885986328,17.656143188476562,72.04045867919922,78.31404113769531,76.23303985595703,56.71776580810547,28.944623947143555,23.350000381469727,62.55400085449219,28.67386245727539,32.6701545715332,34.563777923583984,9.68266487121582,62.042728424072266,42.47623825073242,38.395565032958984,29.813352584838867,82.27867889404297,45.50855255126953
2022-10-07,46.13835906982422,25.514684677124023,23.560596466064453,18.140125274658203,26.984907150268555,35.63999938964844,132.3242950439453,27.953824996948242,14.711618423461914,84.16112518310547,23.225975036621094,30.698593139648438,35.59082794189453,64.46561431884766,84.20922088623047,9.960163116455078,37.028446197509766,33.3748779296875,49.2008056640625,6.467004299163818,29.783775329589844,123.10011291503906,18.23009490966797,87.87650299072266,31.079999923706055,64.09440612792969,36.42603302001953,39.51220703125,20.13909339904785,28.544649124145508,10.771520614624023,13.968284606933594,44.143638610839844,11.1719388961792,21.000526428222656,23.44866371154785,13.25912857055664,161.02664184570312,27.79632568359375,15.45997142791748,60.867462158203125,129.71530151367188,78.80876159667969,17.3507022857666,70.44779968261719,76.8596420288086,74.96822357177734,55.077247619628906,28.34716796875,22.68000030517578,62.354400634765625,28.271137237548828,31.845897674560547,33.8233642578125,9.388232231140137,59.84391784667969,41.40279006958008,37.986515045166016,29.762948989868164,80.1324462890625,43.7371826171875
2022-10-10,45.718658447265625,25.19915008544922,23.673234939575195,18.105703353881836,27.183643341064453,35.63999938964844,130.90585327148438,27.872011184692383,14.738726615905762,84.66629791259766,22.90816307067871,30.724613189697266,35.3474235534668,64.33109283447266,84.62186431884766,9.873826026916504,36.5106201171875,33.93787384033203,49.83756637573242,6.474843978881836,29.486112594604492,123.23345947265625,18.23009490966797,87.10885620117188,30.540000915527344,63.77873611450195,36.99064636230469,39.6316032409668,20.191579818725586,28.4411678314209,10.762713432312012,14.070993423461914,44.329898834228516,11.18885326385498,21.045299530029297,23.31951904296875,13.086718559265137,160.3367156982422,27.946666717529297,15.477834701538086,60.023929595947266,129.2953338623047,78.89468383789062,17.18950080871582,69.73676300048828,77.1020278930664,74.5951919555664,54.642730712890625,28.5034236907959,22.850000381469727,61.765586853027344,28.512775421142578,31.699926376342773,33.51205825805664,9.379819869995117,58.9185905456543,41.23423385620117,37.67745590209961,30.149375915527344,80.19804382324219,43.37248611450195
2022-10-11,45.8426628112793,25.234209060668945,23.673234939575195,17.9163875579834,27.123159408569336,35.790000915527344,130.75352478027344,27.06294059753418,14.820054054260254,84.04883575439453,23.29469108581543,31.002120971679688,34.68934631347656,63.599674224853516,84.31922912597656,9.83458137512207,35.50132369995117,35.33055114746094,49.694068908691406,6.498359680175781,29.171428680419922,122.904541015625,18.282859802246094,87.7735366821289,31.290000915527344,63.01203155517578,37.1694221496582,39.84284973144531,20.296566009521484,27.958232879638672,10.745100021362305,14.062434196472168,44.43632888793945,11.061993598937988,21.02739143371582,23.282623291015625,12.865049362182617,158.39971923828125,27.671043395996094,15.629667282104492,61.39470672607422,126.57829284667969,78.93287658691406,16.875572204589844,67.98292541503906,78.16487121582031,74.08562469482422,53.924442291259766,28.420698165893555,23.360000610351562,61.21669387817383,28.60226821899414,31.888826370239258,32.63702392578125,9.362994194030762,57.35195541381836,40.82615661621094,36.5684928894043,30.451791763305664,79.15771484375,42.70388412475586
2022-10-12,45.68050765991211,25.462095260620117,23.804651260375977,17.959413528442383,27.019472122192383,35.75,130.17283630371094,27.144752502441406,14.84716510772705,83.96465301513672,23.45789337158203,30.2823429107666,33.6165657043457,63.34748458862305,85.04367065429688,9.873826026916504,35.84360885620117,36.1009635925293,49.308433532714844,6.4356489181518555,29.060869216918945,122.7445297241211,18.221302032470703,87.5207748413086,31.3799991607666,62.17320251464844,37.05651092529297,39.245845794677734,20.322811126708984,27.7857608795166,10.70106029510498,14.199376106262207,44.595985412597656,11.019707679748535,21.260234832763672,23.273399353027344,12.799368858337402,158.16094970703125,28.0635986328125,15.665390968322754,61.552852630615234,125.24120330810547,79.20020294189453,16.629528045654297,68.15355682373047,77.94112396240234,75.02283477783203,53.348045349121094,28.760791778564453,23.200000762939453,61.446231842041016,28.62911033630371,31.648414611816406,32.90625762939453,9.295697212219238,57.27865219116211,40.51565170288086,36.8230094909668,30.535799026489258,80.1324462890625,42.06132125854492
2022-10-13,47.49283981323242,26.443767547607422,24.724544525146484,18.862979888916016,28.306936264038086,37.470001220703125,135.2662353515625,28.808347702026367,15.6694974899292,86.06961822509766,24.497220993041992,31.6099796295166,35.3474235534668,65.3904037475586,87.6388168334961,10.085745811462402,37.69546890258789,38.38258361816406,49.2008056640625,6.6864914894104,30.727807998657227,128.70970153808594,18.951208114624023,91.57430267333984,32.90999984741211,64.41912841796875,39.52192687988281,40.899078369140625,20.489028930664062,29.622615814208984,11.273542404174805,14.93545150756836,46.64485168457031,11.747028350830078,22.048311233520508,24.112823486328125,13.718886375427246,165.60816955566406,29.274677276611328,16.370960235595703,64.08351135253906,131.11241149902344,83.27718353271484,17.715534210205078,70.22026062011719,81.29741668701172,79.49053955078125,56.30986022949219,29.76268768310547,24.299999237060547,64.21065521240234,29.81043243408203,33.09088897705078,34.80778121948242,9.749964714050293,59.706504821777344,42.52946472167969,38.52281188964844,31.585859298706055,83.69387817382812,43.91084671020508
2022-10-14,47.19715118408203,25.637393951416016,24.696388244628906,18.579004287719727,28.134124755859375,36.52000045776367,130.7366485595703,28.817440032958984,15.47069263458252,85.26505279541016,24.10209846496582,30.780210494995117,34.62623977661133,64.81031036376953,88.63837432861328,10.124988555908203,37.941219329833984,37.08867645263672,49.91828536987305,6.600264072418213,30.464162826538086,128.4252166748047,18.898441314697266,89.29945373535156,32.0,62.38066101074219,39.2302131652832,40.25616455078125,20.795230865478516,29.28629493713379,11.203086853027344,14.730034828186035,45.890926361083984,11.5609712600708,21.7080078125,23.780746459960938,13.530058860778809,164.1222381591797,29.115982055664062,16.245922088623047,63.819908142089844,129.58029174804688,81.5680923461914,17.545846939086914,65.39480590820312,79.8896484375,79.15386962890625,54.19047546386719,28.88028335571289,24.200000762939453,62.10490417480469,29.837276458740234,32.60147476196289,35.9772834777832,9.539655685424805,58.45135498046875,42.34315490722656,39.240909576416016,31.426246643066406,83.16902923583984,43.5374641418457
2022-10-17,48.074703216552734,26.391176223754883,25.10940170288086,18.91461181640625,29.015472412109375,38.04999923706055,135.2566680908203,30.56284523010254,15.777938842773438,86.32219696044922,24.067747116088867,31.732263565063477,36.38414001464844,66.50015258789062,88.85845184326172,10.274117469787598,38.25717544555664,37.799842834472656,52.33078384399414,6.710007190704346,30.863887786865234,130.08767700195312,19.232616424560547,91.24665069580078,33.349998474121094,65.39324951171875,40.06770324707031,41.33075714111328,20.952707290649414,29.9503231048584,11.432079315185547,15.021042823791504,47.354400634765625,11.713199615478516,22.36175537109375,24.315767288208008,13.866668701171875,166.19189453125,29.892745971679688,16.487064361572266,65.12037658691406,134.90377807617188,83.43949127197266,18.029460906982422,63.92536163330078,80.97111511230469,81.11930084228516,56.584754943847656,29.569658279418945,25.34000015258789,64.3304214477539,30.571130752563477,33.29695510864258,35.87631607055664,9.85091495513916,60.155418395996094,43.29240036010742,39.95901107788086,31.989084243774414,85.93383026123047,45.04833984375
2022-10-18,48.027008056640625,25.164087295532227,25.053077697753906,19.01787567138672,29.07595443725586,38.0,139.50912475585938,31.70827293395996,15.796008110046387,88.4084701538086,23.84441566467285,31.679855346679688,36.02354049682617,66.73554229736328,89.54621887207031,10.360454559326172,38.74866485595703,37.592411041259766,53.4966926574707,6.631618499755859,31.416698455810547,132.00791931152344,18.97758674621582,93.23127746582031,33.290000915527344,65.87129974365234,37.75284957885742,41.54200744628906,20.996444702148438,30.06243324279785,11.590614318847656,15.089513778686523,47.55839920043945,11.933084487915039,22.56772804260254,24.398788452148438,13.940557479858398,167.48321533203125,29.73404884338379,16.54958152770996,65.23461151123047,135.17210388183594,83.57318115234375,18.377321243286133,65.0440444946289,69.61558532714844,81.17389678955078,57.12567901611328,29.955713272094727,25.219999313354492,64.59988403320312,30.651676177978516,33.503013610839844,36.010948181152344,9.943449020385742,59.16596221923828,43.957759857177734,40.60438919067383,31.97228240966797,86.50553894042969,45.13517761230469
2022-10-19,47.416534423828125,23.16568374633789,25.081239700317383,18.888792037963867,28.66119956970215,36.70000076293945,137.5787811279297,30.8355655670166,15.371291160583496,88.15586853027344,23.466480255126953,31.243139266967773,35.1761474609375,65.62579345703125,88.84927368164062,10.274117469787598,38.037757873535156,37.03929138183594,52.37563705444336,6.576747894287109,31.229589462280273,128.967529296875,19.118295669555664,89.14967346191406,32.369998931884766,64.03128051757812,35.88967514038086,41.15625762939453,21.05768585205078,28.68263053894043,12.039794921875,14.849862098693848,46.75128173828125,11.518684387207031,22.415491104125977,23.789968490600586,13.538267135620117,144.2216796875,29.399959564208984,16.299516677856445,65.0852279663086,131.31149291992188,78.57958221435547,17.73250389099121,65.13884735107422,66.49234008789062,80.42776489257812,57.25870132446289,29.036542892456055,24.719999313354492,63.262569427490234,30.55323028564453,33.37422561645508,34.71521759033203,9.733141899108887,56.19757843017578,43.07061767578125,39.649959564208984,31.87147331237793,86.74922180175781,42.73862075805664
2022-10-20,46.042972564697266,23.01668357849121,24.696388244628906,18.11431121826172,27.14908218383789,34.97999954223633,136.0976104736328,30.635576248168945,14.214601516723633,85.33988952636719,24.548757553100586,30.03778076171875,34.63524627685547,63.877113342285156,86.97857666015625,10.14853572845459,37.669132232666016,35.87378692626953,52.82405471801758,6.404295444488525,30.532201766967773,125.09148406982422,18.82809066772461,88.9156494140625,31.0,58.07823181152344,35.202735900878906,39.49384307861328,21.03144073486328,26.86301612854004,11.74914836883545,14.276410102844238,45.31441116333008,11.163480758666992,21.224411010742188,23.153478622436523,13.012828826904297,142.75344848632812,28.3809814453125,15.790427207946777,63.22238540649414,128.0914764404297,75.75341033935547,16.748306274414062,64.46574401855469,64.83284759521484,76.7698974609375,57.51586151123047,29.00896644592285,23.899999618530273,55.92734909057617,29.864131927490234,32.23227310180664,33.66349792480469,9.219983100891113,54.072086334228516,43.94001770019531,39.6772346496582,30.905426025390625,84.33118438720703,40.923831939697266
2022-10-21,46.46267318725586,22.85015106201172,26.7520694732666,19.370695114135742,28.01314926147461,34.81999969482422,133.82325744628906,31.771909713745117,14.10616397857666,94.2181625366211,25.296043395996094,29.967906951904297,36.266944885253906,63.641727447509766,87.52877807617188,10.404487609863281,38.8452033996582,37.26646041870117,52.73436737060547,6.482683181762695,32.26717758178711,126.30940246582031,19.10070037841797,90.10454559326172,31.170000076293945,60.161800384521484,35.1180419921875,35.91183853149414,21.162670135498047,28.475664138793945,12.180713653564453,14.75571060180664,46.60936737060547,12.220627784729004,21.367700576782227,25.431928634643555,13.8748779296875,143.0807342529297,28.522977828979492,16.076231002807617,63.52994918823242,135.3538360595703,76.21170043945312,16.561649322509766,66.6651611328125,65.50409698486328,77.59793853759766,61.29351043701172,29.790258407592773,24.15999984741211,55.897403717041016,30.436887741088867,33.039363861083984,34.08418273925781,9.379819869995117,56.80225372314453,45.128780364990234,40.74982833862305,31.779067993164062,85.44647979736328,41.52296829223633
2022-10-24,47.44515609741211,23.29715919494629,27.681350708007812,19.843990325927734,28.315574645996094,34.88999938964844,135.34268188476562,31.88100242614746,14.051941871643066,88.28685760498047,24.935285568237305,30.579313278198242,36.81686782836914,59.681983947753906,90.0964126586914,10.444108963012695,38.97685241699219,37.819580078125,52.5998420715332,6.537553787231445,33.5003662109375,125.66044616699219,19.31175994873047,91.33088684082031,32.099998474121094,60.757102966308594,35.28742980957031,33.863670349121094,21.171415328979492,29.639869689941406,12.374478340148926,14.961127281188965,45.81998062133789,12.558917045593262,21.725914001464844,25.828582763671875,14.55630874633789,144.29241943359375,28.76519012451172,16.379892349243164,64.58436584472656,138.87686157226562,75.67701721191406,17.435546875,67.0254135131836,66.59489440917969,78.04377746582031,62.53497314453125,30.396907806396484,25.030000686645508,56.8953971862793,30.69642448425293,33.37422561645508,34.6058464050293,9.573305130004883,60.17374038696289,46.33529281616211,41.086158752441406,32.04788589477539,86.02754974365234,43.22487258911133
2022-10-25,48.456241607666016,23.77046775817871,28.263324737548828,20.179597854614258,28.89450454711914,36.619998931884766,140.49339294433594,32.17189407348633,14.53991985321045,88.4832992553711,25.158611297607422,30.657922744750977,37.501991271972656,60.1948127746582,92.5815200805664,10.48373031616211,39.775516510009766,38.78755187988281,52.626747131347656,6.655134677886963,34.393375396728516,127.18063354492188,19.382116317749023,95.09422302246094,33.08000183105469,61.7492790222168,37.47995376586914,34.00143814086914,21.241405487060547,30.485000610351562,12.594664573669434,15.14942741394043,46.43198013305664,12.550459861755371,21.869205474853516,26.37282943725586,14.589149475097656,144.61083984375,28.973997116088867,16.94255828857422,65.0588607788086,141.28321838378906,77.31927490234375,18.012487411499023,68.69393157958984,67.03309631347656,80.54605865478516,63.89175033569336,32.12495040893555,25.15999984741211,58.2826042175293,30.61587905883789,32.910579681396484,35.34624099731445,9.758379936218262,60.329498291015625,46.90305709838867,41.240684509277344,32.299903869628906,87.4802474975586,44.7270622253418
2022-10-26,48.79963684082031,23.823055267333984,28.62940788269043,20.446367263793945,29.127798080444336,36.709999084472656,140.35960388183594,32.453712463378906,14.69354248046875,88.84815216064453,25.08130645751953,30.40462875366211,37.529273986816406,61.901451110839844,93.59940338134766,10.436184883117676,39.85451889038086,38.9554557800293,51.38910675048828,5.957484245300293,34.18075180053711,126.16716003417969,19.355735778808594,95.41252899169922,32.369998931884766,63.01203155517578,37.677555084228516,33.87285614013672,21.250154495239258,30.622974395751953,12.471360206604004,15.17509937286377,47.310054779052734,12.609659194946289,21.905027389526367,26.40050506591797,14.523467063903809,145.9375457763672,28.898822784423828,17.031869888305664,62.98514175415039,139.9847869873047,77.2428970336914,18.063396453857422,69.15847778320312,68.12389373779297,79.94549560546875,64.095703125,32.21686553955078,25.200000762939453,59.470211029052734,30.83961296081543,33.42573928833008,35.665977478027344,9.775201797485352,60.338653564453125,46.83208465576172,41.54065704345703,33.21554946899414,86.19625091552734,43.763221740722656
2022-10-27,48.91409683227539,23.831825256347656,28.892236709594727,20.463577270507812,29.438865661621094,36.529998779296875,140.4456024169922,32.608253479003906,14.774872779846191,88.56749725341797,24.969640731811523,30.544382095336914,37.884010314941406,62.04437255859375,96.02030944824219,10.452033042907715,39.880836486816406,39.03446960449219,51.65815734863281,5.769351482391357,34.05318069458008,131.71456909179688,19.830608367919922,95.6091079711914,31.690000534057617,63.039100646972656,38.063377380371094,34.019805908203125,21.258901596069336,30.485000610351562,12.409706115722656,15.260693550109863,48.454227447509766,12.601201057434082,21.985626220703125,26.37282943725586,14.572728157043457,147.76840209960938,27.988426208496094,17.005077362060547,61.728599548339844,139.36158752441406,76.813232421875,18.283992767333984,73.31080627441406,68.14253997802734,79.40865325927734,64.82283020019531,32.23524856567383,25.170000076293945,57.663848876953125,31.528717041015625,34.77376174926758,35.405155181884766,9.606953620910645,59.81642532348633,47.080482482910156,41.49519729614258,33.198753356933594,85.31526184082031,43.74586868286133
2022-10-28,49.400569915771484,24.79595947265625,28.113142013549805,20.919658660888672,29.89682388305664,39.20000076293945,143.76161193847656,32.890052795410156,15.19959545135498,89.54045104980469,26.369726181030273,31.461496353149414,38.49342346191406,63.4399528503418,99.83509826660156,10.46788215637207,40.486427307128906,41.523521423339844,51.74784469604492,6.2710347175598145,34.85262680053711,137.98202514648438,20.586902618408203,100.26178741455078,33.810001373291016,64.61756134033203,39.09846878051758,34.96582794189453,21.328887939453125,31.028291702270508,12.709163665771484,15.560256958007812,50.15717697143555,12.778803825378418,22.728927612304688,26.96319580078125,14.860074043273926,148.7501678466797,28.690017700195312,17.30873680114746,63.02029037475586,140.98023986816406,78.80876159667969,18.53852653503418,76.02217864990234,69.89527893066406,81.85633087158203,66.31260681152344,33.20957565307617,28.3700008392334,60.06900405883789,32.486297607421875,36.173301696777344,36.06142044067383,10.069636344909668,61.474693298339844,47.852298736572266,42.1314811706543,33.97159957885742,87.37713623046875,44.75311279296875
2022-10-31,49.13349151611328,24.415029525756836,28.253942489624023,20.954086303710938,29.844982147216797,38.959999084472656,141.8599090576172,32.76279830932617,15.07308292388916,89.64337921142578,25.777053833007812,31.40035057067871,38.30241394042969,63.85191345214844,101.0455322265625,10.341094970703125,40.24945831298828,41.513633728027344,50.72544860839844,6.41213321685791,34.784603118896484,137.83978271484375,20.84193229675293,99.25074768066406,33.689998626708984,64.91688537597656,39.484283447265625,35.35157775878906,21.44261932373047,30.7782039642334,12.726776123046875,15.603053092956543,50.80465316772461,12.838003158569336,22.827434539794922,26.70490837097168,14.671250343322754,148.91818237304688,28.848712921142578,17.469499588012695,62.88846969604492,140.08001708984375,79.23841094970703,18.62337303161621,75.52919006347656,70.23092651367188,82.28398895263672,65.62093353271484,32.895050048828125,27.579999923706055,59.87938690185547,32.727935791015625,36.3621940612793,35.71645736694336,9.985511779785156,61.538814544677734,48.13618087768555,41.80425262451172,33.97159957885742,87.74267578125,45.10043716430664
2022-11-01,48.685176849365234,24.512479782104492,28.601247787475586,21.212242126464844,29.559831619262695,39.13999938964844,140.5507354736328,32.908241271972656,15.018863677978516,90.15791320800781,25.450651168823242,31.409086227416992,38.41156768798828,63.72580337524414,98.9089126586914,10.222230911254883,40.56542205810547,41.237083435058594,50.04384994506836,6.302390098571777,34.750221252441406,139.15550231933594,20.83313751220703,99.99031066894531,33.060001373291016,65.32503509521484,39.625423431396484,34.47903823852539,21.355134963989258,30.87306785583496,12.682740211486816,15.620171546936035,50.55630874633789,12.922576904296875,22.79161834716797,26.520418167114258,14.819024085998535,148.67942810058594,28.74012565612793,17.60346794128418,63.029083251953125,140.06271362304688,79.54393005371094,18.920324325561523,75.7377700805664,69.75543212890625,82.48418426513672,65.97563934326172,33.20957565307617,28.299999237060547,59.08099365234375,32.826377868652344,37.05766677856445,36.078250885009766,10.044398307800293,62.50996017456055,48.42005920410156,42.676883697509766,34.131202697753906,88.39871978759766,44.81389236450195
2022-11-02,48.456241607666016,23.617733001708984,27.944181442260742,20.437759399414062,29.196929931640625,37.2400016784668,137.129638671875,32.80824661254883,14.720654487609863,89.23172760009766,24.565935134887695,30.430828094482422,38.238746643066406,63.53243637084961,96.84562683105469,10.024126052856445,39.977386474609375,41.0296516418457,48.97660446166992,6.2004852294921875,33.994041442871094,138.41761779785156,20.43740463256836,96.62015533447266,31.489999771118164,61.67873764038086,38.5809211730957,34.038177490234375,21.30264663696289,29.93307113647461,12.471360206604004,15.303487777709961,49.500831604003906,12.668859481811523,22.06622314453125,25.78246307373047,14.613777160644531,144.7965545654297,27.26177978515625,17.192630767822266,62.6160888671875,137.3966522216797,77.08058166503906,18.53852653503418,74.82766723632812,68.8510971069336,80.28218078613281,65.51451873779297,32.32151412963867,28.530000686645508,58.3225212097168,32.450504302978516,36.379364013671875,35.12750244140625,9.81726360321045,59.2300910949707,46.72562789916992,42.613250732421875,33.114749908447266,85.52145385742188,42.97306823730469
2022-11-03,47.75038528442383,22.31547737121582,27.277721405029297,20.53242301940918,29.291976928710938,37.189998626708984,133.1256561279297,32.626434326171875,14.576066970825195,88.09973907470703,25.25309181213379,30.029048919677734,37.774864196777344,62.34703063964844,96.6805648803711,10.238080024719238,39.12605667114258,39.77525329589844,47.86452102661133,6.1806745529174805,33.624534606933594,137.5730743408203,20.06805419921875,92.51043701171875,31.34000015258789,61.67873764038086,38.15747833251953,33.055423736572266,21.258901596069336,29.2690486907959,12.506589889526367,15.303487777709961,49.527442932128906,12.61811637878418,22.03040313720703,25.5887451171875,14.646615982055664,145.22113037109375,26.075761795043945,17.21942901611328,62.0449333190918,132.7051239013672,77.31034088134766,18.65730857849121,74.84662628173828,67.02376556396484,79.49053955078125,64.79622650146484,31.470458984375,29.0,57.57402801513672,32.41470718383789,36.43946838378906,34.91715621948242,9.825675964355469,60.292842864990234,46.7882080078125,41.66181945800781,32.84592819213867,85.886962890625,41.78346252441406
2022-11-04,49.3624153137207,22.74956703186035,28.21639633178711,20.928266525268555,29.95730972290039,38.380001068115234,138.29550170898438,33.44459915161133,14.973679542541504,89.77436065673828,26.069093704223633,30.885021209716797,38.64806365966797,63.99482345581055,97.21243286132812,10.333169937133789,40.067134857177734,41.37535858154297,47.084266662597656,6.331230163574219,34.47523880004883,139.22662353515625,20.77157974243164,95.98356628417969,33.029998779296875,63.5109748840332,39.53133010864258,33.70753479003906,21.293893814086914,30.295272827148438,12.673932075500488,15.69720458984375,51.20378112792969,13.007147789001465,22.513994216918945,26.53887176513672,14.96680736541748,147.72418212890625,26.368087768554688,17.594539642333984,62.98514175415039,135.4663543701172,79.1868667602539,19.056076049804688,74.94143676757812,68.31967163085938,81.99282836914062,66.90674591064453,32.39552307128906,30.549999237060547,58.442283630371094,33.27384948730469,36.85160446166992,36.036190032958984,10.187408447265625,60.82422637939453,48.379398345947266,42.75962829589844,33.551570892333984,87.3958969116211,43.2075080871582
2022-11-07,49.763031005859375,22.87358856201172,28.122528076171875,20.954086303710938,29.758569717407227,39.189998626708984,140.45516967773438,33.64458465576172,15.055006980895996,90.99055480957031,26.3525447845459,30.85881805419922,38.58438491821289,63.74262237548828,97.4875259399414,10.317322731018066,40.599822998046875,42.08651351928711,47.53268814086914,6.458013534545898,34.56977081298828,140.7290496826172,20.921966552734375,98.05245971679688,33.5,63.26606369018555,39.644256591796875,34.074913024902344,21.30264663696289,30.21766471862793,12.638701438903809,15.705760955810547,51.48760986328125,13.10863208770752,22.4960880279541,26.778711318969727,15.048908233642578,149.44888305664062,26.543485641479492,17.657060623168945,63.670536041259766,135.63951110839844,79.69426727294922,19.36151885986328,75.51025390625,69.046875,82.10201263427734,67.33240509033203,33.48708724975586,30.25,59.34046936035156,33.300697326660156,36.90311813354492,36.62513732910156,10.229472160339355,62.24427795410156,48.763790130615234,43.061527252197266,33.58517074584961,88.97042846679688,43.33774948120117
2022-11-08,49.39103317260742,22.855871200561523,27.6531925201416,21.108978271484375,29.611682891845703,39.08000183105469,143.53221130371094,33.735496520996094,14.865241050720215,91.46766662597656,25.424884796142578,30.797679901123047,38.83906936645508,63.902339935302734,96.73558044433594,10.253928184509277,40.94607925415039,41.78031539916992,46.205352783203125,6.458013534545898,34.54399108886719,140.99575805664062,20.895431518554688,98.8013916015625,32.27000045776367,63.62887954711914,39.25724792480469,33.91876983642578,21.355134963989258,30.27802848815918,12.488973617553711,15.671527862548828,51.1062126159668,13.091717720031738,22.28115463256836,26.621891021728516,15.048908233642578,150.78445434570312,26.468313217163086,17.567745208740234,64.03958129882812,137.33612060546875,80.23998260498047,19.3700008392334,75.49127960205078,69.20537567138672,81.51057434082031,67.5274887084961,33.38532638549805,29.280000686645508,58.3225212097168,33.211204528808594,36.95463562011719,37.16362762451172,10.279945373535156,62.922245025634766,49.219688415527344,43.16215896606445,33.78679275512695,88.4924545288086,44.03240966796875
2022-11-09,48.76148223876953,22.005420684814453,26.930419921875,20.919658660888672,29.358888626098633,38.93000030517578,139.38490295410156,33.19913864135742,14.63028621673584,92.88970947265625,25.63962173461914,30.30854606628418,38.2933235168457,63.50722122192383,95.91028594970703,10.214306831359863,40.27133560180664,41.18769073486328,48.09769821166992,6.434240818023682,34.079959869384766,138.6043243408203,20.621187210083008,94.99125671386719,30.489999771118164,62.53136444091797,39.03070068359375,33.71671676635742,21.258901596069336,29.734731674194336,12.321635246276855,15.568816184997559,50.37890625,12.668859481811523,22.388620376586914,26.482799530029297,14.69587516784668,146.76893615722656,26.017297744750977,17.406980514526367,63.78474807739258,134.64405822753906,77.80818939208984,19.056076049804688,74.40752410888672,68.86042785644531,80.89749145507812,66.70279693603516,32.38626480102539,29.15999984741211,57.663848876953125,32.978511810302734,36.49098587036133,36.38114547729492,10.254708290100098,61.007450103759766,48.23637008666992,42.05521011352539,33.358360290527344,88.11620330810547,43.515926361083984
2022-11-10,51.27968215942383,25.407222747802734,28.253942489624023,21.625301361083984,30.814619064331055,41.7599983215332,147.8802490234375,34.66273880004883,15.425511360168457,95.35950469970703,27.065479278564453,33.103572845458984,40.085205078125,67.6939468383789,97.43250274658203,10.658062934875488,42.98805236816406,43.35078811645508,47.98109817504883,6.592720031738281,35.59233474731445,137.8931121826172,21.258136749267578,106.80982208251953,34.38999938964844,67.04842376708984,40.85245895385742,34.8096809387207,21.398874282836914,31.295629501342773,12.762005805969238,16.08235740661621,52.764827728271484,12.838003158569336,23.1140079498291,28.216793060302734,15.968423843383789,150.5279541015625,27.177953720092773,17.67491912841797,66.02542877197266,141.82855224609375,83.06433868408203,19.751808166503906,74.6832275390625,70.96744537353516,82.19684600830078,70.8174057006836,35.827476501464844,29.90999984741211,61.63584518432617,34.0614013671875,37.5814208984375,37.752601623535156,10.868813514709473,68.45587921142578,49.52363586425781,43.86658477783203,34.42522048950195,89.38602447509766,47.15757369995117
2022-11-11,51.05075454711914,26.133649826049805,28.08498191833496,20.893848419189453,30.056243896484375,42.630001068115234,148.0139923095703,34.91728591918945,15.416474342346191,90.83150482177734,26.395492553710938,33.59270477294922,40.494510650634766,68.34968566894531,95.77273559570312,10.499577522277832,44.559486389160156,43.80513381958008,47.98109817504883,6.5293288230896,35.704044342041016,129.5365447998047,20.727346420288086,109.47490692138672,34.66999816894531,67.18448638916016,40.37106704711914,34.80049514770508,21.232656478881836,31.778566360473633,12.304018020629883,15.911175727844238,51.070735931396484,12.66040325164795,23.087146759033203,28.550613403320312,16.280405044555664,146.9989013671875,26.839075088500977,16.781795501708984,64.94464111328125,143.48184204101562,82.1069564819336,19.86210060119629,74.49309539794922,70.74369049072266,79.01254272460938,71.81947326660156,37.21507263183594,29.459999084472656,61.027076721191406,33.20225524902344,36.80008316040039,37.79466247558594,10.843578338623047,70.21492004394531,47.691078186035156,43.50065231323242,33.417171478271484,85.73646545410156,48.48817443847656
2022-11-14,50.44028091430664,24.82253646850586,28.14147186279297,20.58405303955078,30.064966201782227,41.619998931884766,147.2877960205078,34.32638931274414,15.127303123474121,92.87098693847656,25.75987434387207,32.89394760131836,39.63949966430664,68.400146484375,95.56069946289062,10.301472663879395,43.5207405090332,43.33103561401367,47.56856155395508,6.489709377288818,34.62992477416992,129.33203125,20.789270401000977,105.06765747070312,32.619998931884766,65.12549591064453,40.60703659057617,34.42393112182617,21.250154495239258,31.08865737915039,12.101448059082031,15.799910545349121,50.86674118041992,12.651947021484375,23.069236755371094,28.55988311767578,15.598978996276855,146.68936157226562,27.406688690185547,16.638896942138672,65.06764221191406,141.3438262939453,80.86231231689453,19.437877655029297,72.69637298583984,71.43360137939453,79.63477325439453,70.0547866821289,34.92092514038086,30.479999542236328,58.73169708251953,33.07696533203125,36.645538330078125,36.89439010620117,10.683740615844727,67.29234313964844,47.422889709472656,42.87855529785156,33.643985748291016,84.5418930053711,46.66735076904297
2022-11-15,50.1827392578125,24.17584228515625,28.386259078979492,20.549631118774414,30.29161262512207,42.63999938964844,147.0584259033203,34.271846771240234,15.353215217590332,94.0871810913086,26.39238739013672,33.391807556152344,39.86689758300781,68.04705047607422,96.57466125488281,10.475805282592773,43.52962112426758,43.6372184753418,48.21428298950195,6.576873779296875,34.76740264892578,129.54537963867188,21.090051651000977,97.52447509765625,33.31999969482422,64.99851989746094,40.927974700927734,35.17707061767578,21.276403427124023,31.433609008789062,12.207135200500488,15.868382453918457,50.937686920166016,12.77034854888916,23.18189811706543,29.208974838256836,15.738545417785645,150.28912353515625,27.754037857055664,16.612104415893555,64.77767944335938,142.0795440673828,82.13566589355469,19.624536514282227,74.4360580444336,72.58964538574219,78.94849395751953,70.46269226074219,33.22806930541992,30.8799991607666,58.85145950317383,33.02326583862305,36.7914924621582,36.82707977294922,10.633267402648926,67.5213851928711,47.48546600341797,42.732173919677734,33.82878875732422,84.65475463867188,46.50102233886719
2022-11-16,49.33379364013672,23.963228225708008,28.433338165283203,20.188203811645508,29.93421173095703,40.189998626708984,145.79701232910156,33.962764739990234,15.100191116333008,94.19944763183594,25.655899047851562,32.448486328125,39.84870910644531,66.68508911132812,95.16435241699219,10.380715370178223,42.94366455078125,43.024845123291016,47.40712356567383,6.505557060241699,34.122928619384766,128.6386260986328,20.992738723754883,95.82939147949219,32.560001373291016,62.36810302734375,40.021820068359375,34.42393112182617,21.258901596069336,30.86444091796875,12.066215515136719,15.551700592041016,50.263607025146484,12.601201057434082,22.704198837280273,28.79170036315918,15.541507720947266,149.2012481689453,28.219995498657227,16.35309600830078,64.88311767578125,139.9242401123047,79.09111785888672,19.251220703125,73.58998107910156,71.40562438964844,77.51190185546875,69.9749755859375,32.55277633666992,30.260000228881836,57.45426940917969,32.53999328613281,36.24199295043945,36.120323181152344,10.389305114746094,66.80677032470703,46.806087493896484,42.27476119995117,33.46757125854492,83.42255401611328,45.4155387878418
2022-11-17,48.90456008911133,23.227941513061523,27.849607467651367,20.214021682739258,29.5506649017334,39.439998626708984,143.9527130126953,33.790035247802734,14.991750717163086,92.15997314453125,26.115123748779297,31.740991592407227,39.912376403808594,66.07979583740234,94.21491241455078,10.48373031616211,42.83712387084961,42.58036804199219,47.33537673950195,6.554778575897217,34.10573959350586,127.99851989746094,20.930816650390625,93.64461517333984,31.790000915527344,61.08009338378906,39.28555679321289,33.52384567260742,21.320144653320312,30.46775245666504,12.066215515136719,15.371960639953613,49.84674072265625,12.499716758728027,22.397747039794922,27.09479522705078,15.328045845031738,148.49368286132812,28.126806259155273,16.245922088623047,64.14502716064453,137.457275390625,76.56356811523438,18.96274757385254,74.0557861328125,70.35212707519531,76.9537353515625,66.07318878173828,32.79330062866211,29.719999313354492,55.77764892578125,32.1193733215332,35.77833938598633,35.98569869995117,10.195821762084961,64.28401947021484,46.49321365356445,42.0734977722168,33.34156036376953,82.33145141601562,44.435096740722656
2022-11-18,49.619964599609375,23.041906356811523,27.981414794921875,20.644290924072266,29.890623092651367,39.2599983215332,145.7301483154297,33.80821990966797,14.919459342956543,93.26392364501953,25.777204513549805,31.496431350708008,40.53089141845703,66.7607650756836,96.21516418457031,10.523350715637207,43.20112609863281,42.12601852416992,47.45196533203125,6.69424295425415,34.72443771362305,129.00306701660156,21.151973724365234,93.19257354736328,32.18000030517578,60.980342864990234,39.7386474609375,33.89122772216797,21.398874282836914,30.726465225219727,12.16309928894043,15.526018142700195,50.822391510009766,12.592745780944824,22.433807373046875,26.835163116455078,15.278787612915039,150.89944458007812,27.94890022277832,16.6478271484375,64.85678100585938,139.50010681152344,77.96138763427734,19.081533432006836,75.87154388427734,70.15633392333984,78.57333374023438,67.03089141845703,33.2003173828125,29.6200008392334,56.14690399169922,32.441558837890625,35.96723175048828,36.498939514160156,10.330418586730957,62.65436935424805,47.02956771850586,42.540061950683594,33.37515640258789,83.28147888183594,44.36506652832031
2022-11-21,49.94426727294922,22.93560218811035,28.066150665283203,20.91105842590332,30.32647705078125,39.84000015258789,146.0263671875,33.91730880737305,15.217669486999512,93.09550476074219,26.011144638061523,31.461496353149414,40.612762451171875,67.18952178955078,95.87411499023438,10.42033576965332,43.39645004272461,43.400169372558594,48.84206771850586,6.718853950500488,34.92207717895508,129.57205200195312,20.877737045288086,95.40559387207031,31.770000457763672,61.67873764038086,40.380496978759766,33.514652252197266,21.495113372802734,30.881689071655273,12.189520835876465,15.645849227905273,50.86674118041992,12.635030746459961,22.569005966186523,27.048437118530273,15.393726348876953,149.93533325195312,28.228464126586914,16.808589935302734,65.2785415649414,140.7985076904297,79.27304077148438,19.098501205444336,76.05217742919922,70.389404296875,79.40602111816406,67.9354019165039,33.579593658447266,30.25,56.68581771850586,32.50419998168945,36.259159088134766,36.507347106933594,10.355658531188965,62.304508209228516,47.44077682495117,42.851104736328125,34.07240295410156,84.10922241210938,44.47886657714844
2022-11-22,50.507049560546875,23.24565887451172,28.197961807250977,21.263877868652344,30.84950065612793,39.810001373291016,147.71780395507812,34.08094787597656,15.317071914672852,94.41462707519531,26.357728958129883,31.828344345092773,41.149410247802734,68.17314910888672,96.38108825683594,10.539200782775879,43.79597091674805,43.6372184753418,47.75689697265625,6.7598724365234375,35.56655502319336,131.58119201660156,21.01927947998047,95.63162994384766,32.130001068115234,63.08466720581055,40.47489547729492,33.71671676635742,21.538854598999023,31.33012580871582,12.348055839538574,15.885498046875,51.23926544189453,12.81263256072998,22.68617057800293,27.521339416503906,15.516877174377441,151.83697509765625,28.61817169189453,16.96935272216797,66.35055541992188,142.80667114257812,80.29744720458984,19.225765228271484,77.24998474121094,70.63182067871094,80.42169189453125,67.91764831542969,33.783103942871094,30.3799991607666,58.112945556640625,32.63844299316406,36.619781494140625,36.94486999511719,10.565967559814453,62.84773254394531,48.12015914916992,43.098114013671875,34.29082107543945,84.57951354980469,44.87278366088867
2022-11-23,50.239967346191406,23.502567291259766,27.906095504760742,20.936872482299805,30.378772735595703,39.75,147.09661865234375,34.190025329589844,15.27188777923584,94.7981948852539,26.201765060424805,31.854549407958984,41.376800537109375,68.58509063720703,95.00763702392578,10.475805282592773,42.828243255615234,44.03231430053711,48.25015640258789,6.784485816955566,35.712646484375,129.84762573242188,20.691959381103516,95.70696258544922,32.06999969482422,62.73092269897461,40.44657516479492,33.964698791503906,21.582595825195312,31.33012580871582,12.224749565124512,15.791352272033691,50.946563720703125,12.829545021057129,22.695188522338867,27.595521926879883,15.533296585083008,152.0138397216797,28.508045196533203,16.844314575195312,66.33296966552734,144.1223907470703,79.78044891357422,19.293638229370117,77.39258575439453,71.06066131591797,80.04654693603516,68.32557678222656,34.0791130065918,30.610000610351562,58.951255798339844,32.62054443359375,36.58543395996094,37.1131477355957,10.523905754089355,63.79604721069336,47.52122497558594,43.299381256103516,33.82878875732422,83.5072250366211,45.10038757324219
2022-11-25,50.80274963378906,23.626590728759766,27.312950134277344,21.065950393676758,30.884363174438477,40.2400016784668,147.306884765625,34.271846771240234,15.326105117797852,97.0060806274414,26.487699508666992,31.941883087158203,41.540531158447266,69.6444091796875,95.93864440917969,10.42825984954834,42.872642517089844,44.111328125,48.0707893371582,6.7352614402771,36.013397216796875,131.5278778076172,20.47964096069336,95.7917251586914,32.209999084472656,63.24794387817383,40.871337890625,34.249427795410156,21.670080184936523,31.4594783782959,12.348055839538574,16.031002044677734,51.74482727050781,12.88874626159668,22.98360824584961,27.447158813476562,15.623605728149414,152.25267028808594,28.719846725463867,16.94255828857422,66.95684814453125,145.1177978515625,80.51763916015625,19.403942108154297,77.58271026611328,71.39629364013672,80.46745300292969,68.33445739746094,34.273380279541016,31.100000381469727,59.420310974121094,32.86217498779297,36.97180938720703,37.239356994628906,10.599617004394531,64.52342224121094,47.90562057495117,43.40001678466797,34.08921432495117,84.43842315673828,45.301734924316406
2022-11-28,49.66764831542969,23.10391616821289,27.529495239257812,20.85082244873047,30.187009811401367,38.81999969482422,144.17245483398438,33.50823211669922,15.027897834777832,94.13397216796875,26.03714370727539,30.98110008239746,40.74919128417969,67.72756958007812,94.1872787475586,10.206381797790527,41.93155288696289,42.52110290527344,50.1335334777832,6.718853950500488,35.33454513549805,130.06100463867188,20.46195411682129,93.77644348144531,31.3700008392334,61.06196212768555,39.53097915649414,33.19319152832031,21.538854598999023,30.691965103149414,12.127867698669434,15.688641548156738,50.307952880859375,12.728060722351074,22.469852447509766,26.77025604248047,15.212787628173828,149.93533325195312,28.67748260498047,16.701414108276367,65.19945526123047,140.75521850585938,77.38694763183594,19.123950958251953,75.89055633544922,69.42913055419922,78.23477172851562,65.19528198242188,33.69059753417969,29.799999237060547,57.683807373046875,32.53104782104492,36.164710998535156,36.80183410644531,10.37248420715332,61.15361404418945,47.136837005615234,42.979190826416016,33.643985748291016,82.69830322265625,43.97112274169922
2022-11-29,49.705806732177734,23.484848022460938,27.331777572631836,21.152008056640625,30.134702682495117,38.900001525878906,147.56491088867188,33.635498046875,15.000788688659668,93.75975799560547,25.699222564697266,31.347944259643555,40.78557586669922,67.33744812011719,95.21043395996094,10.206381797790527,42.2334098815918,42.244544982910156,50.285987854003906,6.7352614402771,35.910282135009766,129.99842834472656,20.17001724243164,96.13074493408203,31.860000610351562,61.80574035644531,39.663124084472656,33.082977294921875,21.573848724365234,31.04553985595703,12.242363929748535,15.791352272033691,50.183780670166016,12.93949031829834,22.487886428833008,26.97425651550293,15.411971092224121,151.17361450195312,29.65175437927246,16.755002975463867,65.39277648925781,142.27865600585938,77.85607147216797,19.437877655029297,76.42292022705078,68.93498992919922,78.3628921508789,65.55885314941406,34.48615264892578,29.399999618530273,58.29258346557617,32.450504302978516,36.233402252197266,37.517005920410156,10.448193550109863,61.51268005371094,47.73577880859375,43.51894760131836,33.92119216918945,83.74237060546875,44.67144012451172
2022-11-30,50.44028091430664,23.927793502807617,27.736623764038086,21.351638793945312,31.09357452392578,40.11000061035156,150.5941619873047,34.408206939697266,15.335142135620117,95.3688735961914,26.22776222229004,32.072906494140625,41.749725341796875,68.41450500488281,96.51935577392578,10.32524585723877,42.97917556762695,42.995208740234375,50.232177734375,6.866521835327148,36.417274475097656,129.73904418945312,20.223094940185547,97.2231216430664,32.27000045776367,63.68330001831055,40.40882110595703,33.9371452331543,21.740070343017578,31.356000900268555,12.418516159057617,15.963088035583496,51.35456848144531,13.091717720031738,22.93854522705078,27.632612228393555,15.61115550994873,151.4408416748047,29.482311248779297,17.195920944213867,66.40327453613281,145.6458282470703,80.31659698486328,19.692411422729492,78.4668197631836,70.68773651123047,80.38509368896484,70.64891815185547,34.763668060302734,29.969999313354492,59.869407653808594,32.945858001708984,36.825843811035156,38.19010925292969,10.650090217590332,63.10551834106445,48.57606506347656,43.86658477783203,33.980003356933594,85.99984741210938,45.363014221191406
2022-12-01,50.220890045166016,22.962173461914062,28.028493881225586,21.282201766967773,31.320219039916992,39.310001373291016,150.50816345214844,33.4206657409668,15.262849807739258,94.80755615234375,26.557016372680664,31.898218154907227,41.62238311767578,68.85551452636719,95.76348876953125,10.293548583984375,42.41984558105469,42.81742477416992,50.10662078857422,6.841909885406494,36.073543548583984,126.21544647216797,20.17885971069336,93.53158569335938,31.760000228881836,62.78535461425781,40.50320816040039,34.09328079223633,21.608842849731445,30.847198486328125,12.374478340148926,15.902982711791992,51.41665267944336,13.184748649597168,22.88446044921875,27.382251739501953,15.536459922790527,149.92660522460938,29.245100021362305,17.11493682861328,66.07815551757812,142.65086364746094,80.18255615234375,19.505752563476562,77.69678497314453,71.48953247070312,79.6439208984375,69.80648803710938,33.2465705871582,30.049999237060547,59.619911193847656,32.85579299926758,36.74856948852539,38.15644454956055,10.591203689575195,61.9270133972168,48.02182388305664,42.87855529785156,33.71958541870117,85.68002319335938,45.51182174682617
2022-12-02,50.220890045166016,23.13935661315918,28.028493881225586,21.18672752380371,31.607873916625977,39.279998779296875,149.79144287109375,32.99091339111328,15.172486305236816,95.48114013671875,27.007577896118164,31.592506408691406,41.131221771240234,69.41525268554688,97.0355453491211,10.206381797790527,41.940433502197266,43.26189422607422,50.312896728515625,6.923947334289551,35.832942962646484,126.50162506103516,20.311561584472656,91.99658203125,31.59000015258789,62.422523498535156,40.38994598388672,34.212684631347656,21.591346740722656,30.398761749267578,12.338945388793945,15.971675872802734,51.9931755065918,13.074807167053223,22.866437911987305,27.270978927612305,15.395371437072754,150.62135314941406,29.109546661376953,17.11493682861328,66.07815551757812,142.157470703125,79.35917663574219,19.649991989135742,78.3907699584961,71.79719543457031,79.68966674804688,68.91970825195312,32.65453338623047,29.75,59.77959060668945,32.90082550048828,36.88594436645508,38.400447845458984,10.507079124450684,60.43545913696289,48.12910461425781,42.02775192260742,33.69438552856445,85.45428466796875,45.739437103271484
2022-12-05,48.055625915527344,22.235750198364258,26.57857894897461,20.136507034301758,30.919233322143555,37.79999923706055,149.15121459960938,31.518766403198242,14.684505462646484,89.92401885986328,26.323076248168945,29.863094329833984,40.05791473388672,66.17558288574219,94.21491241455078,10.047898292541504,40.51992416381836,42.12601852416992,50.931724548339844,6.800890922546387,33.92528533935547,123.35358428955078,20.497337341308594,89.482177734375,30.280000686645508,58.01430892944336,39.03070068359375,33.06460952758789,21.42512321472168,28.415294647216797,11.530561447143555,14.984180450439453,49.7007942199707,12.592745780944824,21.784860610961914,26.325162887573242,14.482439041137695,143.68260192871094,28.160696029663086,16.34107780456543,63.57386016845703,132.53196716308594,73.71050262451172,18.64882469177246,77.2309799194336,67.93743133544922,75.46224212646484,67.6072998046875,31.812726974487305,28.979999542236328,57.304569244384766,31.432767868041992,35.40913772583008,36.94486999511719,9.758379936218262,57.31425094604492,44.53550720214844,39.941925048828125,32.90473556518555,80.35618591308594,42.386661529541016
2022-12-06,47.98884963989258,22.466079711914062,26.390277862548828,20.093107223510742,31.032548904418945,38.529998779296875,147.83245849609375,30.174612045288086,14.684505462646484,89.9895248413086,26.67832374572754,30.160058975219727,38.96641159057617,65.82787322998047,94.9984130859375,10.523350715637207,39.9339714050293,41.79020690917969,51.111083984375,6.800890922546387,33.787803649902344,123.68448638916016,20.40886878967285,88.54988861083984,30.079999923706055,58.930419921875,38.728660583496094,32.66048812866211,21.433870315551758,27.80300521850586,11.459494590759277,14.88113784790039,48.90694046020508,12.415143966674805,21.577556610107422,26.362253189086914,14.241755485534668,142.82754516601562,28.55887794494629,16.233097076416016,63.011497497558594,131.45001220703125,71.3361587524414,18.326417922973633,76.613037109375,67.48992919921875,74.67532348632812,65.94017028808594,32.04399871826172,28.56999969482422,56.99519729614258,31.39674186706543,35.314697265625,36.12873458862305,9.556478500366211,56.108116149902344,42.863861083984375,39.70405960083008,32.879547119140625,81.7294692993164,41.266151428222656
2022-12-07,48.03654479980469,22.14716148376465,26.3055419921875,20.15386199951172,31.52071189880371,38.02000045776367,147.8993682861328,29.936872482299805,14.548956871032715,87.49163818359375,26.6176700592041,30.160058975219727,40.57636642456055,65.4377670288086,94.25177764892578,10.475805282592773,39.65874099731445,41.94841384887695,53.07516860961914,6.7680768966674805,33.942474365234375,122.85275268554688,20.30271339416504,87.79652404785156,29.450000762939453,59.665122985839844,38.55875015258789,32.651302337646484,21.521358489990234,28.43254280090332,11.628277778625488,14.88972282409668,48.75530242919922,12.406688690185547,21.55051040649414,26.454984664916992,14.324749946594238,131.80035400390625,28.702896118164062,16.269086837768555,63.14331817626953,134.25453186035156,72.1020736694336,18.489126205444336,76.2327880859375,67.37804412841797,74.52891540527344,71.3405990600586,32.03474044799805,28.559999465942383,57.144893646240234,32.108253479003906,35.24599075317383,36.650390625,9.741552352905273,55.3531379699707,42.93537139892578,38.834957122802734,32.85433578491211,82.22799682617188,41.1873779296875
2022-12-08,47.99839401245117,21.996557235717773,26.333786010742188,19.997631072998047,31.93040657043457,38.65999984741211,147.27821350097656,29.662553787231445,14.404370307922363,87.77230072021484,26.496366500854492,30.666658401489258,40.55817794799805,65.9041976928711,95.33026885986328,10.769001007080078,39.6765022277832,41.97808074951172,55.15584945678711,6.784485816955566,34.01122283935547,123.16580200195312,20.46195411682129,88.12612915039062,29.549999237060547,59.61977005004883,38.454925537109375,32.83498764038086,21.477611541748047,28.303184509277344,11.690462112426758,14.898311614990234,49.02289581298828,12.364401817321777,21.55051040649414,26.556982040405273,14.258356094360352,133.7154083251953,28.804561614990234,16.260089874267578,63.125709533691406,133.59669494628906,72.810546875,18.891620635986328,76.28984832763672,68.08660888671875,73.91585540771484,69.27442932128906,32.30301284790039,28.729999542236328,57.20477294921875,31.82905387878418,35.68777084350586,36.650390625,9.758379936218262,56.18177032470703,42.390079498291016,38.95389938354492,32.71870803833008,81.90821075439453,41.47624969482422
2022-12-09,47.941158294677734,22.156021118164062,25.976016998291016,19.815357208251953,31.625307083129883,38.83000183105469,147.06797790527344,29.607698440551758,14.368224143981934,86.58416748046875,26.461708068847656,30.483238220214844,40.66732406616211,65.51410675048828,95.68975067138672,10.72938060760498,39.827430725097656,41.641868591308594,54.23210144042969,6.743466854095459,34.21745300292969,122.43244171142578,20.23194122314453,88.9077377319336,29.81999969482422,59.565338134765625,38.55875015258789,32.70641326904297,21.4163761138916,28.36355209350586,11.601628303527832,14.769509315490723,48.21119689941406,12.305201530456543,21.47840690612793,26.686800003051758,14.457538604736328,134.8377685546875,28.61817169189453,16.197101593017578,62.63365936279297,133.37164306640625,71.87228393554688,18.85736656188965,75.88104248046875,67.97471618652344,72.89102172851562,70.08138275146484,32.47876739501953,28.649999618530273,57.304569244384766,31.549842834472656,35.52318572998047,36.27177047729492,9.834090232849121,55.942386627197266,42.20235824584961,38.880699157714844,32.58308792114258,80.3373794555664,41.57254409790039
2022-12-12,47.97932052612305,22.793859481811523,26.201976776123047,20.084426879882812,31.529420852661133,39.18000030517578,150.32659912109375,29.9277286529541,14.323041915893555,86.97708129882812,26.86027717590332,30.81514549255371,40.79467010498047,66.37913513183594,95.56993103027344,10.90371322631836,40.635337829589844,42.25497055053711,54.797115325927734,6.743466854095459,34.74162292480469,122.76333618164062,20.108091354370117,91.83650207519531,30.0,61.007537841796875,38.502113342285156,32.83498764038086,21.433870315551758,28.691253662109375,11.663811683654785,14.778094291687012,48.24687576293945,12.355945587158203,21.62261962890625,27.020612716674805,14.573732376098633,134.98025512695312,28.931644439697266,16.287086486816406,62.34367370605469,135.63951110839844,72.24565887451172,19.17422866821289,76.32784271240234,68.03065490722656,73.19297790527344,71.17210388183594,32.90430450439453,28.719999313354492,58.17282485961914,31.39674186706543,35.47987747192383,36.566246032714844,9.943449020385742,57.14852523803711,42.425838470458984,39.21004867553711,32.337276458740234,80.34678649902344,42.36915969848633
2022-12-13,46.7965202331543,22.97989273071289,25.580589294433594,19.528934478759766,31.111007690429688,39.5,150.5272979736328,29.94601821899414,14.304966926574707,85.6112060546875,27.111555099487305,30.15132713317871,41.58600616455078,66.00598907470703,93.39453887939453,10.507503509521484,41.363346099853516,42.90763854980469,53.505653381347656,6.800890922546387,34.28620147705078,116.74456024169922,20.046165466308594,93.098388671875,29.68000030517578,59.9735107421875,36.18009948730469,33.055423736572266,21.355134963989258,28.40667152404785,11.432844161987305,14.486139297485352,47.32815170288086,12.017657279968262,21.045774459838867,27.029888153076172,14.35794734954834,130.1792449951172,28.465681076049805,15.819169998168945,61.32439422607422,133.32833862304688,71.07765197753906,18.54050636291504,73.91320037841797,66.65081787109375,70.8871078491211,72.1209487915039,32.73778533935547,28.65999984741211,57.06505584716797,30.95542335510254,34.942832946777344,37.230934143066406,9.792027473449707,56.68816375732422,40.97766876220703,38.990482330322266,32.023651123046875,78.40912628173828,42.264102935791016
2022-12-14,45.53742218017578,22.572385787963867,24.78972625732422,19.29458999633789,30.631568908691406,37.810001373291016,147.26866149902344,29.516254425048828,14.096335411071777,83.88981628417969,27.024906158447266,29.522449493408203,40.87653732299805,64.53031921386719,91.85517120361328,10.214306831359863,40.82177734375,42.165977478027344,50.17283630371094,6.5793914794921875,33.56438446044922,116.95026397705078,20.00193214416504,90.9700927734375,28.6200008392334,58.395263671875,34.1978874206543,32.40945053100586,21.363882064819336,27.846128463745117,11.32624340057373,14.177009582519531,45.856388092041016,11.780856132507324,20.631168365478516,26.510618209838867,14.183662414550781,128.07713317871094,27.881120681762695,15.684194564819336,61.11183166503906,129.5110626220703,69.6032485961914,18.086631774902344,73.5044174194336,63.108070373535156,70.13679504394531,70.8440170288086,31.77572250366211,28.260000228881836,56.38642120361328,30.108806610107422,34.0246467590332,36.423213958740234,9.554231643676758,55.03089141845703,40.37873458862305,38.58795928955078,31.354019165039062,78.04229736328125,41.61631393432617
2022-12-15,44.65987777709961,22.085153579711914,24.02711296081543,19.1817569732666,29.70756721496582,36.2400016784668,143.5513458251953,29.0499267578125,13.824206352233887,80.98963928222656,26.721647262573242,28.500513076782227,40.23982238769531,63.38542175292969,91.26522827148438,9.68338394165039,39.61435317993164,41.097984313964844,50.2360725402832,6.497354030609131,32.928497314453125,114.66975402832031,19.223438262939453,88.38038635253906,27.3799991607666,57.39751052856445,33.0085563659668,31.394344329833984,21.495922088623047,27.535675048828125,11.228528022766113,13.92798900604248,44.652225494384766,11.620169639587402,19.928142547607422,26.371530532836914,13.951275825500488,125.60093688964844,26.949207305908203,15.477232933044434,60.37672424316406,129.9957733154297,68.138427734375,17.8297176361084,73.25724792480469,59.74242401123047,68.718505859375,69.3985824584961,31.072689056396484,27.469999313354492,55.58803176879883,30.000728607177734,33.87739562988281,36.04459762573242,9.52026081085205,52.62783432006836,39.69042205810547,37.8469352722168,31.006484985351562,76.31156921386719,41.04731369018555
2022-12-16,43.954017639160156,21.748512268066406,23.7258358001709,19.121000289916992,29.68141746520996,35.88999938964844,139.80535888671875,28.985916137695312,13.533933639526367,81.2235336303711,28.50655174255371,28.413169860839844,40.103397369384766,63.41085433959961,91.6615982055664,9.532824516296387,39.3746337890625,41.93852996826172,50.46186828613281,6.513761043548584,32.937095642089844,112.45184326171875,20.028472900390625,84.84893035888672,26.889999389648438,57.12541198730469,32.876407623291016,30.20390510559082,21.48712158203125,27.251089096069336,11.19299602508545,13.953750610351562,43.94756317138672,11.67577075958252,20.14445686340332,26.445711135864258,13.793590545654297,124.74584197998047,26.79671287536621,15.396245956420898,60.54499816894531,130.1775665283203,67.72672271728516,17.624187469482422,74.33148956298828,60.1712760925293,68.16033172607422,68.90198516845703,30.72116470336914,27.989999771118164,54.66987991333008,29.946687698364258,33.22773742675781,35.46405029296875,9.426843643188477,52.11223602294922,39.77980422973633,37.68226623535156,30.69285774230957,75.45561981201172,40.3294792175293
2022-12-19,44.612178802490234,20.7917537689209,25.844209671020508,19.068920135498047,29.803457260131836,36.310001373291016,138.57264709472656,29.31509780883789,13.806063652038574,82.86070251464844,27.111555099487305,28.745080947875977,40.176151275634766,63.30908203125,92.45433044433594,9.7547025680542,39.00175857543945,41.93852996826172,50.127685546875,6.645020484924316,32.82538604736328,113.31932830810547,20.03731918334961,82.74889373779297,27.59000015258789,57.660560607910156,33.489952087402344,30.32387351989746,21.495922088623047,27.294204711914062,11.20187759399414,14.013858795166016,44.09027862548828,11.70998477935791,20.14445686340332,26.7424373626709,13.818486213684082,125.28026580810547,26.39006233215332,15.432238578796387,60.660133361816406,129.978515625,68.08097076416016,17.641315460205078,74.39802551269531,61.989280700683594,69.15769958496094,68.77782440185547,29.953367233276367,28.020000457763672,54.95929718017578,30.297948837280273,33.61752700805664,35.2957649230957,9.49478530883789,52.00175476074219,40.548580169677734,38.25861740112305,30.896299362182617,76.076416015625,40.04059982299805
2022-12-20,44.52633285522461,20.800617218017578,25.185157775878906,19.320629119873047,29.777307510375977,36.79999923706055,139.2319793701172,29.433963775634766,13.842347145080566,82.08423614501953,26.816959381103516,28.937240600585938,40.285308837890625,63.73313522338867,93.5051498413086,9.960732460021973,38.89522171020508,42.08686065673828,51.64506149291992,6.751668453216553,32.69649124145508,114.41934204101562,19.37383460998535,83.23857879638672,27.459999084472656,58.322696685791016,34.065731048583984,30.489980697631836,21.557538986206055,27.32870101928711,11.299595832824707,14.134074211120605,44.812782287597656,11.786965370178223,20.351760864257812,26.909343719482422,13.801889419555664,124.97742462158203,25.220937728881836,15.612207412719727,61.271263122558594,131.29420471191406,68.41606140136719,17.735515594482422,75.63387298583984,64.36669158935547,69.23091888427734,69.15914154052734,30.203128814697266,28.170000076293945,55.58803176879883,30.460063934326172,33.73012924194336,35.27893829345703,9.528754234313965,52.48052215576172,40.97766876220703,37.490150451660156,30.828487396240234,77.2992172241211,40.38201141357422
2022-12-21,45.480186462402344,21.287851333618164,26.145492553710938,19.641769409179688,30.22187042236328,37.970001220703125,140.5698699951172,29.88201332092285,14.078192710876465,83.32847595214844,27.432144165039062,29.452571868896484,40.73099899291992,64.9713134765625,95.1182632446289,9.944884300231934,39.78303909301758,42.76919174194336,52.40375518798828,6.899334907531738,33.255035400390625,116.52992248535156,19.727691650390625,84.49108123779297,28.15999984741211,59.2841682434082,34.377227783203125,30.95138931274414,21.6103572845459,27.587413787841797,11.45061206817627,14.778094291687012,45.321205139160156,11.975147247314453,20.649194717407227,27.456432342529297,14.075767517089844,127.38237762451172,25.246349334716797,15.981136322021484,62.9451904296875,133.2158203125,70.38831329345703,18.018123626708984,77.24048614501953,64.17090606689453,70.18253326416016,69.79761505126953,30.785921096801758,28.920000076293945,56.7357177734375,31.000452041625977,34.59634017944336,35.935218811035156,9.741069793701172,53.64982604980469,41.281612396240234,37.618228912353516,31.209917068481445,78.4467544555664,41.642574310302734
2022-12-22,44.95556640625,20.800617218017578,25.109834671020508,19.598373413085938,30.40492820739746,37.13999938964844,138.85931396484375,29.616838455200195,13.842347145080566,82.27133178710938,27.08555793762207,29.05951499938965,40.458126068115234,64.88651275634766,94.12273406982422,9.897337913513184,39.05502700805664,41.98798370361328,51.45539474487305,6.973170280456543,33.41830062866211,116.7177505493164,19.594995498657227,84.27448272705078,28.010000228881836,58.558528900146484,34.35834503173828,30.997539520263672,21.539934158325195,27.708147048950195,11.415078163146973,14.657876014709473,44.41139221191406,11.898163795471191,20.396825790405273,27.289522171020508,14.167060852050781,128.94113159179688,25.059968948364258,15.828167915344238,63.04262161254883,133.55340576171875,69.80429077148438,18.0523738861084,76.81269836425781,63.546241760253906,70.04529571533203,69.03498840332031,29.916364669799805,28.489999771118164,56.92533874511719,31.018465042114258,34.908172607421875,36.05301284790039,9.664636611938477,53.21708679199219,41.353126525878906,37.2156982421875,31.09124755859375,77.85417175292969,42.264102935791016
2022-12-23,45.651893615722656,21.199260711669922,25.38287353515625,19.728567123413086,30.457231521606445,37.47999954223633,140.49339294433594,29.689990997314453,14.050980567932129,82.84198760986328,26.912267684936523,29.44383430480957,40.612762451171875,65.1324462890625,94.81407165527344,9.85771656036377,39.294742584228516,42.027530670166016,52.385684967041016,7.055205821990967,33.42689895629883,117.81776428222656,19.533069610595703,85.40454864501953,28.260000228881836,58.83063888549805,34.42442321777344,31.0621337890625,21.548738479614258,27.949613571166992,11.441727638244629,14.657876014709473,44.0010871887207,12.017913818359375,20.577091217041016,27.53989028930664,14.258356094360352,128.76300048828125,25.390371322631836,15.999140739440918,63.2463264465332,134.185302734375,70.46491241455078,18.172266006469727,77.73480224609375,64.12427520751953,70.24658203125,68.71575927734375,30.29564094543457,28.969999313354492,58.013145446777344,31.279651641845703,35.046775817871094,36.347496032714844,9.749563217163086,53.511714935302734,41.77326965332031,37.490150451660156,31.404876708984375,78.3056411743164,42.41292953491211
2022-12-27,45.74726867675781,20.977792739868164,25.23223114013672,19.763280868530273,30.5705509185791,37.86000061035156,139.89134216308594,29.744853973388672,14.105406761169434,82.85134887695312,27.432144165039062,29.470046997070312,40.76737976074219,65.2596664428711,95.53305053710938,9.88941478729248,39.410152435302734,42.19563674926758,53.51469802856445,7.129040241241455,33.69328308105469,117.89823150634766,19.67460823059082,85.46104431152344,28.280000686645508,58.79436111450195,34.42442321777344,31.11749839782715,21.548738479614258,28.28593635559082,11.512795448303223,14.666465759277344,43.96540069580078,12.009363174438477,20.468931198120117,27.688247680664062,14.349649429321289,129.9209442138672,25.237884521484375,16.03512954711914,63.52088165283203,134.99896240234375,70.53192138671875,18.36067008972168,78.16260528564453,64.28276824951172,70.36553955078125,68.41427612304688,30.1198787689209,28.809999465942383,58.31254196166992,31.288665771484375,35.02078628540039,36.72611618041992,9.72408676147461,52.959293365478516,41.77326965332031,37.545040130615234,31.718503952026367,78.49378204345703,42.75433349609375
2022-12-28,44.79341506958008,20.836048126220703,24.921537399291992,19.693845748901367,30.31775665283203,37.619998931884766,137.6170196533203,29.964303970336914,13.933055877685547,82.2151870727539,27.293508529663086,29.190534591674805,40.594566345214844,64.84412384033203,94.25177764892578,9.746779441833496,39.61435317993164,41.404541015625,52.86438751220703,7.03879976272583,33.4870491027832,118.13970184326172,19.63922691345215,84.47224426269531,27.780000686645508,58.4859619140625,33.79201126098633,31.135955810546875,21.539934158325195,28.216949462890625,11.477262496948242,14.43461799621582,43.66213607788086,11.958040237426758,20.315710067749023,27.65115737915039,14.241755485534668,127.88119506835938,25.0345516204834,16.044126510620117,63.48546600341797,134.9123992919922,69.53622436523438,18.197959899902344,78.28619384765625,63.15468978881836,69.48710632324219,68.13936614990234,29.694351196289062,28.290000915527344,58.56203842163086,31.054492950439453,34.864871978759766,36.473697662353516,9.537247657775879,52.18589782714844,41.38887405395508,37.618228912353516,31.22686767578125,77.92000579833984,41.99273681640625
2022-12-29,45.281436920166016,21.5801944732666,25.364042282104492,20.145179748535156,30.744897842407227,39.0099983215332,140.7800750732422,30.302623748779297,14.332180976867676,83.0892333984375,27.770061492919922,29.26041603088379,41.531429290771484,65.92964172363281,95.21043395996094,9.881489753723145,40.093772888183594,43.105411529541016,52.79213333129883,7.129040241241455,33.91669845581055,119.81208801269531,19.656919479370117,87.26914978027344,28.68000030517578,59.928165435791016,34.443302154541016,31.883432388305664,21.557538986206055,28.582839965820312,11.610509872436523,14.657876014709473,44.625457763671875,12.09489917755127,20.775379180908203,28.096248626708984,14.465840339660645,129.5735626220703,25.585227966308594,16.35007667541504,64.60140991210938,136.6176300048828,70.26384735107422,18.514820098876953,78.58090209960938,64.9354019165039,70.42044830322266,69.46951293945312,30.378890991210938,28.729999542236328,60.34844207763672,31.549842834472656,35.3326301574707,37.06925964355469,9.707099914550781,54.828330993652344,42.13083267211914,37.81035232543945,31.591354370117188,79.359130859375,42.96442794799805
2022-12-30,45.109188079833984,21.65992546081543,25.269893646240234,20.04102897644043,30.631568908691406,38.220001220703125,141.1909637451172,30.284337997436523,14.450104713439941,82.87307739257812,27.761398315429688,29.67093276977539,41.40408706665039,65.7770004272461,95.67133331298828,9.897337913513184,40.15591812133789,42.57141876220703,52.62955093383789,7.096225738525391,33.830772399902344,119.57061767578125,19.47114372253418,87.54225158691406,28.34000015258789,59.773963928222656,34.11293029785156,31.745027542114258,21.566341400146484,28.582839965820312,11.592744827270508,14.579909324645996,44.08135986328125,12.060683250427246,20.541038513183594,27.827341079711914,14.457538604736328,129.2083740234375,25.25482177734375,16.17910385131836,64.37110900878906,136.71282958984375,70.2734375,18.463436126708984,79.15130615234375,64.50479125976562,69.8714370727539,69.3443603515625,30.39739227294922,28.3799991607666,60.18876647949219,31.441770553588867,35.072757720947266,37.10329055786133,9.60519027709961,54.83753967285156,42.31856918334961,37.77375030517578,31.345542907714844,79.50022888183594,43.034461975097656
2023-01-03,44.30538558959961,21.633346557617188,25.034517288208008,20.11046600341797,30.69259262084961,38.20000076293945,140.58895874023438,30.640947341918945,14.359395027160645,81.92384338378906,27.102888107299805,29.09446144104004,42.11355972290039,65.91268920898438,91.20071411132812,9.707157135009766,40.64421463012695,43.22407531738281,53.7314567565918,7.071616172790527,33.968257904052734,116.47628784179688,19.037662506103516,87.55166625976562,28.040000915527344,59.87374496459961,34.43386459350586,31.44048500061035,21.531129837036133,28.43474006652832,11.566095352172852,14.605901718139648,43.79592514038086,12.060683250427246,20.24360466003418,27.9571590423584,14.615226745605469,129.12820434570312,25.56828498840332,16.071123123168945,63.89285659790039,138.08050537109375,68.27245330810547,18.386363983154297,77.89643859863281,63.9244499206543,69.57861328125,70.08634185791016,29.962614059448242,29.329999923706055,59.021114349365234,31.31568145751953,34.769588470458984,37.9796142578125,9.588202476501465,53.880001068115234,41.87160110473633,38.23117446899414,31.32858657836914,78.71952819824219,42.42168426513672
2023-01-04,44.48719787597656,22.359773635864258,25.458192825317383,19.771961212158203,30.666439056396484,38.220001220703125,143.85711669921875,31.217004776000977,14.695023536682129,80.81485748291016,27.284847259521484,29.452571868896484,43.15048599243164,65.59040832519531,91.6800308227539,9.715082168579102,41.69184112548828,44.044857025146484,51.79860305786133,7.129040241241455,34.9306755065918,117.18279266357422,19.506526947021484,90.21673583984375,28.229999542236328,60.36355209350586,34.443302154541016,31.052906036376953,21.566341400146484,29.149093627929688,11.601628303527832,14.432639122009277,43.519412994384766,12.283079147338867,20.153470993041992,28.392974853515625,15.005300521850586,130.57115173339844,25.915634155273438,16.044126510620117,64.30912780761719,141.72467041015625,69.72772216796875,18.763164520263672,79.23684692382812,62.70753479003906,70.14593505859375,71.05182647705078,30.61940574645996,29.469999313354492,59.37041473388672,31.09952735900879,34.57035827636719,39.1622200012207,9.562726020812988,55.86873245239258,41.8626708984375,39.01792907714844,30.98105812072754,79.18984985351562,43.97112274169922
2023-01-05,44.027870178222656,22.24460792541504,25.24164581298828,19.884794235229492,30.910518646240234,37.470001220703125,140.41456604003906,31.15300750732422,14.930868148803711,78.33374786376953,27.224193572998047,28.683940887451172,42.94127655029297,65.32749938964844,91.47721862792969,9.78640079498291,41.505393981933594,43.64929962158203,51.37410354614258,7.096225738525391,34.7760009765625,118.12181854248047,19.479990005493164,88.50281524658203,26.90999984741211,60.39982604980469,34.2545280456543,30.72068977355957,21.548738479614258,28.86161231994629,11.592744827270508,14.415311813354492,42.52932357788086,12.197543144226074,19.856035232543945,27.632612228393555,14.806114196777344,130.25942993164062,25.288711547851562,16.008136749267578,64.1585693359375,137.95068359375,68.47350311279297,18.557634353637695,79.00870513916016,62.96027374267578,70.22827911376953,70.36347198486328,29.58333969116211,28.670000076293945,59.190773010253906,30.910388946533203,34.20655059814453,38.855926513671875,9.37588882446289,54.699432373046875,41.594482421875,38.80752182006836,31.116676330566406,78.27742767333984,43.20077896118164
2023-01-06,45.42498016357422,23.09505844116211,25.637073516845703,20.483686447143555,31.851957321166992,38.970001220703125,144.0009765625,31.463895797729492,15.311847686767578,80.0160140991211,27.666088104248047,29.793214797973633,43.61436462402344,67.80390167236328,94.79563903808594,9.913187026977539,42.00257873535156,45.05350875854492,53.27985763549805,7.284911155700684,35.78138732910156,120.500732421875,19.692306518554688,91.41272735595703,27.670000076293945,61.99620056152344,35.0096435546875,31.60658836364746,21.6103572845459,30.028968811035156,11.89477825164795,14.822476387023926,44.09027862548828,12.488367080688477,20.47794532775879,28.244611740112305,15.245983123779297,133.7777862548828,25.75466537475586,16.48505210876465,65.8856430053711,142.14013671875,70.59895324707031,19.17422866821289,80.36812591552734,64.32695007324219,73.23873138427734,72.12457275390625,30.34189224243164,29.600000381469727,61.416290283203125,31.585872650146484,34.968807220458984,39.40044021606445,9.61368179321289,57.120906829833984,42.78340530395508,39.15515899658203,32.09993362426758,80.3373794555664,44.87278366088867
2023-01-09,45.310150146484375,23.210224151611328,25.561758041381836,20.11914825439453,31.555570602416992,38.619998931884766,144.22154235839844,30.98841094970703,15.230210304260254,78.45592498779297,27.518789291381836,29.662195205688477,43.78718566894531,67.84632110595703,94.00291442871094,9.826020240783691,42.2067756652832,44.885406494140625,52.95470428466797,7.170060634613037,35.317359924316406,117.76409149169922,19.6657657623291,91.77056121826172,28.170000076293945,61.08009338378906,34.481056213378906,31.468172073364258,21.548738479614258,29.811176300048828,11.743762969970703,14.545258522033691,43.07343673706055,12.325847625732422,20.261627197265625,27.77170753479004,15.096595764160156,132.31700134277344,25.644533157348633,16.305082321166992,65.08851623535156,142.2007293701172,70.57978820800781,18.91731071472168,81.2142105102539,63.94314193725586,72.84526062011719,72.3301773071289,29.870113372802734,28.979999542236328,60.6478385925293,31.288665771484375,34.40578079223633,39.65568161010742,9.426843643188477,58.115272521972656,42.3275032043457,38.78007507324219,31.523544311523438,80.18687438964844,44.662689208984375
2023-01-10,45.597225189208984,23.66202163696289,25.655908584594727,20.127822875976562,31.546863555908203,38.779998779296875,145.75576782226562,31.1987247467041,15.475127220153809,80.9088363647461,27.510128021240234,30.072715759277344,43.6689338684082,68.44844055175781,94.74954223632812,9.944884300231934,42.78385543823242,45.91384506225586,52.81922912597656,7.153652191162109,35.45484161376953,118.2291259765625,19.506526947021484,92.7593765258789,29.0,61.25244140625,34.76423263549805,31.883432388305664,21.6103572845459,30.02025604248047,11.797061920166016,14.605901718139648,43.33209991455078,12.377171516418457,20.50498390197754,28.430063247680664,15.113194465637207,131.8271026611328,25.75466537475586,16.575035095214844,65.60221862792969,142.77207946777344,71.03934478759766,18.865928649902344,81.39483642578125,64.8324203491211,73.83348083496094,72.82185363769531,30.378890991210938,29.690000534057617,61.536048889160156,31.531841278076172,34.752262115478516,39.698219299316406,9.37588882446289,59.46870803833008,42.43478012084961,38.75262451171875,31.498109817504883,80.88292694091797,44.680198669433594
2023-01-11,46.2192268371582,24.1226863861084,25.75947380065918,20.179901123046875,31.764781951904297,39.810001373291016,147.59690856933594,31.436464309692383,15.720046043395996,81.51031494140625,27.570775985717773,30.52690887451172,43.823570251464844,68.5586929321289,95.44087219238281,9.976580619812012,43.24551773071289,45.62705993652344,52.57536315917969,7.145450592041016,35.63530731201172,118.7657470703125,19.621532440185547,95.8576431274414,29.030000686645508,61.560821533203125,34.93412399291992,32.03109359741211,21.724788665771484,29.89829444885254,11.752645492553711,14.519268989562988,43.35886001586914,12.462708473205566,20.784393310546875,28.847335815429688,15.179590225219727,133.0295867919922,26.127431869506836,16.503047943115234,65.26567077636719,143.55108642578125,70.37874603271484,18.951568603515625,79.30340576171875,65.29108428955078,74.01651000976562,73.6085433959961,31.229944229125977,30.110000610351562,62.11488342285156,31.558855056762695,35.0814208984375,40.08108139038086,9.477800369262695,60.067169189453125,42.51523208618164,39.10026168823242,31.438779830932617,80.80767059326172,44.93406677246094
2023-01-12,46.860355377197266,23.954370498657227,26.088998794555664,20.31009864807129,32.09602737426758,40.66999816894531,148.55584716796875,31.518766403198242,16.046598434448242,84.12301635742188,27.631427764892578,30.91399574279785,43.805381774902344,68.5247802734375,94.90625,10.024126052856445,43.58289337158203,45.87428665161133,52.9727668762207,7.145450592041016,35.944664001464844,120.70642852783203,19.88692855834961,95.13251495361328,29.5,62.59486389160156,35.46272277832031,32.40022277832031,21.69837760925293,30.403568267822266,11.89477825164795,14.597235679626465,44.42923355102539,12.531134605407715,21.045774459838867,29.181150436401367,15.221088409423828,133.2878875732422,26.44936180114746,16.86298179626465,66.38162231445312,146.13058471679688,71.55635070800781,19.148534774780273,79.36046600341797,67.14453125,75.08708190917969,73.63536071777344,31.063434600830078,30.25,62.08494186401367,31.576875686645508,35.462547302246094,40.48945617675781,9.61368179321289,59.83700180053711,43.39128494262695,39.18259811401367,31.769367218017578,82.09632110595703,45.03911209106445
2023-01-13,47.19527816772461,23.972091674804688,26.390277862548828,20.19725799560547,32.00014114379883,41.400001525878906,149.36131286621094,32.213687896728516,15.720046043395996,84.39557647705078,27.796058654785156,30.984376907348633,44.596717834472656,68.35515594482422,94.3439712524414,10.024126052856445,44.31977462768555,46.20061492919922,52.34052658081055,7.145450592041016,35.850128173828125,122.60238647460938,19.984237670898438,96.8558578491211,29.6200008392334,62.76719665527344,35.566558837890625,32.36330795288086,21.69837760925293,30.177059173583984,11.912544250488281,14.588573455810547,44.3846321105957,12.471259117126465,21.108867645263672,29.301700592041016,15.088294982910156,133.20773315429688,26.6357479095459,16.73700714111328,66.44361877441406,143.23101806640625,71.84356689453125,19.20848274230957,78.8851089477539,67.50959777832031,74.9864273071289,74.17174530029297,30.961681365966797,30.270000457763672,62.324462890625,31.66693687438965,35.401912689208984,40.26825714111328,9.571218490600586,59.47792434692383,42.917503356933594,40.4542350769043,31.80325698852539,82.45372772216797,44.9865837097168
2023-01-17,46.85078811645508,23.954370498657227,26.145492553710938,19.90215492248535,31.651464462280273,40.869998931884766,147.43392944335938,31.56447982788086,15.611188888549805,85.16622924804688,27.692081451416016,30.84361457824707,45.18794631958008,68.03288269042969,92.85989379882812,9.873565673828125,44.66603088378906,45.963279724121094,52.15989303588867,7.088022232055664,35.076751708984375,122.13732147216797,19.984237670898438,97.59040832519531,29.459999084472656,62.10506057739258,34.88693618774414,31.80962562561035,21.575143814086914,29.715354919433594,11.690462112426758,14.380661964416504,43.97432327270508,12.40283203125,20.838470458984375,28.940059661865234,14.955503463745117,134.0895233154297,26.593385696411133,16.53904151916504,65.94763946533203,141.35330200195312,72.48502349853516,19.20848274230957,79.36992645263672,67.34110260009766,73.60472869873047,74.19855499267578,31.14668083190918,30.290000915527344,62.07496643066406,31.333690643310547,35.185359954833984,40.361846923828125,9.528754234313965,59.459503173828125,42.622501373291016,40.36275100708008,31.320114135742188,81.28739166259766,44.52262496948242
2023-01-18,44.89867401123047,23.927793502807617,25.853620529174805,19.060237884521484,30.92795181274414,40.060001373291016,144.24069213867188,30.832971572875977,15.375347137451172,80.22278594970703,26.68698501586914,29.884702682495117,44.77863311767578,65.6158676147461,89.29263305664062,9.707157135009766,43.88474655151367,45.11284637451172,52.34052658081055,6.948558807373047,35.1455078125,116.5120620727539,19.44460105895996,95.96124267578125,28.719999313354492,59.755821228027344,33.69761276245117,31.11749839782715,21.627962112426758,28.504432678222656,11.317360877990723,13.202483177185059,41.35191345214844,12.035021781921387,20.306697845458984,27.7160701751709,14.308152198791504,129.86753845214844,25.780078887939453,16.008136749267578,64.56597137451172,132.8118438720703,66.13745880126953,18.68609046936035,77.36406707763672,65.80593872070312,69.77078247070312,72.89337921142578,30.72116470336914,29.049999237060547,59.540069580078125,29.973703384399414,33.74745559692383,38.97504806518555,9.265483856201172,58.13368606567383,40.57540512084961,39.685768127441406,30.430091857910156,77.8353500366211,42.24659729003906
2023-01-19,44.89867401123047,23.20136833190918,25.66532325744629,18.921369552612305,31.04126739501953,39.97999954223633,140.81736755371094,30.384918212890625,15.248351097106934,79.87504577636719,26.357728958129883,29.400842666625977,44.49666213989258,65.08155822753906,88.87782287597656,9.723006248474121,43.83147430419922,43.69873809814453,52.52116775512695,6.940354347229004,34.60414123535156,117.24541473388672,19.241132736206055,92.2037582397461,28.899999618530273,59.937232971191406,34.065731048583984,31.108274459838867,21.65437126159668,29.305904388427734,11.281829833984375,13.367086410522461,40.55805969238281,11.992255210876465,20.063335418701172,27.74388313293457,13.652499198913574,137.00218200683594,25.90715789794922,16.017135620117188,64.1231460571289,129.2747344970703,67.25761413574219,18.57476234436035,72.55375671386719,66.1897201538086,68.89234924316406,71.98153686523438,30.13838005065918,28.299999237060547,62.893314361572266,29.613445281982422,33.582881927490234,38.82190704345703,9.189047813415527,57.74699020385742,40.360862731933594,39.292381286621094,30.353816986083984,79.7353744506836,43.34960174560547
2023-01-20,46.14268112182617,27.843412399291992,25.825376510620117,19.416105270385742,31.712480545043945,41.58000183105469,145.3722381591797,30.95183563232422,15.33906364440918,77.79805755615234,27.033573150634766,30.922794342041016,45.129058837890625,66.59114837646484,89.94709014892578,9.901504516601562,45.3585205078125,44.27229690551758,53.153411865234375,6.9813737869262695,35.45484161376953,119.65111541748047,19.276517868041992,98.10836029052734,31.1200008392334,61.7603759765625,34.57544708251953,31.726564407348633,21.707181930541992,30.150928497314453,11.48614501953125,13.549007415771484,41.74439239501953,12.06923770904541,20.216562271118164,28.383703231811523,14.474140167236328,136.8953094482422,26.661163330078125,16.215099334716797,65.24795532226562,135.25723266601562,69.44049072265625,19.43113899230957,73.2287368774414,67.18197631835938,70.95116424560547,75.34281921386719,32.756282806396484,28.6299991607666,63.4621696472168,29.973703384399414,34.163238525390625,39.52806091308594,9.409857749938965,61.00630569458008,41.594482421875,40.179771423339844,30.523334503173828,82.04927062988281,45.065372467041016
2023-01-23,46.20965576171875,28.6141300201416,26.230224609375,19.65045166015625,31.860673904418945,42.220001220703125,147.6736297607422,31.381601333618164,15.284635543823242,77.49730682373047,26.808292388916016,31.221908569335938,45.22071075439453,63.673770904541016,90.73059844970703,9.99755859375,46.14867401123047,45.449066162109375,52.11472702026367,6.997781753540039,36.45164108276367,121.98529052734375,19.294208526611328,100.87699890136719,32.33000183105469,63.275142669677734,34.52824783325195,32.56632614135742,21.68077278137207,30.93497085571289,11.646042823791504,13.826225280761719,41.74439239501953,12.608119010925293,20.153470993041992,28.504247665405273,14.997001647949219,137.84840393066406,26.881433486938477,16.34107780456543,66.18677520751953,139.16114807128906,71.86272430419922,19.66236114501953,73.89419555664062,67.32238006591797,71.02436828613281,77.07711029052734,31.969995498657227,28.950000762939453,63.96116256713867,29.919668197631836,34.11992263793945,40.55752944946289,9.545741081237793,62.41498947143555,42.425838470458984,41.19524383544922,30.70981216430664,83.4884033203125,46.089599609375
2023-01-24,45.71205520629883,27.781400680541992,25.740646362304688,19.31195068359375,33.098487854003906,42.15999984741211,148.9490203857422,31.610193252563477,14.976221084594727,78.07999420166016,26.071802139282227,30.711658477783203,45.3306884765625,63.33452606201172,91.52330780029297,10.005562782287598,45.6515007019043,44.994178771972656,53.51469802856445,6.915743827819824,35.93606185913086,121.94058227539062,19.152671813964844,100.30254364013672,31.579999923706055,62.00529098510742,34.122371673583984,31.578914642333984,21.64556312561035,30.621355056762695,12.05467700958252,13.904191970825195,41.24488067626953,12.556797981262207,20.234590530395508,27.99424934387207,14.880810737609863,138.0087127685547,26.54255485534668,15.324256896972656,64.49512481689453,138.35768127441406,71.21167755126953,19.551029205322266,75.33917999267578,60.67626190185547,69.68843078613281,77.80120849609375,32.71929168701172,28.709999084472656,62.873355865478516,29.739540100097656,33.955352783203125,39.706722259521484,9.384379386901855,61.96384811401367,41.943115234375,40.664642333984375,30.404666900634766,82.82998657226562,45.319236755371094
2023-01-25,45.49196243286133,28.941904067993164,25.580589294433594,19.242511749267578,32.880558013916016,41.7400016784668,150.32981872558594,31.884506225585938,15.048791885375977,77.76985931396484,26.323076248168945,31.239492416381836,45.816444396972656,63.351478576660156,91.39427185058594,9.97354507446289,46.07765579223633,45.22161865234375,53.144386291503906,6.702447414398193,36.73521041870117,121.6364974975586,19.18805694580078,109.32421875,31.84000015258789,62.495086669921875,34.30171585083008,31.643512725830078,21.6103572845459,31.15276336669922,12.010259628295898,13.930180549621582,41.530311584472656,12.616673469543457,20.24360466003418,28.077707290649414,15.212787628173828,138.8549041748047,25.873273849487305,15.288265228271484,66.93961334228516,139.89479064941406,71.5180435180664,19.610979080200195,75.30113220214844,61.49064254760742,69.99037170410156,78.8471450805664,34.11612319946289,29.209999084472656,61.965187072753906,25.713621139526367,33.65216827392578,41.81671142578125,9.426843643188477,64.99295806884766,42.28281021118164,41.47884750366211,30.701343536376953,83.6295166015625,45.5380859375
2023-01-26,44.77427291870117,28.596416473388672,25.13808250427246,19.56365394592285,33.15950012207031,42.060001373291016,149.47637939453125,32.314266204833984,15.157641410827637,77.6382827758789,26.40972137451172,31.960887908935547,46.384674072265625,63.35997772216797,91.45880889892578,10.02157211303711,46.33512496948242,48.50471496582031,53.50566101074219,6.71065092086792,37.05314254760742,118.1933822631836,19.20574378967285,109.30537414550781,26.760000228881836,67.68335723876953,35.217308044433594,31.791162490844727,21.671974182128906,31.379270553588867,12.125741958618164,14.008147239685059,40.70969009399414,12.7620849609375,20.47794532775879,28.16115379333496,15.544760704040527,138.07106018066406,25.957990646362305,15.423237800598145,66.23106384277344,141.42315673828125,72.64779663085938,19.86789321899414,74.19839477539062,61.91187286376953,70.70410919189453,80.66188049316406,33.81085205078125,29.170000076293945,62.743614196777344,25.407400131225586,34.30183410644531,41.43384552001953,9.715593338012695,66.22673797607422,45.76019287109375,41.90882873535156,30.42162322998047,85.12507629394531,45.69566345214844
2023-01-27,44.45848846435547,28.640705108642578,25.185157775878906,19.077604293823242,33.30769729614258,47.900001525878906,165.2314910888672,32.41484451293945,15.638407707214355,78.6250991821289,26.27975082397461,32.2863883972168,45.88059997558594,64.12323760986328,91.71691131591797,9.917513847351074,46.042137145996094,48.682716369628906,54.19209289550781,6.677835941314697,37.19923400878906,113.98111724853516,19.356138229370117,110.72738647460938,28.010000228881836,68.88064575195312,34.76423263549805,32.24333953857422,21.715988159179688,31.448959350585938,12.214576721191406,14.01681137084961,40.504539489746094,12.839068412780762,20.568078994750977,30.062055587768555,15.760543823242188,138.0443572998047,26.423948287963867,15.360254287719727,66.10707092285156,142.5061492919922,73.26052856445312,20.039161682128906,71.00419616699219,62.6513671875,70.57600402832031,81.10887145996094,34.28263473510742,33.83000183105469,63.182735443115234,25.776670455932617,34.102603912353516,41.569976806640625,9.707099914550781,68.46406555175781,45.44730758666992,42.192420959472656,30.55723762512207,85.12507629394531,46.719871520996094
2023-01-30,43.80779266357422,27.9940128326416,25.561758041381836,19.060237884521484,32.976444244384766,46.9900016784668,165.56710815429688,32.27769470214844,15.438843727111816,78.22098541259766,26.17577362060547,32.30398178100586,45.61480712890625,64.2589340209961,90.8320083618164,9.949531555175781,45.944480895996094,48.27726745605469,54.26435089111328,6.677835941314697,36.69596481323242,112.97948455810547,19.081893920898438,108.29774475097656,28.100000381469727,68.16409301757812,34.55657196044922,31.929582595825195,21.68958282470703,31.187612533569336,12.276759147644043,13.973494529724121,39.683937072753906,12.693655014038086,20.80242156982422,29.44078826904297,15.569659233093262,136.7171630859375,26.457836151123047,15.333256721496582,65.74393463134766,142.2353973388672,72.75309753417969,19.86789321899414,71.77423095703125,62.8573112487793,69.89887237548828,80.5903549194336,33.44083786010742,32.709999084472656,62.59392166137695,25.596538543701172,33.80809020996094,41.5189208984375,9.681622505187988,65.79399871826172,44.91989517211914,42.34795379638672,30.531816482543945,84.11862182617188,45.721920013427734
2023-01-31,45.12833023071289,29.058320999145508,26.211395263671875,19.45081901550293,33.726112365722656,48.119998931884766,167.7438201904297,32.4422721862793,15.80168628692627,80.94642639160156,26.920930862426758,33.11333465576172,46.348018646240234,64.86955261230469,92.63866424560547,10.133633613586426,46.36176300048828,49.06837463378906,55.08626174926758,6.866521835327148,37.589717864990234,116.5120620727539,19.196903228759766,112.06462860107422,30.3700008392334,71.2208023071289,35.45330047607422,32.8708610534668,21.768798828125,31.614479064941406,12.67651081085205,14.493280410766602,40.665103912353516,12.975927352905273,21.514463424682617,30.32169532775879,15.92653751373291,138.95286560058594,27.07628631591797,15.747183799743652,67.18759155273438,144.47991943359375,75.37640380859375,20.1590576171875,73.59949493408203,63.82147979736328,72.83612823486328,81.64523315429688,33.97736358642578,33.93000030517578,65.93718719482422,26.226999282836914,34.82155990600586,42.36972427368164,10.08927059173584,69.39398956298828,47.0653190612793,42.87855529785156,31.506593704223633,86.03746032714844,46.53603744506836
2023-02-01,45.893863677978516,30.265724182128906,26.51267433166504,19.728567123413086,34.1009407043457,49.599998474121094,166.47804260253906,32.844608306884766,15.946820259094238,81.23777770996094,27.34549903869629,33.658775329589844,46.558807373046875,65.2002944946289,92.54650115966797,10.149643898010254,46.29961013793945,50.314369201660156,54.47208023071289,6.956762313842773,37.88474655151367,115.57301330566406,19.40036964416504,109.55023193359375,30.649999618530273,72.48159790039062,35.538246154785156,33.40609359741211,21.786405563354492,32.041351318359375,12.809760093688965,14.649215698242188,41.23595428466797,13.018694877624512,21.766828536987305,30.590599060058594,16.43280029296875,137.5277099609375,27.389751434326172,15.78317642211914,67.93154907226562,143.92095947265625,75.29022216796875,20.364585876464844,74.38851928710938,64.49544525146484,73.24788665771484,82.49449157714844,32.663787841796875,34.11000061035156,67.27449798583984,26.425140380859375,35.185359954833984,41.87626647949219,10.242138862609863,70.70138549804688,48.08440017700195,43.299381256103516,31.684595108032227,87.42015838623047,46.73738098144531
2023-02-02,47.64503479003906,31.482086181640625,27.538911819458008,20.11046600341797,34.833168029785156,50.4900016784668,166.0177764892578,33.0366325378418,16.218950271606445,80.0723876953125,27.614097595214844,35.12794494628906,45.98141098022461,66.62506103515625,94.49146270751953,10.293723106384277,46.36176300048828,51.44169616699219,54.8694953918457,7.192935943603516,38.57891082763672,114.11527252197266,19.71884536743164,114.72028350830078,31.950000762939453,71.56548309326172,36.755882263183594,34.53193283081055,21.759998321533203,32.97349166870117,12.72981071472168,14.943757057189941,42.975311279296875,13.258196830749512,22.460845947265625,31.666236877441406,16.64027976989746,138.970703125,28.135276794433594,16.03512954711914,68.66667938232422,145.12619018554688,78.73695373535156,20.510169982910156,72.8389663696289,67.07901000976562,74.9498291015625,82.574951171875,34.95792007446289,34.970001220703125,68.36229705810547,27.280757904052734,36.52798080444336,41.81671142578125,10.692248344421387,74.20930480957031,48.7995491027832,43.4835205078125,32.337276458740234,87.85282135009766,47.525238037109375
2023-02-03,48.01823043823242,31.08855628967285,28.047319412231445,20.49236488342285,35.0162239074707,51.13999938964844,171.51239013671875,33.310943603515625,16.218950271606445,80.71147155761719,27.787389755249023,34.916805267333984,46.036399841308594,67.54100036621094,95.45932006835938,10.205674171447754,45.68035888671875,51.955928802490234,53.848873138427734,7.2758026123046875,38.561553955078125,115.56407165527344,19.957700729370117,114.92847442626953,32.290000915527344,71.61112213134766,36.99185562133789,34.2735481262207,21.733592987060547,32.790550231933594,12.854177474975586,14.969747543334961,42.850433349609375,13.21543025970459,22.50591278076172,31.88878059387207,16.615385055541992,141.6428985595703,28.203052520751953,16.1251163482666,69.30436706542969,144.44500732421875,78.64093780517578,20.552989959716797,75.12052154541016,67.64065551757812,75.04134368896484,81.4217300415039,34.48325729370117,35.720001220703125,68.442138671875,27.74009132385254,36.64059066772461,41.94432830810547,10.632801055908203,72.1192855834961,49.610023498535156,43.805755615234375,32.61698913574219,89.23551177978516,47.63029098510742
2023-02-06,46.82209014892578,29.90797996520996,27.934341430664062,20.761428833007812,34.458335876464844,49.5,169.23016357421875,33.256072998046875,15.919608116149902,79.31114959716797,27.761398315429688,34.089847564697266,46.320518493652344,66.18406677246094,94.9984130859375,10.109621047973633,45.59967041015625,50.245155334472656,55.230770111083984,7.18464994430542,37.98886489868164,117.44216918945312,19.648075103759766,111.33222198486328,32.08000183105469,71.44686126708984,36.423336029052734,33.849056243896484,21.733592987060547,32.44208526611328,12.863061904907227,14.952421188354492,42.493648529052734,13.138448715209961,22.235509872436523,31.369508743286133,16.41619873046875,140.5383758544922,28.033618927001953,16.06212615966797,68.91465759277344,142.357666015625,78.10327911376953,20.287511825561523,75.9190673828125,67.26622009277344,74.44657135009766,81.10887145996094,33.89691162109375,35.70000076293945,68.21260070800781,27.289762496948242,36.12087631225586,41.64655303955078,10.539381980895996,70.65535736083984,49.64604568481445,43.89781951904297,32.218605041503906,89.2919692993164,47.358909606933594
2023-02-07,47.511070251464844,30.909685134887695,28.000244140625,20.97842025756836,34.353736877441406,50.689998626708984,171.35894775390625,33.6218376159668,16.12824058532715,81.68888854980469,27.62276268005371,34.125038146972656,47.1362190246582,66.93038940429688,96.51014709472656,10.14163875579834,45.84174346923828,50.40337371826172,54.28240966796875,7.151503562927246,38.422725677490234,119.1055908203125,19.391523361206055,113.66031646728516,32.599998474121094,72.97087097167969,37.02976608276367,34.9564323425293,21.777605056762695,32.929935455322266,13.014076232910156,14.978411674499512,42.60960388183594,13.318072319030762,22.478870391845703,31.77750587463379,16.615385055541992,142.6048583984375,28.58429527282715,16.152111053466797,69.57007598876953,142.3052520751953,79.48580932617188,20.441661834716797,77.18346405029297,68.0618667602539,74.94068908691406,82.85208129882812,34.39019012451172,35.68000030517578,68.49203491210938,27.830156326293945,36.39805603027344,42.259124755859375,10.632801055908203,72.23896789550781,50.114322662353516,44.3121337890625,32.28641128540039,89.96920013427734,47.96294021606445
2023-02-08,47.09001541137695,30.08685302734375,27.501249313354492,20.65727424621582,34.214263916015625,49.119998931884766,171.6466064453125,33.37495040893555,15.80168628692627,82.38436126708984,26.955595016479492,33.597198486328125,47.456993103027344,65.98900604248047,95.1090316772461,10.02157211303711,45.859676361083984,49.355159759521484,53.50566101074219,7.068634510040283,38.01490020751953,118.50637817382812,19.33844566345215,110.93473815917969,32.279998779296875,71.98529052734375,36.631797790527344,34.85492706298828,21.724788665771484,32.825401306152344,12.89859390258789,14.943757057189941,42.06550979614258,13.206876754760742,22.181438446044922,31.72186851501465,16.43280029296875,141.527099609375,28.092918395996094,15.963144302368164,68.84382629394531,141.1000213623047,78.69856262207031,20.424535751342773,76.63206481933594,67.556396484375,73.83348083496094,83.66556549072266,33.90620803833008,35.349998474121094,68.25251770019531,27.31678581237793,35.81769943237305,41.74864196777344,10.479933738708496,71.1893539428711,49.78112030029297,44.422607421875,31.98126792907715,89.17576599121094,46.69361114501953
2023-02-09,46.314918518066406,29.23719596862793,27.12464714050293,20.40557098388672,33.71356964111328,48.52000045776367,172.00143432617188,32.66173553466797,15.62933349609375,82.2057876586914,26.600343704223633,33.148529052734375,47.264522552490234,64.9713134765625,95.01687622070312,9.917513847351074,44.81067657470703,48.732154846191406,52.430843353271484,6.969192028045654,37.45955276489258,118.06819152832031,19.073047637939453,109.40160369873047,32.150001525878906,71.10918426513672,35.977996826171875,34.62422561645508,21.715988159179688,32.45951461791992,12.76534366607666,14.753171920776367,41.54815673828125,13.052910804748535,21.757814407348633,31.358539581298828,16.225311279296875,140.5472869873047,27.686269760131836,15.918149948120117,67.74557495117188,138.75942993164062,77.0087890625,20.15049171447754,75.88826751708984,67.81848907470703,72.76544189453125,82.71797180175781,33.7293701171875,35.16999816894531,66.85533142089844,26.812419891357422,35.55782699584961,41.49340057373047,10.386513710021973,69.93720245361328,49.01567459106445,43.79655075073242,31.540496826171875,88.29733276367188,46.08083724975586
2023-02-10,46.37232208251953,29.103036880493164,27.332429885864258,20.509721755981445,33.89803695678711,48.720001220703125,171.8863525390625,32.533714294433594,15.493267059326172,83.20198822021484,26.84295082092285,33.13092803955078,47.10871887207031,64.88651275634766,95.06294250488281,9.893500328063965,44.92723846435547,49.147483825683594,53.7314567565918,7.002340316772461,37.41617202758789,117.78197479248047,19.33844566345215,109.20286560058594,31.959999084472656,70.8354263305664,36.072750091552734,34.476566314697266,21.768798828125,32.381099700927734,12.783112525939941,14.995734214782715,41.97630310058594,13.02724838256836,21.757814407348633,31.405120849609375,16.13401985168457,141.6428985595703,27.271137237548828,16.02613067626953,67.33815002441406,139.16114807128906,76.62474060058594,20.2703857421875,76.72742462158203,68.0618667602539,72.92196655273438,82.76268005371094,33.89691162109375,34.869998931884766,66.5260009765625,26.947519302368164,35.774383544921875,41.43384552001953,10.318570137023926,68.8875732421875,49.240806579589844,43.741310119628906,31.701547622680664,88.4579086303711,45.9670295715332
2023-02-13,46.72638702392578,29.7022705078125,27.785770416259766,20.639915466308594,34.100067138671875,49.630001068115234,173.88088989257812,32.59772872924805,16.427581787109375,83.26776885986328,27.23285675048828,33.755550384521484,47.585304260253906,65.51410675048828,96.3324203491211,9.917513847351074,45.725196838378906,49.968265533447266,54.8243408203125,7.0271992683410645,37.719871520996094,117.89823150634766,19.115856170654297,111.07670593261719,32.2599983215332,71.26433563232422,36.47071838378906,34.744178771972656,21.768798828125,32.62503433227539,12.916360855102539,15.091028213500977,42.20820999145508,13.155555725097656,22.100318908691406,31.535539627075195,16.30830192565918,143.70045471191406,27.906538009643555,16.188106536865234,67.89614868164062,140.59349060058594,76.99917602539062,20.467350006103516,76.68928527832031,68.09931182861328,74.10051727294922,84.05891418457031,34.46464538574219,35.66999816894531,66.88526916503906,26.830434799194336,36.17284393310547,41.76565933227539,10.479933738708496,69.53207397460938,50.05127716064453,44.3121337890625,31.9134578704834,88.2595443725586,46.30844497680664
2023-02-14,46.3914680480957,29.165645599365234,27.38909339904785,20.735387802124023,33.73991775512695,49.77000045776367,173.58364868164062,32.57029724121094,16.364086151123047,83.07041931152344,26.54835319519043,33.72916030883789,47.39284133911133,65.09854125976562,95.8598403930664,9.789443016052246,46.272098541259766,49.958370208740234,54.12886428833008,6.9609055519104,37.624420166015625,116.82505798339844,18.937788009643555,109.16502380371094,31.850000381469727,71.01793670654297,36.3759651184082,34.67959213256836,21.742393493652344,32.39852523803711,12.863061904907227,15.004399299621582,41.90494918823242,13.12989330291748,21.900564193725586,31.246746063232422,16.001222610473633,143.06800842285156,31.973060607910156,16.044126510620117,66.93074035644531,140.7244873046875,76.57674407958984,20.424535751342773,77.02304077148438,68.0618667602539,74.31229400634766,83.6566390991211,33.803836822509766,35.810001373291016,66.31641387939453,26.59626007080078,35.835018157958984,41.799686431884766,10.479933738708496,69.50446319580078,49.64604568481445,44.65277099609375,31.574405670166016,87.52278900146484,46.15961837768555
2023-02-15,47.25269317626953,28.834726333618164,27.644102096557617,20.987096786499023,33.783836364746094,50.31999969482422,173.24801635742188,32.51543045043945,16.472938537597656,83.21138763427734,26.95033836364746,34.054656982421875,47.44782638549805,65.78548431396484,96.3695068359375,9.781438827514648,46.46037673950195,50.05725860595703,53.28889465332031,7.043773651123047,37.68516159057617,117.69254302978516,19.213794708251953,108.4836196899414,32.59000015258789,71.6202392578125,37.02029037475586,35.279422760009766,21.900840759277344,32.32011795043945,13.014076232910156,15.134342193603516,42.333091735839844,13.1812162399292,22.24559211730957,31.70323371887207,15.984626770019531,142.73849487304688,31.61724090576172,16.16110610961914,67.03703308105469,139.73760986328125,76.80716705322266,20.467350006103516,76.74649047851562,69.32556915283203,75.73020935058594,84.13043212890625,33.98066711425781,36.34000015258789,66.41622161865234,26.857452392578125,36.276790618896484,41.75714874267578,10.505410194396973,69.6241683959961,49.537986755371094,44.164825439453125,31.820213317871094,87.52278900146484,46.03610610961914
2023-02-16,46.45845413208008,27.985065460205078,27.322986602783203,20.674631118774414,33.30950164794922,49.66999816894531,170.63015747070312,32.259403228759766,16.345943450927734,83.61553192138672,26.95033836364746,33.25410079956055,47.007904052734375,64.55575561523438,95.89691925048828,9.853479385375977,46.137611389160156,49.8891487121582,53.65919876098633,6.969192028045654,37.14717102050781,115.72504425048828,19.45418930053711,105.56877899169922,31.799999237060547,70.99055480957031,36.41386032104492,34.75341033935547,21.8480281829834,31.936809539794922,12.871943473815918,14.900444030761719,41.88710403442383,13.121341705322266,21.982275009155273,31.63802146911621,15.835237503051758,142.2307586669922,31.176694869995117,16.02613067626953,66.11592102050781,138.2528839111328,75.51103973388672,20.261817932128906,76.61297607421875,68.7919921875,74.34911346435547,83.37950897216797,33.18024826049805,36.099998474121094,65.31842803955078,26.677322387695312,35.82636260986328,41.30623245239258,10.437468528747559,68.3844985961914,49.75410842895508,43.47431945800781,31.51506996154785,86.91827392578125,45.33911895751953
2023-02-17,46.81250762939453,27.770418167114258,27.530765533447266,20.665952682495117,33.48517608642578,50.2400016784668,170.01644897460938,32.32341003417969,16.336872100830078,84.29219818115234,26.82799530029297,32.365562438964844,47.200374603271484,64.42855834960938,96.80501556396484,9.869487762451172,46.10175323486328,51.234031677246094,53.334049224853516,7.101781845092773,37.46822738647461,117.42426300048828,19.489803314208984,105.20915985107422,32.060001373291016,71.3282241821289,36.80235290527344,35.22405242919922,21.86563491821289,32.189453125,12.925246238708496,15.047715187072754,42.056575775146484,13.172661781311035,22.30915641784668,32.44853973388672,15.893339157104492,142.4445343017578,31.34613800048828,16.206100463867188,66.44361877441406,138.5061492919922,75.17501831054688,20.433094024658203,76.59392547607422,69.36299896240234,75.75782775878906,82.24418640136719,33.29194641113281,37.15999984741211,66.00704193115234,26.713346481323242,36.06023025512695,41.34877014160156,10.428974151611328,68.95807647705078,49.501953125,43.72289276123047,31.871078491210938,87.4094467163086,45.37441635131836
2023-02-21,45.4632568359375,26.652442932128906,27.07742691040039,20.2840518951416,32.86151123046875,47.33000183105469,166.35337829589844,31.56447982788086,16.246164321899414,83.53093719482422,26.426006317138672,31.177913665771484,46.21971130371094,63.30908203125,95.41506958007812,9.749420166015625,44.68516540527344,50.28469467163086,52.430843353271484,6.977478981018066,36.400936126708984,115.09008026123047,19.45418930053711,102.35107421875,30.780000686645508,69.6764144897461,35.52317810058594,34.476566314697266,21.87442970275879,31.41411781311035,12.623210906982422,14.917768478393555,42.13685607910156,12.856175422668457,21.85516357421875,31.45170021057129,15.362178802490234,138.46295166015625,30.990325927734375,15.846168518066406,65.97421264648438,135.79002380371094,71.56507110595703,19.859325408935547,76.19340515136719,68.66094970703125,74.22942352294922,79.71427917480469,32.57527542114258,34.38999938964844,65.7076416015625,26.73135757446289,35.39325714111328,40.57453918457031,10.123241424560547,66.9413070678711,48.48435974121094,42.57205581665039,31.472686767578125,86.46488952636719,43.93632888793945
2023-02-22,45.185752868652344,26.884981155395508,27.190763473510742,20.127822875976562,32.99327087402344,47.529998779296875,167.5232391357422,31.35416030883789,16.10102653503418,83.48395538330078,26.19880485534668,30.940383911132812,45.972251892089844,63.13098907470703,95.22974395751953,9.661371231079102,44.864479064941406,50.571475982666016,52.8824462890625,6.936045169830322,36.305484771728516,113.7664794921875,19.302831649780273,102.7674789428711,30.65999984741211,69.15625,35.144168853759766,34.40273666381836,21.883237838745117,31.300867080688477,12.543261528015137,14.865787506103516,41.91386413574219,12.770639419555664,21.709882736206055,30.883405685424805,15.096595764160156,137.3495330810547,30.710737228393555,15.810171127319336,65.63764953613281,136.5061492919922,71.28665161132812,19.730873107910156,76.28876495361328,68.42694854736328,74.40435791015625,78.75774383544922,32.994102478027344,34.08000183105469,64.96913146972656,26.785402297973633,35.38459014892578,40.44692611694336,9.987358093261719,66.85803985595703,48.214210510253906,42.360294342041016,31.345542907714844,86.23820495605469,43.51285171508789
2023-02-23,46.20965576171875,27.26956558227539,27.49298667907715,20.275375366210938,33.063541412353516,47.709999084472656,167.9451904296875,31.32672882080078,16.09195327758789,84.48954010009766,26.19880485534668,30.984376907348633,46.09139633178711,63.60591125488281,94.97028350830078,9.733410835266113,45.169315338134766,50.76925277709961,54.01144790649414,6.985766887664795,36.383583068847656,115.09008026123047,19.36515235900879,103.63816833496094,30.920000076293945,69.64905548095703,35.21049118041992,34.60575866699219,21.87442970275879,31.405399322509766,12.596559524536133,14.874455451965332,42.315250396728516,12.90749740600586,21.75528335571289,31.284006118774414,15.046796798706055,137.81272888183594,30.96489906311035,16.188106536865234,65.61994934082031,138.07823181152344,71.78589630126953,19.70517921447754,75.30654907226562,69.4098129272461,74.27545166015625,77.87272644042969,33.431541442871094,34.119998931884766,65.34837341308594,27.118640899658203,35.497188568115234,40.60007095336914,9.970372200012207,67.9866943359375,48.09713363647461,42.58125305175781,31.472686767578125,86.45543670654297,43.54814529418945
2023-02-24,45.9512825012207,27.02808380126953,27.115203857421875,20.466325759887695,32.9669189453125,47.599998474121094,167.0917510986328,31.2810115814209,15.80168628692627,86.0402603149414,25.90168571472168,30.91399574279785,46.2472038269043,63.70768356323242,96.03589630126953,9.781438827514648,44.98999786376953,50.502254486083984,52.95470428466797,6.977478981018066,36.34886169433594,117.6746597290039,18.928882598876953,103.76119232177734,31.149999618530273,70.11447143554688,35.219966888427734,34.2735481262207,21.87442970275879,31.631908416748047,12.658745765686035,14.926433563232422,42.342010498046875,13.078572273254395,21.827922821044922,31.14426040649414,15.204487800598145,139.0686798095703,30.870573043823242,16.03512954711914,65.64651489257812,138.41880798339844,71.58426666259766,19.84219741821289,76.86093139648438,69.35365295410156,74.99361419677734,77.92636108398438,33.319862365722656,34.29999923706055,65.45814514160156,27.280757904052734,35.462547302246094,40.53200149536133,9.94489574432373,68.29199981689453,48.02509689331055,42.921905517578125,31.33707046508789,87.70226287841797,44.35099792480469
2023-02-27,46.027835845947266,26.482513427734375,26.964092254638672,20.414249420166016,32.949337005615234,47.61000061035156,166.18080139160156,31.2810115814209,15.964963912963867,85.10042572021484,25.875469207763672,30.773231506347656,46.59547424316406,63.82752990722656,97.38878631591797,9.797447204589844,45.250003814697266,50.967037200927734,52.8824462890625,6.927759170532227,36.22739028930664,118.56593322753906,18.928882598876953,103.18390655517578,30.969999313354492,70.16922760009766,35.56108093261719,34.11667251586914,21.786405563354492,31.42282485961914,12.694276809692383,14.987071990966797,42.279579162597656,13.09567928314209,21.90964126586914,31.0045223236084,15.191893577575684,138.12449645996094,30.776247024536133,15.954144477844238,64.9910888671875,137.7288360595703,71.93952941894531,19.927837371826172,74.26710510253906,69.52214050292969,74.71739959716797,79.39244842529297,33.04064178466797,34.540000915527344,65.78748321533203,26.839441299438477,35.349937438964844,40.480953216552734,9.893938064575195,68.74529266357422,47.980064392089844,43.069210052490234,30.99801254272461,88.25010681152344,44.45686721801758
2023-02-28,45.80774688720703,26.876039505004883,26.82242202758789,20.274126052856445,32.905426025390625,47.38999938964844,166.8424530029297,31.363309860229492,15.919608116149902,84.81848907470703,26.102678298950195,31.16032600402832,46.63213348388672,64.08434295654297,96.9996109008789,9.797447204589844,45.44724655151367,50.44292449951172,51.690216064453125,6.952619552612305,36.23606491088867,118.67398071289062,18.991209030151367,103.231201171875,30.799999237060547,69.54866027832031,35.712684631347656,33.849056243896484,21.80400848388672,31.623186111450195,12.67651081085205,14.900444030761719,42.26173400878906,13.104233741760254,21.882402420043945,30.902036666870117,15.351369857788086,138.32044982910156,30.999204635620117,16.02670669555664,65.08851623535156,137.92100524902344,71.13304138183594,19.970653533935547,74.30525970458984,69.22259521484375,74.2846450805664,79.27622985839844,33.23609161376953,34.59000015258789,66.09686279296875,26.685136795043945,35.31529235839844,40.608577728271484,9.834490776062012,68.6805419921875,47.835975646972656,43.06001281738281,30.642005920410156,87.02217864990234,44.659786224365234
2023-03-01,45.683349609375,26.893930435180664,26.86020278930664,20.39673614501953,32.86151123046875,47.279998779296875,168.6835479736328,31.217004776000977,15.71097183227539,85.25080108642578,26.163850784301758,31.133920669555664,46.302188873291016,63.90456771850586,96.48995971679688,9.773433685302734,46.17347717285156,49.9089241027832,52.9095458984375,6.886325359344482,36.10591125488281,119.73628234863281,19.36515235900879,102.75802612304688,30.670000076293945,69.2018814086914,35.39051818847656,33.5352897644043,19.488933563232422,31.527366638183594,12.738692283630371,14.995734214782715,42.029815673828125,13.087125778198242,22.054920196533203,30.60391616821289,15.485660552978516,137.33175659179688,30.913448333740234,15.881584167480469,64.1585693359375,135.55418395996094,70.9026107788086,20.00490951538086,73.81891632080078,68.16483306884766,73.9439697265625,80.01821899414062,33.48738479614258,34.599998474121094,65.39826965332031,26.567142486572266,35.038108825683594,40.25124740600586,9.749563217163086,69.53164672851562,46.95346450805664,42.977149963378906,30.642005920410156,87.05996704101562,44.500972747802734
2023-03-02,44.93695068359375,27.010196685791016,26.18019676208496,19.8187255859375,32.457435607910156,46.27000045776367,168.136962890625,30.82127571105957,15.611188888549805,83.33358001708984,26.233755111694336,30.67646598815918,45.99973678588867,63.45943832397461,94.59037017822266,9.693387985229492,46.08381652832031,48.82115173339844,52.385684967041016,6.83660364151001,35.012577056884766,118.40390014648438,19.01791763305664,102.38893127441406,30.110000610351562,67.88774108886719,34.19662094116211,33.19384765625,19.2248477935791,31.03080177307129,12.568486213684082,14.683865547180176,41.173519134521484,12.804853439331055,21.7734432220459,30.426904678344727,15.049210548400879,134.78431701660156,30.270315170288086,15.591346740722656,63.166622161865234,131.21359252929688,69.48168182373047,19.60240936279297,72.56014251708984,65.9931640625,72.68260192871094,79.356689453125,33.26401901245117,34.56999969482422,65.4182357788086,26.44007110595703,34.30183410644531,39.40044021606445,9.571218490600586,68.48626708984375,46.809383392333984,42.16695022583008,30.107988357543945,85.74702453613281,42.62177276611328
2023-03-03,45.080482482910156,27.305339813232422,26.359643936157227,20.221576690673828,32.68582534790039,47.439998626708984,171.73291015625,31.437885284423828,15.828898429870605,84.60233306884766,26.006549835205078,30.984376907348633,47.04457092285156,63.92168045043945,96.1563720703125,9.685384750366211,46.9355583190918,49.463924407958984,52.18697738647461,6.87803840637207,35.559242248535156,119.04309844970703,19.33844566345215,103.8936767578125,30.6299991607666,68.6725845336914,34.935707092285156,33.59989547729492,18.890352249145508,31.56220817565918,12.72077751159668,14.787821769714355,41.44111633300781,13.018694877624512,21.991355895996094,30.799562454223633,15.37654972076416,137.04835510253906,30.784822463989258,15.754609107971191,64.04342651367188,133.52798461914062,70.20175170898438,19.99634552001953,73.81891632080078,66.98539733886719,73.41918182373047,80.83173370361328,33.859683990478516,35.27000045776367,66.56591796875,26.521760940551758,34.68295669555664,40.08108139038086,9.681622505187988,69.9757080078125,46.88142395019531,43.1336555480957,30.319902420043945,86.37043762207031,43.43345642089844
2023-03-06,44.64030456542969,26.884981155395508,26.029085159301758,20.17778968811035,35.294715881347656,46.779998779296875,171.70416259765625,31.37346076965332,15.62933349609375,83.48395538330078,25.508440017700195,30.56209945678711,46.87042236328125,63.108455657958984,95.39651489257812,9.701394081115723,46.78314971923828,48.643157958984375,52.35859680175781,6.687440872192383,35.37702560424805,117.36858367919922,19.285024642944336,102.68231201171875,29.84000015258789,68.03376007080078,34.253475189208984,33.064659118652344,18.687896728515625,31.50122833251953,12.631195068359375,14.709854125976562,40.93268585205078,12.984480857849121,21.764360427856445,30.445541381835938,15.233861923217773,136.6710205078125,30.750520706176758,15.618553161621094,63.68030548095703,133.34458923339844,68.79042053222656,19.96208953857422,73.04649353027344,66.66712951660156,76.08006286621094,80.6171646118164,33.14302444458008,34.72999954223633,66.17669677734375,25.686716079711914,34.62232971191406,40.089576721191406,9.60519027709961,69.74442291259766,46.46717834472656,42.93111801147461,30.167333602905273,86.46488952636719,43.0187873840332
2023-03-07,42.78388595581055,26.312580108642578,25.377416610717773,19.372081756591797,34.0297966003418,45.47999954223633,168.11782836914062,30.370319366455078,15.293706893920898,82.98584747314453,25.31618881225586,29.594385147094727,45.367347717285156,62.509193420410156,91.84754943847656,9.957535743713379,45.79691696166992,48.188270568847656,52.36762237548828,6.5134196281433105,33.57215881347656,114.98285675048828,19.035724639892578,99.85263061523438,28.90999984741211,66.44583892822266,34.08292770385742,32.84317398071289,18.740713119506836,29.872154235839844,12.326613426208496,14.164084434509277,39.79988479614258,12.360062599182129,21.19233512878418,29.802717208862305,14.730262756347656,129.5553436279297,30.441818237304688,15.246685981750488,62.41377258300781,127.26599884033203,65.43971252441406,19.182790756225586,71.4730224609375,65.15068817138672,73.5296630859375,77.47045135498047,32.249534606933594,33.630001068115234,64.34040069580078,25.514257431030273,33.48760223388672,38.79637908935547,9.299454689025879,66.50652313232422,45.06236267089844,40.924049377441406,29.370555877685547,83.11170959472656,40.971954345703125
2023-03-08,42.98482894897461,26.33047103881836,25.254636764526367,19.240713119506836,33.941951751708984,45.689998626708984,167.64791870117188,29.965383529663086,15.221141815185547,82.59111022949219,25.665739059448242,29.128128051757812,45.642303466796875,62.42359161376953,91.88461303710938,9.837469100952148,45.438289642333984,49.04859924316406,53.09018325805664,6.488559246063232,33.0428466796875,113.9205322265625,18.955598831176758,99.3132095336914,28.889999389648438,66.50971984863281,33.8365592956543,32.52019500732422,18.79353141784668,29.34946060180664,12.156404495239258,14.164084434509277,39.9604377746582,12.351509094238281,20.992576599121094,30.05426025390625,14.52882194519043,126.1233139038086,30.201711654663086,15.192266464233398,62.23664855957031,126.75072479248047,64.63322448730469,18.63471031188965,72.66504669189453,64.24269104003906,73.26265716552734,77.4078598022461,32.091304779052734,34.029998779296875,64.61983489990234,25.26011085510254,33.60020065307617,38.702796936035156,9.223021507263184,66.20121765136719,44.395973205566406,40.362422943115234,29.38750457763672,82.19548034667969,41.183692932128906
2023-03-09,40.602108001708984,24.488046646118164,24.017404556274414,18.023391723632812,31.939167022705078,40.939998626708984,165.0492706298828,28.106351852416992,13.978413581848145,80.0723876953125,24.09276008605957,26.761627197265625,43.992576599121094,57.80945587158203,87.96495056152344,9.557313919067383,43.57341766357422,46.39839553833008,53.27985763549805,6.215094089508057,31.021055221557617,108.07775115966797,18.32343864440918,95.5276870727539,26.309999465942383,60.952049255371094,31.553003311157227,30.776058197021484,18.423816680908203,27.607135772705078,11.556197166442871,13.462376594543457,37.11504364013672,11.752751350402832,19.902997970581055,28.368019104003906,13.488052368164062,120.06781768798828,28.126527786254883,14.530155181884766,59.429046630859375,120.41011810302734,59.71757507324219,17.856822967529297,63.38642501831055,60.27375030517578,68.85234832763672,74.0555191040039,30.927900314331055,32.22999954223633,61.705711364746094,24.052928924560547,32.1051139831543,35.98874282836914,8.620039939880371,57.69017028808594,40.748836517333984,37.86739730834961,28.02602195739746,77.48214721679688,36.4901008605957
2023-03-10,40.621238708496094,23.092824935913086,23.83795738220215,17.90078353881836,31.763486862182617,37.65999984741211,158.89297485351562,27.85787010192871,13.697211265563965,81.81106567382812,23.66455841064453,25.75872802734375,43.360191345214844,54.2568244934082,87.49238586425781,9.189108848571777,43.34031295776367,45.67573928833008,52.250213623046875,6.115653991699219,29.88434410095215,106.90740966796875,17.433090209960938,92.92511749267578,22.860000610351562,57.228660583496094,31.069751739501953,30.497793197631836,17.693204879760742,26.457204818725586,11.448700904846191,13.375746726989746,36.47282028198242,11.43626594543457,19.912080764770508,27.920835494995117,13.143927574157715,118.34280395507812,25.802654266357422,14.47573471069336,56.78086853027344,119.79004669189453,57.499755859375,17.528383255004883,55.97688293457031,58.7573127746582,69.71782684326172,71.40045928955078,29.90410804748535,30.489999771118164,61.00711441040039,24.252614974975586,31.63298225402832,34.55940628051758,8.535116195678711,45.64517593383789,38.74966812133789,38.07914733886719,28.008893966674805,75.67803955078125,35.59901428222656
2023-03-13,35.53999710083008,20.615398406982422,21.64682960510254,17.226436614990234,29.637727737426758,34.0,151.15451049804688,26.23811912536621,12.200496673583984,76.78304290771484,22.178972244262695,22.0726261138916,40.43651580810547,44.3008918762207,80.98744201660156,8.364649772644043,40.112648010253906,41.646690368652344,49.67608642578125,5.858762264251709,26.595678329467773,93.40330505371094,16.542739868164062,88.31624603271484,17.420000076293945,47.2905387878418,29.81900405883789,27.70587158203125,14.119352340698242,22.868013381958008,11.170990943908691,12.933930397033691,35.34001159667969,9.511689186096191,19.648757934570312,27.920835494995117,9.551589965820312,114.20097351074219,24.010446548461914,13.895254135131836,55.1246452331543,113.58917999267578,54.753910064697266,16.292407989501953,49.50187683105469,54.357765197753906,63.69623947143555,66.1261215209961,27.2236270904541,26.0,51.29667663574219,23.8350887298584,31.589262008666992,31.08814811706543,8.594564437866211,24.163999557495117,33.81477355957031,35.363155364990234,26.929981231689453,67.11088562011719,26.441205978393555
2023-03-14,35.15723419189453,20.615398406982422,22.270170211791992,17.98836326599121,31.587793350219727,36.290000915527344,157.17654418945312,26.46819496154785,12.639165878295898,78.2115707397461,22.624649047851562,21.08732032775879,41.9120979309082,43.735897064208984,81.74727630615234,8.364649772644043,42.497528076171875,42.814815521240234,52.1343994140625,6.4222636222839355,27.680328369140625,100.39842987060547,15.483220100402832,90.91879272460938,18.079999923706055,52.36455535888672,30.34014892578125,29.727922439575195,14.348219871520996,22.98126220703125,11.179948806762695,13.046548843383789,36.90989685058594,9.451812744140625,19.866680145263672,27.371177673339844,10.214661598205566,114.48847961425781,26.15423583984375,13.750133514404297,55.562496185302734,113.99967956542969,52.97773742675781,16.387479782104492,54.05058670043945,52.68218994140625,69.55209350585938,68.60237121582031,28.349802017211914,30.149999618530273,55.35849380493164,23.32680320739746,31.807844161987305,31.913419723510742,8.276883125305176,27.633182525634766,35.69688034057617,36.983543395996094,27.572193145751953,70.81355285644531,27.623428344726562
2023-03-15,35.205081939697266,21.044702529907227,21.76960563659668,16.806068420410156,31.192514419555664,37.7400016784668,153.2449493408203,26.219709396362305,12.264469146728516,77.64766693115234,23.37618064880371,20.35713768005371,40.335697174072266,40.748260498046875,81.07083129882812,8.268597602844238,40.18437194824219,42.85442352294922,52.680686950683594,6.339397430419922,27.3419189453125,95.9600830078125,15.723616600036621,87.9471664428711,20.040000915527344,51.762245178222656,30.91814422607422,29.94126319885254,13.802459716796875,22.136234283447266,10.794744491577148,12.855962753295898,36.454978942871094,9.280739784240723,19.676002502441406,27.352542877197266,9.862143516540527,112.2064437866211,25.08234214782715,13.233141899108887,57.54623031616211,109.21366119384766,53.957035064697266,15.25522518157959,56.78744888305664,53.91781234741211,67.88556671142578,65.8847427368164,26.89787483215332,29.950000762939453,55.16887283325195,23.20880889892578,30.881059646606445,30.152271270751953,8.36274242401123,29.927467346191406,34.34609603881836,35.76826477050781,27.36668586730957,67.42257690429688,27.094072341918945
2023-03-16,36.86055374145508,20.964204788208008,22.51572608947754,17.112590789794922,32.29932403564453,39.18000030517578,154.12716674804688,26.661457061767578,12.374135971069336,81.66069030761719,24.67825698852539,20.321950912475586,40.69313049316406,45.09702682495117,84.50861358642578,8.276601791381836,40.90163040161133,45.67573928833008,51.087337493896484,6.438838481903076,28.279056549072266,97.75163269042969,16.667387008666992,88.54338073730469,20.350000381469727,53.28627014160156,31.723556518554688,29.885610580444336,13.829121589660645,23.050954818725586,11.081408500671387,13.280451774597168,38.90790939331055,9.520241737365723,20.484106063842773,28.507761001586914,10.306985855102539,114.60527801513672,25.98273277282715,13.623154640197754,57.78749084472656,113.6416015625,54.90751647949219,16.08497428894043,55.194923400878906,56.023983001708984,69.69940948486328,66.82340240478516,27.139860153198242,31.989999771118164,57.803565979003906,24.17092514038086,32.50730514526367,30.934999465942383,8.52587604522705,34.145999908447266,36.69646453857422,36.182559967041016,28.14589500427246,73.10883331298828,28.329233169555664
2023-03-17,34.24814987182617,19.9356746673584,21.29738426208496,15.579987525939941,30.69182014465332,37.58000183105469,150.09011840820312,25.603099822998047,11.972023010253906,78.60630798339844,23.341230392456055,18.7120304107666,39.02508544921875,43.727333068847656,80.25540161132812,8.308619499206543,39.67332458496094,43.77505874633789,49.311885833740234,6.256528854370117,26.777896881103516,94.37560272216797,15.866074562072754,84.89982604980469,18.010000228881836,49.845794677734375,29.781099319458008,28.04906463623047,13.26920223236084,21.73550033569336,10.373703002929688,12.474790573120117,36.802852630615234,8.969414710998535,19.21293067932129,27.026473999023438,9.677490234375,110.05917358398438,24.48208236694336,13.051743507385254,55.31229782104492,108.05208587646484,52.63210678100586,15.46265697479248,53.79310989379883,52.86940383911133,66.99246215820312,64.1594009399414,26.516273498535156,29.920000076293945,53.85152816772461,23.20880889892578,31.2919921875,28.033788681030273,8.173851013183594,28.974599838256836,34.43614959716797,34.76471710205078,26.578908920288086,68.2254638671875,26.414735794067383
2023-03-20,34.477813720703125,21.017864227294922,20.844045639038086,15.921538352966309,30.375591278076172,37.599998474121094,152.2189178466797,25.53867530822754,11.761824607849121,78.88823699951172,22.93924331665039,19.609357833862305,39.65748596191406,43.63317108154297,80.21834564208984,8.388663291931152,39.529876708984375,42.2901496887207,47.636600494384766,6.10736608505249,27.376625061035156,94.28559112548828,15.97291374206543,85.4013900756836,17.90999984741211,50.02831268310547,29.563167572021484,29.37546157836914,13.535831451416016,22.833166122436523,10.490161895751953,12.561420440673828,37.28451919555664,9.229647636413574,19.539804458618164,27.40843963623047,9.794995307922363,109.34939575195312,24.34487533569336,13.432682991027832,55.52676010131836,111.2223892211914,51.979251861572266,15.62688159942627,53.50703048706055,54.02077102661133,66.61495971679688,65.65231323242188,26.47905158996582,29.010000228881836,53.392452239990234,22.94559097290039,31.055927276611328,29.309980392456055,8.233951568603516,27.022605895996094,35.2556266784668,34.506927490234375,26.57034683227539,69.0944595336914,26.626480102539062
2023-03-21,36.898826599121094,22.627744674682617,22.147390365600586,16.639673233032227,31.59658432006836,39.4900016784668,157.7998046875,26.311742782592773,12.32844066619873,81.43512725830078,23.804384231567383,21.659154891967773,41.37135696411133,45.82467269897461,83.42447662353516,8.404672622680664,40.40851593017578,44.34922790527344,49.175315856933594,6.198521137237549,28.65217399597168,96.66229248046875,16.631772994995117,89.4897689819336,19.770000457763672,55.02931594848633,30.671781539916992,30.581268310546875,14.335713386535645,23.861133575439453,11.036619186401367,13.081202507019043,39.25577926635742,9.750114440917969,20.284351348876953,28.19100570678711,10.709868431091309,114.59630584716797,24.97943878173828,13.76827335357666,56.90285873413086,114.95162200927734,55.97321701049805,16.404766082763672,56.71115493774414,55.2938346862793,69.66258239746094,68.5844955444336,27.828594207763672,30.25,55.21877670288086,23.62633514404297,32.66468048095703,31.92192840576172,8.560218811035156,31.065359115600586,37.75008773803711,35.4276008605957,27.674943923950195,72.71211242675781,28.488040924072266
2023-03-22,35.31991195678711,21.95696258544922,21.014047622680664,15.851475715637207,30.13842010498047,37.41999816894531,156.0641632080078,25.43744468688965,11.743549346923828,78.67207336425781,22.947988510131836,19.81169891357422,40.280704498291016,43.49620819091797,81.21910858154297,8.092498779296875,39.18917465209961,41.92387008666992,49.03874206542969,5.949915885925293,26.864665985107422,90.95455932617188,15.714714050292969,86.13013458251953,18.200000762939453,50.311214447021484,29.203102111816406,28.985891342163086,13.846898078918457,22.5631046295166,10.427453994750977,12.39682388305664,38.05161666870117,9.246996879577637,19.367286682128906,27.00783920288086,10.113941192626953,105.71070098876953,23.967573165893555,13.115232467651367,54.57956314086914,108.64596557617188,52.02724838256836,15.40216064453125,53.65007400512695,51.37169647216797,65.4179916381836,65.929443359375,26.935100555419922,28.56999969482422,51.30665588378906,22.60975456237793,31.152103424072266,29.59925079345703,8.019301414489746,29.520414352416992,35.16556930541992,34.24913787841797,26.673097610473633,68.6505126953125,26.573543548583984
2023-03-23,33.8558235168457,21.473997116088867,20.551267623901367,15.46613883972168,29.86610984802246,36.369998931884766,156.0737762451172,24.820837020874023,11.122098922729492,76.50110626220703,22.79068374633789,18.94076156616211,39.629981994628906,42.956878662109375,75.55738830566406,8.092498779296875,38.9560661315918,41.22101593017578,49.43935775756836,5.817329406738281,25.93620491027832,88.1007080078125,15.483220100402832,85.08910369873047,17.3700008392334,48.94233322143555,28.33136558532715,28.72617530822754,14.024651527404785,22.075252532958984,10.08703899383545,11.868374824523926,37.168556213378906,9.264344215393066,19.34912872314453,26.532712936401367,9.45926284790039,100.95796203613281,23.187232971191406,12.65266227722168,53.84683609008789,106.66343688964844,50.41429901123047,15.151506423950195,50.436405181884766,49.99566650390625,65.49165344238281,64.9818344116211,26.069530487060547,27.6200008392334,48.841617584228516,21.965316772460938,30.994718551635742,29.828962326049805,7.778894901275635,28.90984344482422,33.89582824707031,33.70594787597656,26.364839553833008,65.78850555419922,24.217920303344727
2023-03-24,35.185935974121094,21.661821365356445,20.862937927246094,15.685078620910645,30.753313064575195,36.060001373291016,153.21615600585938,24.9772891998291,11.441965103149414,78.80364227294922,23.47231101989746,19.758913040161133,39.18088912963867,43.31642532348633,78.49479675292969,8.156533241271973,38.65122985839844,41.884281158447266,50.6138801574707,6.041072845458984,26.98615074157715,90.09030151367188,15.26953411102295,85.60015869140625,18.229999542236328,49.94617462158203,29.67687225341797,29.81140899658203,14.895635604858398,22.19721794128418,10.337870597839355,12.27553939819336,37.89997863769531,9.351090431213379,19.94839859008789,27.650663375854492,9.9544677734375,103.25797271728516,22.947128295898438,13.224074363708496,56.2684211730957,108.4276351928711,52.084861755371094,15.45401668548584,50.789241790771484,51.315528869628906,67.16741180419922,64.05213165283203,26.09745216369629,28.209999084472656,49.94938659667969,22.9637393951416,32.02642822265625,29.692848205566406,8.002130508422852,30.575050354003906,34.778343200683594,33.35608673095703,26.912860870361328,66.9692153930664,24.923723220825195
2023-03-27,35.310340881347656,21.661821365356445,21.089603424072266,15.877747535705566,30.744529724121094,37.529998779296875,156.41897583007812,26.219709396362305,11.59732723236084,79.04800415039062,23.341230392456055,20.24277114868164,39.99658966064453,44.172481536865234,78.9488525390625,8.228574752807617,40.14850616455078,41.547698974609375,49.26636505126953,6.0162129402160645,26.448162078857422,92.49403381347656,15.625677108764648,86.8304443359375,17.959999084472656,50.86790084838867,29.525266647338867,29.73720359802246,15.340014457702637,22.876724243164062,10.391622543334961,12.171584129333496,38.1854133605957,9.64602279663086,20.284351348876953,27.529552459716797,10.483246803283691,105.95327758789062,23.324434280395508,13.16058349609375,55.72334671020508,109.18745422363281,52.593711853027344,15.78245735168457,52.31502151489258,51.07215118408203,67.1858139038086,65.60760498046875,26.358051300048828,28.959999084472656,50.198883056640625,23.15435028076172,32.122596740722656,29.667316436767578,8.036474227905273,31.500164031982422,35.03949737548828,34.49772644042969,27.06698989868164,67.67761993408203,25.876562118530273
2023-03-28,35.358184814453125,21.67076301574707,21.014047622680664,15.798928260803223,30.858718872070312,37.63999938964844,152.66961669921875,25.879196166992188,11.606465339660645,79.50850677490234,22.580955505371094,20.41872215270996,40.244041442871094,44.09544372558594,78.9303207397461,8.228574752807617,40.543006896972656,41.023033142089844,48.80201721191406,5.751034259796143,26.66509246826172,92.81813049316406,15.411988258361816,86.23420715332031,18.360000610351562,51.44282913208008,29.421035766601562,29.607345581054688,15.31335163116455,22.946414947509766,10.346829414367676,12.032974243164062,38.02485656738281,9.64602279663086,20.011953353881836,27.44570541381836,10.382526397705078,107.16619110107422,23.367307662963867,13.115232467651367,55.53569030761719,110.79444122314453,52.603309631347656,15.82567310333252,51.35187530517578,51.54019546508789,67.23184967041016,65.81324005126953,26.20914077758789,28.34000015258789,49.600093841552734,22.972820281982422,32.122596740722656,30.254375457763672,7.993545055389404,31.296642303466797,35.36368942260742,34.2307243347168,26.912860870361328,67.9515380859375,26.423559188842773
2023-03-29,35.262489318847656,22.30577278137207,20.541824340820312,16.01786994934082,30.797231674194336,38.06999969482422,156.8696746826172,26.385366439819336,11.59732723236084,78.79425811767578,22.659603118896484,20.286760330200195,41.298030853271484,45.139827728271484,78.73575592041016,8.228574752807617,41.1974983215332,40.57755661010742,48.98411560058594,5.643305778503418,27.01218032836914,93.79942321777344,15.216116905212402,89.07335662841797,19.1200008392334,51.98125076293945,28.994647979736328,29.931991577148438,15.597756385803223,23.54751968383789,10.454327583312988,12.102278709411621,38.14080810546875,9.836860656738281,20.12999153137207,27.594770431518555,10.634325981140137,109.96932983398438,23.641712188720703,13.14244270324707,55.732276916503906,112.59355163574219,53.59219741821289,16.128183364868164,52.648780822753906,51.493377685546875,66.36637115478516,67.44915771484375,26.665189743041992,28.25,50.178924560546875,22.872974395751953,31.96522331237793,30.81589698791504,8.285467147827148,33.368900299072266,35.79594421386719,34.95806121826172,26.75872802734375,68.57494354248047,27.385217666625977
2023-03-30,34.69560623168945,22.484647750854492,20.116817474365234,15.702594757080078,30.69182014465332,36.7599983215332,155.7381591796875,26.044849395751953,11.332295417785645,76.95282745361328,22.327531814575195,19.582965850830078,41.151397705078125,43.504764556884766,77.82763671875,8.076489448547363,41.305084228515625,39.86480712890625,47.144935607910156,5.568724632263184,26.699804306030273,93.3673095703125,14.868878364562988,89.13013458251953,18.280000686645508,50.33858871459961,28.539827346801758,29.653724670410156,15.473326683044434,23.212385177612305,10.30203914642334,11.989657402038574,37.56103515625,9.663371086120605,19.612443923950195,27.24074935913086,10.39091968536377,107.44469451904297,23.10148048400879,12.897554397583008,54.30255889892578,110.94290161132812,52.73771667480469,15.842958450317383,50.03589630126953,50.52922439575195,65.51929473876953,67.0468978881836,26.572118759155273,27.579999923706055,48.61207962036133,22.319307327270508,30.62751007080078,30.565847396850586,7.984959125518799,33.220882415771484,35.129547119140625,34.41486358642578,26.039453506469727,68.11212158203125,26.732345581054688
2023-03-31,35.14719772338867,22.797679901123047,20.551267623901367,15.746380805969238,30.7884464263916,36.91999816894531,158.17381286621094,26.320947647094727,11.451102256774902,78.47319030761719,23.114023208618164,19.864484786987305,41.64630889892578,44.583396911621094,78.21681213378906,8.164539337158203,42.04027557373047,41.072532653808594,47.08120346069336,5.577011585235596,26.35271453857422,94.8347396850586,15.029139518737793,91.00399017333984,18.520000457763672,50.64887619018555,29.449462890625,29.588796615600586,15.802170753479004,23.49460220336914,10.391622543334961,12.103511810302734,37.471832275390625,9.71541690826416,19.712322235107422,27.641345977783203,10.508429527282715,107.42672729492188,23.152929306030273,13.07895278930664,54.97273635864258,111.00404357910156,52.95854187011719,16.04175567626953,49.95006561279297,51.40431594848633,65.61135864257812,68.2369155883789,27.06540298461914,27.850000381469727,48.86157989501953,22.419145584106445,30.77614402770996,31.083179473876953,7.933443069458008,32.87858581542969,35.49876022338867,34.41486358642578,26.28777503967285,68.90555572509766,26.405916213989258
2023-04-03,34.58030319213867,22.681407928466797,20.834604263305664,15.676321983337402,30.58641242980957,36.459999084472656,157.05186462402344,26.311742782592773,11.469381332397461,77.6799545288086,22.353750228881836,19.626955032348633,41.38052749633789,43.641727447509766,77.44771575927734,8.140525817871094,41.87888717651367,41.161624908447266,48.5835075378418,5.510717391967773,26.205198287963867,94.4476318359375,15.14488697052002,91.15538024902344,18.329999923706055,49.809288024902344,28.918842315673828,28.985891342163086,15.891048431396484,23.28293800354004,10.221414566040039,11.972142219543457,36.97233581542969,9.689393997192383,19.51256561279297,27.538869857788086,10.382526397705078,106.68101501464844,23.324434280395508,12.942902565002441,54.409786224365234,109.16997528076172,51.854434967041016,16.059038162231445,49.17764663696289,50.54804611206055,64.55253601074219,68.029541015625,27.34461784362793,27.850000381469727,49.16097640991211,22.219459533691406,30.513845443725586,30.729671478271484,7.8132405281066895,32.22175979614258,34.7423210144043,34.727901458740234,26.296337127685547,67.97044372558594,25.691287994384766
2023-04-04,33.32160568237305,23.12860107421875,19.842926025390625,15.5887451171875,30.243825912475586,36.97999954223633,155.88197326660156,25.75035285949707,11.240906715393066,77.32110595703125,22.06536865234375,19.002342224121094,40.94975662231445,42.734310150146484,76.43767547607422,8.068485260009766,41.323020935058594,40.78545379638672,48.2557373046875,5.510717391967773,25.311447143554688,92.68309020996094,14.931203842163086,91.44876861572266,17.350000381469727,48.595542907714844,28.45454978942871,28.086170196533203,15.402228355407715,22.586212158203125,10.113913536071777,11.709403991699219,34.95646286010742,9.524579048156738,19.1584529876709,26.905363082885742,9.845355033874512,105.27944946289062,22.552669525146484,12.45312213897705,53.84683609008789,107.27478790283203,50.51031494140625,15.82567310333252,47.680477142333984,49.428314208984375,64.23947143554688,67.27227783203125,26.92579460144043,27.040000915527344,48.182945251464844,21.82917022705078,29.569578170776367,30.22957992553711,7.418286323547363,31.009857177734375,33.82379913330078,33.89007568359375,25.782569885253906,66.51580047607422,24.447303771972656
2023-04-05,32.27430725097656,22.85133934020996,19.58792495727539,15.238434791564941,29.78704833984375,36.56999969482422,155.03500366210938,25.43744468688965,11.13123893737793,77.27389526367188,22.12653923034668,18.368928909301758,41.13306427001953,42.54597473144531,74.88093566894531,8.036468505859375,41.0361213684082,40.78545379638672,48.62902069091797,5.4775710105896,24.834199905395508,91.4497299194336,15.225021362304688,89.75474548339844,16.84000015258789,46.596961975097656,28.13239097595215,27.826452255249023,15.668855667114258,22.727323532104492,10.095998764038086,11.76195240020752,35.37569808959961,9.576626777648926,18.849735260009766,26.3277587890625,9.702669143676758,105.48609924316406,22.381166458129883,12.489400863647461,53.67705535888672,106.05209350585938,50.3278923034668,15.808391571044922,46.60289764404297,48.2238883972168,63.917213439941406,68.14674377441406,26.52558708190918,26.799999237060547,47.64403533935547,21.60225486755371,29.517112731933594,30.27269172668457,7.134947776794434,27.17062759399414,33.19342041015625,33.96372985839844,25.696945190429688,66.24188995361328,25.258981704711914
2023-04-06,33.05258560180664,23.307472229003906,19.408479690551758,15.413590431213379,29.172161102294922,37.09000015258789,152.86947631835938,25.62150764465332,11.259183883666992,77.8877182006836,21.846899032592773,18.905569076538086,41.105567932128906,43.119537353515625,76.20603942871094,8.036468505859375,41.11681365966797,41.607093811035156,50.022071838378906,5.577011585235596,25.224674224853516,92.90815734863281,15.055852890014648,89.83993530273438,17.450000762939453,48.385650634765625,27.97130584716797,28.021236419677734,15.739958763122559,23.000722885131836,10.140789031982422,11.814498901367188,35.89303970336914,9.706743240356445,19.19477081298828,26.383651733398438,9.996434211730957,105.62983703613281,22.209659576416016,12.60731315612793,54.15065383911133,106.44511413574219,51.11516571044922,15.868892669677734,47.060630798339844,48.69437026977539,64.06453704833984,68.66063690185547,26.637269973754883,27.350000381469727,48.123069763183594,21.87455177307129,30.0592041015625,30.824504852294922,7.255151748657227,28.475040435791016,33.42755126953125,34.893611907958984,25.851070404052734,67.11088562011719,25.92949676513672
2023-04-10,33.39848327636719,23.522125244140625,19.880704879760742,15.299738883972168,29.901241302490234,37.220001220703125,155.09275817871094,25.713539123535156,11.332295417785645,78.78479766845703,21.925548553466797,19.01993751525879,41.45383834838867,43.641727447509766,76.6971435546875,8.100503921508789,41.70854949951172,41.577392578125,50.07670211791992,5.58529806137085,25.415576934814453,93.34930419921875,14.673001289367676,90.1143798828125,17.299999237060547,48.69593048095703,28.378747940063477,28.614870071411133,15.8199462890625,23.185928344726562,10.257246017456055,11.87580394744873,36.15385055541992,9.802163124084473,19.385446548461914,26.35570526123047,10.17269515991211,105.52204895019531,22.081037521362305,12.55289363861084,54.731483459472656,106.72457885742188,51.72002029418945,15.912104606628418,49.320682525634766,49.146018981933594,63.87118148803711,69.71541595458984,26.80480194091797,27.75,49.06117630004883,22.056079864501953,30.21657371520996,30.70380401611328,7.306665897369385,28.36402702331543,33.625675201416016,35.565704345703125,26.013761520385742,67.11088562011719,26.35297966003418
2023-04-11,32.95649337768555,24.318124771118164,18.70014190673828,15.317253112792969,30.13842010498047,37.470001220703125,155.75686645507812,26.422178268432617,11.204349517822266,78.78479766845703,21.838159561157227,18.975393295288086,41.9212646484375,44.3008918762207,76.45623779296875,8.22057056427002,42.31821060180664,40.983436584472656,49.758033752441406,5.593584060668945,25.519702911376953,94.33959197998047,14.610676765441895,93.15225219726562,17.670000076293945,48.70505905151367,28.435598373413086,28.410808563232422,15.704408645629883,23.39759063720703,10.23932933807373,11.840774536132812,36.1358642578125,9.888907432556152,19.34912872314453,26.42091941833496,10.281807899475098,106.18688201904297,21.952411651611328,12.45312213897705,55.02635955810547,106.8206558227539,51.470401763916016,15.98989486694336,49.3111457824707,49.49416732788086,63.18063735961914,70.84233856201172,27.782062530517578,27.860000610351562,49.37055587768555,21.820093154907227,30.2428035736084,30.634828567504883,7.349596977233887,29.45566177368164,33.733734130859375,36.24700927734375,25.73975944519043,67.42257690429688,26.564722061157227
2023-04-12,32.187828063964844,23.584732055664062,18.445138931274414,15.290984153747559,30.041791915893555,36.68000030517578,153.31219482421875,26.210508346557617,11.076408386230469,77.4061050415039,21.995458602905273,18.761581420898438,42.00374221801758,43.34210968017578,75.61299133300781,8.13252067565918,42.067169189453125,40.46866226196289,50.16774368286133,5.593584060668945,25.493669509887695,93.4663314819336,14.343571662902832,90.55918884277344,17.489999771118164,48.586421966552734,28.492448806762695,27.835729598999023,15.873276710510254,23.274120330810547,10.185579299926758,11.744434356689453,35.07463073730469,9.819510459899902,19.022253036499023,26.15074348449707,10.113941192626953,104.5247573852539,21.549373626708984,12.289861679077148,54.24000930786133,104.54118347167969,50.14548110961914,15.842958450317383,49.51140594482422,48.327392578125,62.99647521972656,70.50875091552734,27.484228134155273,27.670000076293945,49.26077651977539,21.656713485717773,30.06793975830078,30.522743225097656,7.289494514465332,29.20587730407715,33.34650802612305,36.08127975463867,25.354429244995117,67.00698852539062,26.723529815673828
2023-04-13,32.89885330200195,23.718889236450195,18.634031295776367,15.912779808044434,29.795835494995117,37.290000915527344,156.209228515625,26.28413200378418,11.167795181274414,77.93490600585938,22.04789161682129,19.002117156982422,42.34286117553711,43.290740966796875,76.391357421875,8.100503921508789,42.40787124633789,41.6763916015625,50.55925369262695,5.65159273147583,25.64118194580078,94.483642578125,14.254534721374512,90.73899841308594,18.1299991607666,49.26173782348633,29.06096839904785,28.160371780395508,16.37097930908203,23.4328670501709,10.319955825805664,11.87580394744873,35.43437194824219,9.82818603515625,19.258325576782227,26.439550399780273,10.315380096435547,104.71344757080078,22.329715728759766,12.5438232421875,54.731483459472656,106.03462982177734,51.7296257019043,15.894819259643555,49.101356506347656,48.986061096191406,63.13460159301758,71.04969024658203,27.70760154724121,27.75,50.06914520263672,21.76563262939453,30.23406219482422,30.5054931640625,7.358182430267334,29.742448806762695,34.463157653808594,36.513999938964844,25.422931671142578,68.83942413330078,27.482263565063477
2023-04-14,32.12057113647461,24.00508689880371,18.322362899780273,15.781414031982422,28.891071319580078,36.70000076293945,157.09471130371094,27.167633056640625,10.820514678955078,77.0094985961914,21.925548553466797,18.289430618286133,42.489501953125,42.366207122802734,74.79755401611328,8.004449844360352,44.43412399291992,41.06262969970703,50.012969970703125,5.494144439697266,25.25070571899414,94.6906967163086,13.960719108581543,91.40145874023438,17.510000228881836,47.9019775390625,28.5208740234375,27.038034439086914,16.308765411376953,23.318218231201172,10.078079223632812,11.586790084838867,33.87849426269531,9.897581100463867,18.83157730102539,27.51091957092285,10.147515296936035,104.7493667602539,21.883808135986328,12.226371765136719,53.35536575317383,106.41890716552734,50.769527435302734,15.998536109924316,48.414756774902344,47.51816940307617,62.25068283081055,72.1495590209961,27.735523223876953,27.0,48.781742095947266,21.257347106933594,29.630781173706055,30.1519775390625,7.255151748657227,29.289140701293945,33.553627014160156,36.49558639526367,24.80640983581543,68.2443618774414,26.423559188842773
